setting,seed,epoch,step,task,acc,acc_norm,gpu
diversity_oriented,42,ep3,14305,rw_arc:easy,0.5904882155,0.5151515152,NVIDIA H100 80GB HBM3
diversity_oriented,42,ep3,14305,rw_commonsense_qa,0.3505323505,0.3144963145,NVIDIA H100 80GB HBM3
diversity_oriented,42,ep3,14305,rw_hellaswag,0.4020115515,0.4982075284,NVIDIA H100 80GB HBM3
diversity_oriented,42,ep3,14305,rw_mmlu:_average,0.2925328746,0.3096555891,NVIDIA H100 80GB HBM3
diversity_oriented,42,ep3,14305,rw_mmlu:abstract_algebra,0.1500000000,0.1900000000,NVIDIA H100 80GB HBM3
diversity_oriented,42,ep3,14305,rw_mmlu:anatomy,0.3333333333,0.3481481481,NVIDIA H100 80GB HBM3
diversity_oriented,42,ep3,14305,rw_mmlu:astronomy,0.2828947368,0.3947368421,NVIDIA H100 80GB HBM3
diversity_oriented,42,ep3,14305,rw_mmlu:business_ethics,0.5100000000,0.4000000000,NVIDIA H100 80GB HBM3
diversity_oriented,42,ep3,14305,rw_mmlu:clinical_knowledge,0.2943396226,0.3811320755,NVIDIA H100 80GB HBM3
diversity_oriented,42,ep3,14305,rw_mmlu:college_biology,0.3402777778,0.3680555556,NVIDIA H100 80GB HBM3
diversity_oriented,42,ep3,14305,rw_mmlu:college_chemistry,0.2700000000,0.2500000000,NVIDIA H100 80GB HBM3
diversity_oriented,42,ep3,14305,rw_mmlu:college_computer_science,0.2800000000,0.2400000000,NVIDIA H100 80GB HBM3
diversity_oriented,42,ep3,14305,rw_mmlu:college_mathematics,0.1500000000,0.2200000000,NVIDIA H100 80GB HBM3
diversity_oriented,42,ep3,14305,rw_mmlu:college_medicine,0.3294797688,0.2716763006,NVIDIA H100 80GB HBM3
diversity_oriented,42,ep3,14305,rw_mmlu:college_physics,0.1960784314,0.2549019608,NVIDIA H100 80GB HBM3
diversity_oriented,42,ep3,14305,rw_mmlu:computer_security,0.3200000000,0.3800000000,NVIDIA H100 80GB HBM3
diversity_oriented,42,ep3,14305,rw_mmlu:conceptual_physics,0.3744680851,0.2808510638,NVIDIA H100 80GB HBM3
diversity_oriented,42,ep3,14305,rw_mmlu:econometrics,0.2280701754,0.2456140351,NVIDIA H100 80GB HBM3
diversity_oriented,42,ep3,14305,rw_mmlu:electrical_engineering,0.2482758621,0.3172413793,NVIDIA H100 80GB HBM3
diversity_oriented,42,ep3,14305,rw_mmlu:elementary_mathematics,0.2645502646,0.2619047619,NVIDIA H100 80GB HBM3
diversity_oriented,42,ep3,14305,rw_mmlu:formal_logic,0.3095238095,0.3730158730,NVIDIA H100 80GB HBM3
diversity_oriented,42,ep3,14305,rw_mmlu:global_facts,0.2600000000,0.2500000000,NVIDIA H100 80GB HBM3
diversity_oriented,42,ep3,14305,rw_mmlu:high_school_biology,0.3096774194,0.3612903226,NVIDIA H100 80GB HBM3
diversity_oriented,42,ep3,14305,rw_mmlu:high_school_chemistry,0.1674876847,0.2118226601,NVIDIA H100 80GB HBM3
diversity_oriented,42,ep3,14305,rw_mmlu:high_school_computer_science,0.2500000000,0.2700000000,NVIDIA H100 80GB HBM3
diversity_oriented,42,ep3,14305,rw_mmlu:high_school_european_history,0.2727272727,0.3818181818,NVIDIA H100 80GB HBM3
diversity_oriented,42,ep3,14305,rw_mmlu:high_school_geography,0.3434343434,0.4090909091,NVIDIA H100 80GB HBM3
diversity_oriented,42,ep3,14305,rw_mmlu:high_school_government_and_politics,0.3782383420,0.4041450777,NVIDIA H100 80GB HBM3
diversity_oriented,42,ep3,14305,rw_mmlu:high_school_macroeconomics,0.2641025641,0.3256410256,NVIDIA H100 80GB HBM3
diversity_oriented,42,ep3,14305,rw_mmlu:high_school_mathematics,0.1481481481,0.1296296296,NVIDIA H100 80GB HBM3
diversity_oriented,42,ep3,14305,rw_mmlu:high_school_microeconomics,0.2899159664,0.3277310924,NVIDIA H100 80GB HBM3
diversity_oriented,42,ep3,14305,rw_mmlu:high_school_physics,0.2317880795,0.2251655629,NVIDIA H100 80GB HBM3
diversity_oriented,42,ep3,14305,rw_mmlu:high_school_psychology,0.4275229358,0.3651376147,NVIDIA H100 80GB HBM3
diversity_oriented,42,ep3,14305,rw_mmlu:high_school_statistics,0.2592592593,0.2685185185,NVIDIA H100 80GB HBM3
diversity_oriented,42,ep3,14305,rw_mmlu:high_school_us_history,0.2647058824,0.3480392157,NVIDIA H100 80GB HBM3
diversity_oriented,42,ep3,14305,rw_mmlu:high_school_world_history,0.2953586498,0.2953586498,NVIDIA H100 80GB HBM3
diversity_oriented,42,ep3,14305,rw_mmlu:human_aging,0.3811659193,0.3811659193,NVIDIA H100 80GB HBM3
diversity_oriented,42,ep3,14305,rw_mmlu:human_sexuality,0.3358778626,0.3816793893,NVIDIA H100 80GB HBM3
diversity_oriented,42,ep3,14305,rw_mmlu:international_law,0.1818181818,0.2644628099,NVIDIA H100 80GB HBM3
diversity_oriented,42,ep3,14305,rw_mmlu:jurisprudence,0.2129629630,0.2962962963,NVIDIA H100 80GB HBM3
diversity_oriented,42,ep3,14305,rw_mmlu:logical_fallacies,0.3067484663,0.3190184049,NVIDIA H100 80GB HBM3
diversity_oriented,42,ep3,14305,rw_mmlu:machine_learning,0.3035714286,0.2946428571,NVIDIA H100 80GB HBM3
diversity_oriented,42,ep3,14305,rw_mmlu:management,0.3203883495,0.4077669903,NVIDIA H100 80GB HBM3
diversity_oriented,42,ep3,14305,rw_mmlu:marketing,0.4102564103,0.4059829060,NVIDIA H100 80GB HBM3
diversity_oriented,42,ep3,14305,rw_mmlu:medical_genetics,0.2900000000,0.3500000000,NVIDIA H100 80GB HBM3
diversity_oriented,42,ep3,14305,rw_mmlu:miscellaneous,0.4431673052,0.4252873563,NVIDIA H100 80GB HBM3
diversity_oriented,42,ep3,14305,rw_mmlu:moral_disputes,0.2658959538,0.2658959538,NVIDIA H100 80GB HBM3
diversity_oriented,42,ep3,14305,rw_mmlu:moral_scenarios,0.2379888268,0.2379888268,NVIDIA H100 80GB HBM3
diversity_oriented,42,ep3,14305,rw_mmlu:nutrition,0.2679738562,0.3398692810,NVIDIA H100 80GB HBM3
diversity_oriented,42,ep3,14305,rw_mmlu:philosophy,0.2861736334,0.2443729904,NVIDIA H100 80GB HBM3
diversity_oriented,42,ep3,14305,rw_mmlu:prehistory,0.3549382716,0.2932098765,NVIDIA H100 80GB HBM3
diversity_oriented,42,ep3,14305,rw_mmlu:professional_accounting,0.2340425532,0.2446808511,NVIDIA H100 80GB HBM3
diversity_oriented,42,ep3,14305,rw_mmlu:professional_law,0.2353324641,0.2627118644,NVIDIA H100 80GB HBM3
diversity_oriented,42,ep3,14305,rw_mmlu:professional_medicine,0.2720588235,0.2867647059,NVIDIA H100 80GB HBM3
diversity_oriented,42,ep3,14305,rw_mmlu:professional_psychology,0.3039215686,0.2875816993,NVIDIA H100 80GB HBM3
diversity_oriented,42,ep3,14305,rw_mmlu:public_relations,0.4363636364,0.2909090909,NVIDIA H100 80GB HBM3
diversity_oriented,42,ep3,14305,rw_mmlu:security_studies,0.3061224490,0.2612244898,NVIDIA H100 80GB HBM3
diversity_oriented,42,ep3,14305,rw_mmlu:sociology,0.2636815920,0.2935323383,NVIDIA H100 80GB HBM3
diversity_oriented,42,ep3,14305,rw_mmlu:us_foreign_policy,0.3000000000,0.2600000000,NVIDIA H100 80GB HBM3
diversity_oriented,42,ep3,14305,rw_mmlu:virology,0.2650602410,0.3192771084,NVIDIA H100 80GB HBM3
diversity_oriented,42,ep3,14305,rw_mmlu:world_religions,0.4152046784,0.4853801170,NVIDIA H100 80GB HBM3
diversity_oriented,42,ep3,14305,rw_openbookqa,0.1940000000,0.3520000000,NVIDIA H100 80GB HBM3
diversity_oriented,42,ep3,14305,rw_piqa,0.7219804135,0.7203482046,NVIDIA H100 80GB HBM3
diversity_oriented,42,ep3,14305,rw_siqa,0.3899692938,0.3909928352,NVIDIA H100 80GB HBM3
diversity_oriented,42,ep1,4768,rw_arc:easy,0.5437710438,0.4591750842,NVIDIA H100 80GB HBM3
diversity_oriented,42,ep1,4768,rw_commonsense_qa,0.3366093366,0.2997542998,NVIDIA H100 80GB HBM3
diversity_oriented,42,ep1,4768,rw_hellaswag,0.3473411671,0.4082852022,NVIDIA H100 80GB HBM3
diversity_oriented,42,ep1,4768,rw_mmlu:_average,0.2693438290,0.2848014798,NVIDIA H100 80GB HBM3
diversity_oriented,42,ep1,4768,rw_mmlu:abstract_algebra,0.2300000000,0.2600000000,NVIDIA H100 80GB HBM3
diversity_oriented,42,ep1,4768,rw_mmlu:anatomy,0.2740740741,0.3037037037,NVIDIA H100 80GB HBM3
diversity_oriented,42,ep1,4768,rw_mmlu:astronomy,0.2565789474,0.3355263158,NVIDIA H100 80GB HBM3
diversity_oriented,42,ep1,4768,rw_mmlu:business_ethics,0.4800000000,0.4100000000,NVIDIA H100 80GB HBM3
diversity_oriented,42,ep1,4768,rw_mmlu:clinical_knowledge,0.2339622642,0.3547169811,NVIDIA H100 80GB HBM3
diversity_oriented,42,ep1,4768,rw_mmlu:college_biology,0.3055555556,0.2986111111,NVIDIA H100 80GB HBM3
diversity_oriented,42,ep1,4768,rw_mmlu:college_chemistry,0.2600000000,0.2500000000,NVIDIA H100 80GB HBM3
diversity_oriented,42,ep1,4768,rw_mmlu:college_computer_science,0.2800000000,0.2600000000,NVIDIA H100 80GB HBM3
diversity_oriented,42,ep1,4768,rw_mmlu:college_mathematics,0.1500000000,0.2200000000,NVIDIA H100 80GB HBM3
diversity_oriented,42,ep1,4768,rw_mmlu:college_medicine,0.2485549133,0.2369942197,NVIDIA H100 80GB HBM3
diversity_oriented,42,ep1,4768,rw_mmlu:college_physics,0.1764705882,0.2352941176,NVIDIA H100 80GB HBM3
diversity_oriented,42,ep1,4768,rw_mmlu:computer_security,0.2700000000,0.3200000000,NVIDIA H100 80GB HBM3
diversity_oriented,42,ep1,4768,rw_mmlu:conceptual_physics,0.3617021277,0.2638297872,NVIDIA H100 80GB HBM3
diversity_oriented,42,ep1,4768,rw_mmlu:econometrics,0.2368421053,0.2280701754,NVIDIA H100 80GB HBM3
diversity_oriented,42,ep1,4768,rw_mmlu:electrical_engineering,0.2344827586,0.3103448276,NVIDIA H100 80GB HBM3
diversity_oriented,42,ep1,4768,rw_mmlu:elementary_mathematics,0.2328042328,0.2460317460,NVIDIA H100 80GB HBM3
diversity_oriented,42,ep1,4768,rw_mmlu:formal_logic,0.2936507937,0.2857142857,NVIDIA H100 80GB HBM3
diversity_oriented,42,ep1,4768,rw_mmlu:global_facts,0.2600000000,0.2300000000,NVIDIA H100 80GB HBM3
diversity_oriented,42,ep1,4768,rw_mmlu:high_school_biology,0.2838709677,0.3161290323,NVIDIA H100 80GB HBM3
diversity_oriented,42,ep1,4768,rw_mmlu:high_school_chemistry,0.1527093596,0.1871921182,NVIDIA H100 80GB HBM3
diversity_oriented,42,ep1,4768,rw_mmlu:high_school_computer_science,0.1900000000,0.2100000000,NVIDIA H100 80GB HBM3
diversity_oriented,42,ep1,4768,rw_mmlu:high_school_european_history,0.2484848485,0.3818181818,NVIDIA H100 80GB HBM3
diversity_oriented,42,ep1,4768,rw_mmlu:high_school_geography,0.3333333333,0.3787878788,NVIDIA H100 80GB HBM3
diversity_oriented,42,ep1,4768,rw_mmlu:high_school_government_and_politics,0.2953367876,0.3678756477,NVIDIA H100 80GB HBM3
diversity_oriented,42,ep1,4768,rw_mmlu:high_school_macroeconomics,0.2666666667,0.3000000000,NVIDIA H100 80GB HBM3
diversity_oriented,42,ep1,4768,rw_mmlu:high_school_mathematics,0.1444444444,0.1518518519,NVIDIA H100 80GB HBM3
diversity_oriented,42,ep1,4768,rw_mmlu:high_school_microeconomics,0.2815126050,0.3319327731,NVIDIA H100 80GB HBM3
diversity_oriented,42,ep1,4768,rw_mmlu:high_school_physics,0.2582781457,0.2781456954,NVIDIA H100 80GB HBM3
diversity_oriented,42,ep1,4768,rw_mmlu:high_school_psychology,0.3798165138,0.3321100917,NVIDIA H100 80GB HBM3
diversity_oriented,42,ep1,4768,rw_mmlu:high_school_statistics,0.2685185185,0.2638888889,NVIDIA H100 80GB HBM3
diversity_oriented,42,ep1,4768,rw_mmlu:high_school_us_history,0.2598039216,0.3333333333,NVIDIA H100 80GB HBM3
diversity_oriented,42,ep1,4768,rw_mmlu:high_school_world_history,0.2658227848,0.2742616034,NVIDIA H100 80GB HBM3
diversity_oriented,42,ep1,4768,rw_mmlu:human_aging,0.3542600897,0.3228699552,NVIDIA H100 80GB HBM3
diversity_oriented,42,ep1,4768,rw_mmlu:human_sexuality,0.3282442748,0.3206106870,NVIDIA H100 80GB HBM3
diversity_oriented,42,ep1,4768,rw_mmlu:international_law,0.1487603306,0.2148760331,NVIDIA H100 80GB HBM3
diversity_oriented,42,ep1,4768,rw_mmlu:jurisprudence,0.2037037037,0.2500000000,NVIDIA H100 80GB HBM3
diversity_oriented,42,ep1,4768,rw_mmlu:logical_fallacies,0.2576687117,0.3006134969,NVIDIA H100 80GB HBM3
diversity_oriented,42,ep1,4768,rw_mmlu:machine_learning,0.1964285714,0.1964285714,NVIDIA H100 80GB HBM3
diversity_oriented,42,ep1,4768,rw_mmlu:management,0.2524271845,0.3495145631,NVIDIA H100 80GB HBM3
diversity_oriented,42,ep1,4768,rw_mmlu:marketing,0.4145299145,0.4273504274,NVIDIA H100 80GB HBM3
diversity_oriented,42,ep1,4768,rw_mmlu:medical_genetics,0.2500000000,0.3000000000,NVIDIA H100 80GB HBM3
diversity_oriented,42,ep1,4768,rw_mmlu:miscellaneous,0.4010217114,0.3575989783,NVIDIA H100 80GB HBM3
diversity_oriented,42,ep1,4768,rw_mmlu:moral_disputes,0.2485549133,0.2601156069,NVIDIA H100 80GB HBM3
diversity_oriented,42,ep1,4768,rw_mmlu:moral_scenarios,0.2379888268,0.2379888268,NVIDIA H100 80GB HBM3
diversity_oriented,42,ep1,4768,rw_mmlu:nutrition,0.2385620915,0.2810457516,NVIDIA H100 80GB HBM3
diversity_oriented,42,ep1,4768,rw_mmlu:philosophy,0.2475884244,0.2154340836,NVIDIA H100 80GB HBM3
diversity_oriented,42,ep1,4768,rw_mmlu:prehistory,0.3395061728,0.2561728395,NVIDIA H100 80GB HBM3
diversity_oriented,42,ep1,4768,rw_mmlu:professional_accounting,0.2588652482,0.2482269504,NVIDIA H100 80GB HBM3
diversity_oriented,42,ep1,4768,rw_mmlu:professional_law,0.2411994785,0.2542372881,NVIDIA H100 80GB HBM3
diversity_oriented,42,ep1,4768,rw_mmlu:professional_medicine,0.2610294118,0.2794117647,NVIDIA H100 80GB HBM3
diversity_oriented,42,ep1,4768,rw_mmlu:professional_psychology,0.2990196078,0.2777777778,NVIDIA H100 80GB HBM3
diversity_oriented,42,ep1,4768,rw_mmlu:public_relations,0.3727272727,0.2636363636,NVIDIA H100 80GB HBM3
diversity_oriented,42,ep1,4768,rw_mmlu:security_studies,0.3061224490,0.2530612245,NVIDIA H100 80GB HBM3
diversity_oriented,42,ep1,4768,rw_mmlu:sociology,0.2338308458,0.2537313433,NVIDIA H100 80GB HBM3
diversity_oriented,42,ep1,4768,rw_mmlu:us_foreign_policy,0.2900000000,0.2700000000,NVIDIA H100 80GB HBM3
diversity_oriented,42,ep1,4768,rw_mmlu:virology,0.2590361446,0.2891566265,NVIDIA H100 80GB HBM3
diversity_oriented,42,ep1,4768,rw_mmlu:world_religions,0.2982456140,0.3976608187,NVIDIA H100 80GB HBM3
diversity_oriented,42,ep1,4768,rw_openbookqa,0.1880000000,0.3280000000,NVIDIA H100 80GB HBM3
diversity_oriented,42,ep1,4768,rw_piqa,0.6926006529,0.6833514690,NVIDIA H100 80GB HBM3
diversity_oriented,42,ep1,4768,rw_siqa,0.3894575230,0.3909928352,NVIDIA H100 80GB HBM3
diversity_oriented,42,ep2,9537,rw_arc:easy,0.5753367003,0.5012626263,NVIDIA H100 80GB HBM3
diversity_oriented,42,ep2,9537,rw_commonsense_qa,0.3488943489,0.3087633088,NVIDIA H100 80GB HBM3
diversity_oriented,42,ep2,9537,rw_hellaswag,0.3820952002,0.4706233818,NVIDIA H100 80GB HBM3
diversity_oriented,42,ep2,9537,rw_mmlu:_average,0.2864083431,0.2989683582,NVIDIA H100 80GB HBM3
diversity_oriented,42,ep2,9537,rw_mmlu:abstract_algebra,0.1800000000,0.2000000000,NVIDIA H100 80GB HBM3
diversity_oriented,42,ep2,9537,rw_mmlu:anatomy,0.3185185185,0.3333333333,NVIDIA H100 80GB HBM3
diversity_oriented,42,ep2,9537,rw_mmlu:astronomy,0.2894736842,0.3618421053,NVIDIA H100 80GB HBM3
diversity_oriented,42,ep2,9537,rw_mmlu:business_ethics,0.4600000000,0.4000000000,NVIDIA H100 80GB HBM3
diversity_oriented,42,ep2,9537,rw_mmlu:clinical_knowledge,0.2830188679,0.3358490566,NVIDIA H100 80GB HBM3
diversity_oriented,42,ep2,9537,rw_mmlu:college_biology,0.3611111111,0.3472222222,NVIDIA H100 80GB HBM3
diversity_oriented,42,ep2,9537,rw_mmlu:college_chemistry,0.3000000000,0.2700000000,NVIDIA H100 80GB HBM3
diversity_oriented,42,ep2,9537,rw_mmlu:college_computer_science,0.3000000000,0.2500000000,NVIDIA H100 80GB HBM3
diversity_oriented,42,ep2,9537,rw_mmlu:college_mathematics,0.1700000000,0.2200000000,NVIDIA H100 80GB HBM3
diversity_oriented,42,ep2,9537,rw_mmlu:college_medicine,0.3063583815,0.2312138728,NVIDIA H100 80GB HBM3
diversity_oriented,42,ep2,9537,rw_mmlu:college_physics,0.1470588235,0.2549019608,NVIDIA H100 80GB HBM3
diversity_oriented,42,ep2,9537,rw_mmlu:computer_security,0.3000000000,0.3400000000,NVIDIA H100 80GB HBM3
diversity_oriented,42,ep2,9537,rw_mmlu:conceptual_physics,0.3957446809,0.2553191489,NVIDIA H100 80GB HBM3
diversity_oriented,42,ep2,9537,rw_mmlu:econometrics,0.2280701754,0.2192982456,NVIDIA H100 80GB HBM3
diversity_oriented,42,ep2,9537,rw_mmlu:electrical_engineering,0.2206896552,0.3172413793,NVIDIA H100 80GB HBM3
diversity_oriented,42,ep2,9537,rw_mmlu:elementary_mathematics,0.2592592593,0.2460317460,NVIDIA H100 80GB HBM3
diversity_oriented,42,ep2,9537,rw_mmlu:formal_logic,0.2777777778,0.2936507937,NVIDIA H100 80GB HBM3
diversity_oriented,42,ep2,9537,rw_mmlu:global_facts,0.2500000000,0.2300000000,NVIDIA H100 80GB HBM3
diversity_oriented,42,ep2,9537,rw_mmlu:high_school_biology,0.3032258065,0.3645161290,NVIDIA H100 80GB HBM3
diversity_oriented,42,ep2,9537,rw_mmlu:high_school_chemistry,0.1477832512,0.2118226601,NVIDIA H100 80GB HBM3
diversity_oriented,42,ep2,9537,rw_mmlu:high_school_computer_science,0.2300000000,0.2300000000,NVIDIA H100 80GB HBM3
diversity_oriented,42,ep2,9537,rw_mmlu:high_school_european_history,0.2666666667,0.3878787879,NVIDIA H100 80GB HBM3
diversity_oriented,42,ep2,9537,rw_mmlu:high_school_geography,0.3535353535,0.4040404040,NVIDIA H100 80GB HBM3
diversity_oriented,42,ep2,9537,rw_mmlu:high_school_government_and_politics,0.3626943005,0.4041450777,NVIDIA H100 80GB HBM3
diversity_oriented,42,ep2,9537,rw_mmlu:high_school_macroeconomics,0.2538461538,0.3205128205,NVIDIA H100 80GB HBM3
diversity_oriented,42,ep2,9537,rw_mmlu:high_school_mathematics,0.1444444444,0.1333333333,NVIDIA H100 80GB HBM3
diversity_oriented,42,ep2,9537,rw_mmlu:high_school_microeconomics,0.3067226891,0.3655462185,NVIDIA H100 80GB HBM3
diversity_oriented,42,ep2,9537,rw_mmlu:high_school_physics,0.2317880795,0.2384105960,NVIDIA H100 80GB HBM3
diversity_oriented,42,ep2,9537,rw_mmlu:high_school_psychology,0.3963302752,0.3541284404,NVIDIA H100 80GB HBM3
diversity_oriented,42,ep2,9537,rw_mmlu:high_school_statistics,0.2685185185,0.2592592593,NVIDIA H100 80GB HBM3
diversity_oriented,42,ep2,9537,rw_mmlu:high_school_us_history,0.2696078431,0.3333333333,NVIDIA H100 80GB HBM3
diversity_oriented,42,ep2,9537,rw_mmlu:high_school_world_history,0.3037974684,0.3080168776,NVIDIA H100 80GB HBM3
diversity_oriented,42,ep2,9537,rw_mmlu:human_aging,0.3811659193,0.3497757848,NVIDIA H100 80GB HBM3
diversity_oriented,42,ep2,9537,rw_mmlu:human_sexuality,0.3206106870,0.3740458015,NVIDIA H100 80GB HBM3
diversity_oriented,42,ep2,9537,rw_mmlu:international_law,0.1735537190,0.2809917355,NVIDIA H100 80GB HBM3
diversity_oriented,42,ep2,9537,rw_mmlu:jurisprudence,0.2222222222,0.2962962963,NVIDIA H100 80GB HBM3
diversity_oriented,42,ep2,9537,rw_mmlu:logical_fallacies,0.3067484663,0.3251533742,NVIDIA H100 80GB HBM3
diversity_oriented,42,ep2,9537,rw_mmlu:machine_learning,0.2142857143,0.2053571429,NVIDIA H100 80GB HBM3
diversity_oriented,42,ep2,9537,rw_mmlu:management,0.2912621359,0.4174757282,NVIDIA H100 80GB HBM3
diversity_oriented,42,ep2,9537,rw_mmlu:marketing,0.4230769231,0.4358974359,NVIDIA H100 80GB HBM3
diversity_oriented,42,ep2,9537,rw_mmlu:medical_genetics,0.2800000000,0.3100000000,NVIDIA H100 80GB HBM3
diversity_oriented,42,ep2,9537,rw_mmlu:miscellaneous,0.4291187739,0.4048531290,NVIDIA H100 80GB HBM3
diversity_oriented,42,ep2,9537,rw_mmlu:moral_disputes,0.2572254335,0.2630057803,NVIDIA H100 80GB HBM3
diversity_oriented,42,ep2,9537,rw_mmlu:moral_scenarios,0.2379888268,0.2379888268,NVIDIA H100 80GB HBM3
diversity_oriented,42,ep2,9537,rw_mmlu:nutrition,0.2483660131,0.3071895425,NVIDIA H100 80GB HBM3
diversity_oriented,42,ep2,9537,rw_mmlu:philosophy,0.2604501608,0.2218649518,NVIDIA H100 80GB HBM3
diversity_oriented,42,ep2,9537,rw_mmlu:prehistory,0.3456790123,0.2808641975,NVIDIA H100 80GB HBM3
diversity_oriented,42,ep2,9537,rw_mmlu:professional_accounting,0.2482269504,0.2517730496,NVIDIA H100 80GB HBM3
diversity_oriented,42,ep2,9537,rw_mmlu:professional_law,0.2470664928,0.2633637549,NVIDIA H100 80GB HBM3
diversity_oriented,42,ep2,9537,rw_mmlu:professional_medicine,0.2757352941,0.2904411765,NVIDIA H100 80GB HBM3
diversity_oriented,42,ep2,9537,rw_mmlu:professional_psychology,0.3022875817,0.2990196078,NVIDIA H100 80GB HBM3
diversity_oriented,42,ep2,9537,rw_mmlu:public_relations,0.4090909091,0.2727272727,NVIDIA H100 80GB HBM3
diversity_oriented,42,ep2,9537,rw_mmlu:security_studies,0.3183673469,0.2571428571,NVIDIA H100 80GB HBM3
diversity_oriented,42,ep2,9537,rw_mmlu:sociology,0.2736318408,0.2686567164,NVIDIA H100 80GB HBM3
diversity_oriented,42,ep2,9537,rw_mmlu:us_foreign_policy,0.3100000000,0.2500000000,NVIDIA H100 80GB HBM3
diversity_oriented,42,ep2,9537,rw_mmlu:virology,0.2771084337,0.2710843373,NVIDIA H100 80GB HBM3
diversity_oriented,42,ep2,9537,rw_mmlu:world_religions,0.3859649123,0.4853801170,NVIDIA H100 80GB HBM3
diversity_oriented,42,ep2,9537,rw_openbookqa,0.1880000000,0.3420000000,NVIDIA H100 80GB HBM3
diversity_oriented,42,ep2,9537,rw_piqa,0.7181719260,0.7100108814,NVIDIA H100 80GB HBM3
diversity_oriented,42,ep2,9537,rw_siqa,0.3925281474,0.4022517912,NVIDIA H100 80GB HBM3
diversity_oriented,43,ep3,14305,rw_arc:easy,0.6212121212,0.5307239057,NVIDIA H100 80GB HBM3
diversity_oriented,43,ep3,14305,rw_commonsense_qa,0.3538083538,0.2964782965,NVIDIA H100 80GB HBM3
diversity_oriented,43,ep3,14305,rw_hellaswag,0.3986257718,0.4968133838,NVIDIA H100 80GB HBM3
diversity_oriented,43,ep3,14305,rw_mmlu:_average,0.2980429069,0.3076347584,NVIDIA H100 80GB HBM3
diversity_oriented,43,ep3,14305,rw_mmlu:abstract_algebra,0.1600000000,0.1700000000,NVIDIA H100 80GB HBM3
diversity_oriented,43,ep3,14305,rw_mmlu:anatomy,0.3777777778,0.3407407407,NVIDIA H100 80GB HBM3
diversity_oriented,43,ep3,14305,rw_mmlu:astronomy,0.2828947368,0.3552631579,NVIDIA H100 80GB HBM3
diversity_oriented,43,ep3,14305,rw_mmlu:business_ethics,0.5000000000,0.3900000000,NVIDIA H100 80GB HBM3
diversity_oriented,43,ep3,14305,rw_mmlu:clinical_knowledge,0.2490566038,0.3811320755,NVIDIA H100 80GB HBM3
diversity_oriented,43,ep3,14305,rw_mmlu:college_biology,0.3472222222,0.3263888889,NVIDIA H100 80GB HBM3
diversity_oriented,43,ep3,14305,rw_mmlu:college_chemistry,0.2700000000,0.2500000000,NVIDIA H100 80GB HBM3
diversity_oriented,43,ep3,14305,rw_mmlu:college_computer_science,0.2800000000,0.2400000000,NVIDIA H100 80GB HBM3
diversity_oriented,43,ep3,14305,rw_mmlu:college_mathematics,0.1300000000,0.2000000000,NVIDIA H100 80GB HBM3
diversity_oriented,43,ep3,14305,rw_mmlu:college_medicine,0.2601156069,0.2485549133,NVIDIA H100 80GB HBM3
diversity_oriented,43,ep3,14305,rw_mmlu:college_physics,0.1666666667,0.1666666667,NVIDIA H100 80GB HBM3
diversity_oriented,43,ep3,14305,rw_mmlu:computer_security,0.3400000000,0.3900000000,NVIDIA H100 80GB HBM3
diversity_oriented,43,ep3,14305,rw_mmlu:conceptual_physics,0.4170212766,0.3531914894,NVIDIA H100 80GB HBM3
diversity_oriented,43,ep3,14305,rw_mmlu:econometrics,0.2192982456,0.2192982456,NVIDIA H100 80GB HBM3
diversity_oriented,43,ep3,14305,rw_mmlu:electrical_engineering,0.2551724138,0.2965517241,NVIDIA H100 80GB HBM3
diversity_oriented,43,ep3,14305,rw_mmlu:elementary_mathematics,0.2592592593,0.2645502646,NVIDIA H100 80GB HBM3
diversity_oriented,43,ep3,14305,rw_mmlu:formal_logic,0.3650793651,0.3492063492,NVIDIA H100 80GB HBM3
diversity_oriented,43,ep3,14305,rw_mmlu:global_facts,0.2300000000,0.2100000000,NVIDIA H100 80GB HBM3
diversity_oriented,43,ep3,14305,rw_mmlu:high_school_biology,0.3258064516,0.3612903226,NVIDIA H100 80GB HBM3
diversity_oriented,43,ep3,14305,rw_mmlu:high_school_chemistry,0.1822660099,0.2266009852,NVIDIA H100 80GB HBM3
diversity_oriented,43,ep3,14305,rw_mmlu:high_school_computer_science,0.2700000000,0.2700000000,NVIDIA H100 80GB HBM3
diversity_oriented,43,ep3,14305,rw_mmlu:high_school_european_history,0.3212121212,0.4000000000,NVIDIA H100 80GB HBM3
diversity_oriented,43,ep3,14305,rw_mmlu:high_school_geography,0.3282828283,0.3888888889,NVIDIA H100 80GB HBM3
diversity_oriented,43,ep3,14305,rw_mmlu:high_school_government_and_politics,0.3834196891,0.4248704663,NVIDIA H100 80GB HBM3
diversity_oriented,43,ep3,14305,rw_mmlu:high_school_macroeconomics,0.2769230769,0.3128205128,NVIDIA H100 80GB HBM3
diversity_oriented,43,ep3,14305,rw_mmlu:high_school_mathematics,0.1666666667,0.1481481481,NVIDIA H100 80GB HBM3
diversity_oriented,43,ep3,14305,rw_mmlu:high_school_microeconomics,0.3025210084,0.3739495798,NVIDIA H100 80GB HBM3
diversity_oriented,43,ep3,14305,rw_mmlu:high_school_physics,0.2582781457,0.2185430464,NVIDIA H100 80GB HBM3
diversity_oriented,43,ep3,14305,rw_mmlu:high_school_psychology,0.4183486239,0.3944954128,NVIDIA H100 80GB HBM3
diversity_oriented,43,ep3,14305,rw_mmlu:high_school_statistics,0.2685185185,0.2638888889,NVIDIA H100 80GB HBM3
diversity_oriented,43,ep3,14305,rw_mmlu:high_school_us_history,0.3480392157,0.3627450980,NVIDIA H100 80GB HBM3
diversity_oriented,43,ep3,14305,rw_mmlu:high_school_world_history,0.2869198312,0.3333333333,NVIDIA H100 80GB HBM3
diversity_oriented,43,ep3,14305,rw_mmlu:human_aging,0.3632286996,0.3721973094,NVIDIA H100 80GB HBM3
diversity_oriented,43,ep3,14305,rw_mmlu:human_sexuality,0.3435114504,0.3969465649,NVIDIA H100 80GB HBM3
diversity_oriented,43,ep3,14305,rw_mmlu:international_law,0.1735537190,0.2727272727,NVIDIA H100 80GB HBM3
diversity_oriented,43,ep3,14305,rw_mmlu:jurisprudence,0.2222222222,0.2314814815,NVIDIA H100 80GB HBM3
diversity_oriented,43,ep3,14305,rw_mmlu:logical_fallacies,0.2822085890,0.3251533742,NVIDIA H100 80GB HBM3
diversity_oriented,43,ep3,14305,rw_mmlu:machine_learning,0.2500000000,0.2500000000,NVIDIA H100 80GB HBM3
diversity_oriented,43,ep3,14305,rw_mmlu:management,0.3106796117,0.3689320388,NVIDIA H100 80GB HBM3
diversity_oriented,43,ep3,14305,rw_mmlu:marketing,0.4572649573,0.4145299145,NVIDIA H100 80GB HBM3
diversity_oriented,43,ep3,14305,rw_mmlu:medical_genetics,0.3500000000,0.3500000000,NVIDIA H100 80GB HBM3
diversity_oriented,43,ep3,14305,rw_mmlu:miscellaneous,0.4546615581,0.4227330779,NVIDIA H100 80GB HBM3
diversity_oriented,43,ep3,14305,rw_mmlu:moral_disputes,0.2774566474,0.2658959538,NVIDIA H100 80GB HBM3
diversity_oriented,43,ep3,14305,rw_mmlu:moral_scenarios,0.2379888268,0.2379888268,NVIDIA H100 80GB HBM3
diversity_oriented,43,ep3,14305,rw_mmlu:nutrition,0.2647058824,0.2973856209,NVIDIA H100 80GB HBM3
diversity_oriented,43,ep3,14305,rw_mmlu:philosophy,0.2893890675,0.2636655949,NVIDIA H100 80GB HBM3
diversity_oriented,43,ep3,14305,rw_mmlu:prehistory,0.3703703704,0.2932098765,NVIDIA H100 80GB HBM3
diversity_oriented,43,ep3,14305,rw_mmlu:professional_accounting,0.2304964539,0.2304964539,NVIDIA H100 80GB HBM3
diversity_oriented,43,ep3,14305,rw_mmlu:professional_law,0.2405475880,0.2477183833,NVIDIA H100 80GB HBM3
diversity_oriented,43,ep3,14305,rw_mmlu:professional_medicine,0.2720588235,0.2904411765,NVIDIA H100 80GB HBM3
diversity_oriented,43,ep3,14305,rw_mmlu:professional_psychology,0.2973856209,0.2924836601,NVIDIA H100 80GB HBM3
diversity_oriented,43,ep3,14305,rw_mmlu:public_relations,0.4363636364,0.3363636364,NVIDIA H100 80GB HBM3
diversity_oriented,43,ep3,14305,rw_mmlu:security_studies,0.3183673469,0.2653061224,NVIDIA H100 80GB HBM3
diversity_oriented,43,ep3,14305,rw_mmlu:sociology,0.2686567164,0.3383084577,NVIDIA H100 80GB HBM3
diversity_oriented,43,ep3,14305,rw_mmlu:us_foreign_policy,0.3200000000,0.3000000000,NVIDIA H100 80GB HBM3
diversity_oriented,43,ep3,14305,rw_mmlu:virology,0.3012048193,0.3313253012,NVIDIA H100 80GB HBM3
diversity_oriented,43,ep3,14305,rw_mmlu:world_religions,0.4093567251,0.5087719298,NVIDIA H100 80GB HBM3
diversity_oriented,43,ep3,14305,rw_openbookqa,0.1960000000,0.3420000000,NVIDIA H100 80GB HBM3
diversity_oriented,43,ep3,14305,rw_piqa,0.7203482046,0.7181719260,NVIDIA H100 80GB HBM3
diversity_oriented,43,ep3,14305,rw_siqa,0.3976458547,0.4083930399,NVIDIA H100 80GB HBM3
diversity_oriented,43,ep1,4768,rw_arc:easy,0.5269360269,0.4461279461,NVIDIA H100 80GB HBM3
diversity_oriented,43,ep1,4768,rw_commonsense_qa,0.3153153153,0.2874692875,NVIDIA H100 80GB HBM3
diversity_oriented,43,ep1,4768,rw_hellaswag,0.3435570603,0.4051981677,NVIDIA H100 80GB HBM3
diversity_oriented,43,ep1,4768,rw_mmlu:_average,0.2766368473,0.2799414859,NVIDIA H100 80GB HBM3
diversity_oriented,43,ep1,4768,rw_mmlu:abstract_algebra,0.2000000000,0.2200000000,NVIDIA H100 80GB HBM3
diversity_oriented,43,ep1,4768,rw_mmlu:anatomy,0.3259259259,0.2962962963,NVIDIA H100 80GB HBM3
diversity_oriented,43,ep1,4768,rw_mmlu:astronomy,0.2434210526,0.3289473684,NVIDIA H100 80GB HBM3
diversity_oriented,43,ep1,4768,rw_mmlu:business_ethics,0.4500000000,0.3200000000,NVIDIA H100 80GB HBM3
diversity_oriented,43,ep1,4768,rw_mmlu:clinical_knowledge,0.2339622642,0.3433962264,NVIDIA H100 80GB HBM3
diversity_oriented,43,ep1,4768,rw_mmlu:college_biology,0.3263888889,0.3125000000,NVIDIA H100 80GB HBM3
diversity_oriented,43,ep1,4768,rw_mmlu:college_chemistry,0.2700000000,0.2300000000,NVIDIA H100 80GB HBM3
diversity_oriented,43,ep1,4768,rw_mmlu:college_computer_science,0.2900000000,0.2300000000,NVIDIA H100 80GB HBM3
diversity_oriented,43,ep1,4768,rw_mmlu:college_mathematics,0.1700000000,0.2100000000,NVIDIA H100 80GB HBM3
diversity_oriented,43,ep1,4768,rw_mmlu:college_medicine,0.2658959538,0.2312138728,NVIDIA H100 80GB HBM3
diversity_oriented,43,ep1,4768,rw_mmlu:college_physics,0.1764705882,0.2450980392,NVIDIA H100 80GB HBM3
diversity_oriented,43,ep1,4768,rw_mmlu:computer_security,0.3100000000,0.3300000000,NVIDIA H100 80GB HBM3
diversity_oriented,43,ep1,4768,rw_mmlu:conceptual_physics,0.3702127660,0.2978723404,NVIDIA H100 80GB HBM3
diversity_oriented,43,ep1,4768,rw_mmlu:econometrics,0.2280701754,0.2280701754,NVIDIA H100 80GB HBM3
diversity_oriented,43,ep1,4768,rw_mmlu:electrical_engineering,0.2620689655,0.2758620690,NVIDIA H100 80GB HBM3
diversity_oriented,43,ep1,4768,rw_mmlu:elementary_mathematics,0.2407407407,0.2433862434,NVIDIA H100 80GB HBM3
diversity_oriented,43,ep1,4768,rw_mmlu:formal_logic,0.3174603175,0.2857142857,NVIDIA H100 80GB HBM3
diversity_oriented,43,ep1,4768,rw_mmlu:global_facts,0.2300000000,0.2400000000,NVIDIA H100 80GB HBM3
diversity_oriented,43,ep1,4768,rw_mmlu:high_school_biology,0.2935483871,0.3419354839,NVIDIA H100 80GB HBM3
diversity_oriented,43,ep1,4768,rw_mmlu:high_school_chemistry,0.1724137931,0.1822660099,NVIDIA H100 80GB HBM3
diversity_oriented,43,ep1,4768,rw_mmlu:high_school_computer_science,0.2300000000,0.2500000000,NVIDIA H100 80GB HBM3
diversity_oriented,43,ep1,4768,rw_mmlu:high_school_european_history,0.2666666667,0.3696969697,NVIDIA H100 80GB HBM3
diversity_oriented,43,ep1,4768,rw_mmlu:high_school_geography,0.3232323232,0.3484848485,NVIDIA H100 80GB HBM3
diversity_oriented,43,ep1,4768,rw_mmlu:high_school_government_and_politics,0.3264248705,0.3419689119,NVIDIA H100 80GB HBM3
diversity_oriented,43,ep1,4768,rw_mmlu:high_school_macroeconomics,0.2435897436,0.2974358974,NVIDIA H100 80GB HBM3
diversity_oriented,43,ep1,4768,rw_mmlu:high_school_mathematics,0.1370370370,0.1407407407,NVIDIA H100 80GB HBM3
diversity_oriented,43,ep1,4768,rw_mmlu:high_school_microeconomics,0.2521008403,0.2983193277,NVIDIA H100 80GB HBM3
diversity_oriented,43,ep1,4768,rw_mmlu:high_school_physics,0.2715231788,0.2649006623,NVIDIA H100 80GB HBM3
diversity_oriented,43,ep1,4768,rw_mmlu:high_school_psychology,0.3908256881,0.3339449541,NVIDIA H100 80GB HBM3
diversity_oriented,43,ep1,4768,rw_mmlu:high_school_statistics,0.2453703704,0.2407407407,NVIDIA H100 80GB HBM3
diversity_oriented,43,ep1,4768,rw_mmlu:high_school_us_history,0.2941176471,0.3235294118,NVIDIA H100 80GB HBM3
diversity_oriented,43,ep1,4768,rw_mmlu:high_school_world_history,0.2531645570,0.2784810127,NVIDIA H100 80GB HBM3
diversity_oriented,43,ep1,4768,rw_mmlu:human_aging,0.3363228700,0.3183856502,NVIDIA H100 80GB HBM3
diversity_oriented,43,ep1,4768,rw_mmlu:human_sexuality,0.3511450382,0.3587786260,NVIDIA H100 80GB HBM3
diversity_oriented,43,ep1,4768,rw_mmlu:international_law,0.1570247934,0.2231404959,NVIDIA H100 80GB HBM3
diversity_oriented,43,ep1,4768,rw_mmlu:jurisprudence,0.1851851852,0.1944444444,NVIDIA H100 80GB HBM3
diversity_oriented,43,ep1,4768,rw_mmlu:logical_fallacies,0.2760736196,0.3128834356,NVIDIA H100 80GB HBM3
diversity_oriented,43,ep1,4768,rw_mmlu:machine_learning,0.2946428571,0.2500000000,NVIDIA H100 80GB HBM3
diversity_oriented,43,ep1,4768,rw_mmlu:management,0.2524271845,0.3689320388,NVIDIA H100 80GB HBM3
diversity_oriented,43,ep1,4768,rw_mmlu:marketing,0.4401709402,0.4273504274,NVIDIA H100 80GB HBM3
diversity_oriented,43,ep1,4768,rw_mmlu:medical_genetics,0.2700000000,0.3100000000,NVIDIA H100 80GB HBM3
diversity_oriented,43,ep1,4768,rw_mmlu:miscellaneous,0.3882503193,0.3333333333,NVIDIA H100 80GB HBM3
diversity_oriented,43,ep1,4768,rw_mmlu:moral_disputes,0.2456647399,0.2369942197,NVIDIA H100 80GB HBM3
diversity_oriented,43,ep1,4768,rw_mmlu:moral_scenarios,0.2379888268,0.2379888268,NVIDIA H100 80GB HBM3
diversity_oriented,43,ep1,4768,rw_mmlu:nutrition,0.2581699346,0.2941176471,NVIDIA H100 80GB HBM3
diversity_oriented,43,ep1,4768,rw_mmlu:philosophy,0.2572347267,0.1897106109,NVIDIA H100 80GB HBM3
diversity_oriented,43,ep1,4768,rw_mmlu:prehistory,0.3086419753,0.2222222222,NVIDIA H100 80GB HBM3
diversity_oriented,43,ep1,4768,rw_mmlu:professional_accounting,0.2517730496,0.2234042553,NVIDIA H100 80GB HBM3
diversity_oriented,43,ep1,4768,rw_mmlu:professional_law,0.2457627119,0.2561929596,NVIDIA H100 80GB HBM3
diversity_oriented,43,ep1,4768,rw_mmlu:professional_medicine,0.2830882353,0.2794117647,NVIDIA H100 80GB HBM3
diversity_oriented,43,ep1,4768,rw_mmlu:professional_psychology,0.2777777778,0.2696078431,NVIDIA H100 80GB HBM3
diversity_oriented,43,ep1,4768,rw_mmlu:public_relations,0.4000000000,0.3090909091,NVIDIA H100 80GB HBM3
diversity_oriented,43,ep1,4768,rw_mmlu:security_studies,0.2938775510,0.2530612245,NVIDIA H100 80GB HBM3
diversity_oriented,43,ep1,4768,rw_mmlu:sociology,0.2487562189,0.2587064677,NVIDIA H100 80GB HBM3
diversity_oriented,43,ep1,4768,rw_mmlu:us_foreign_policy,0.3000000000,0.2200000000,NVIDIA H100 80GB HBM3
diversity_oriented,43,ep1,4768,rw_mmlu:virology,0.2409638554,0.3012048193,NVIDIA H100 80GB HBM3
diversity_oriented,43,ep1,4768,rw_mmlu:world_religions,0.3567251462,0.4269005848,NVIDIA H100 80GB HBM3
diversity_oriented,43,ep1,4768,rw_openbookqa,0.1640000000,0.3060000000,NVIDIA H100 80GB HBM3
diversity_oriented,43,ep1,4768,rw_piqa,0.6844396083,0.6817192601,NVIDIA H100 80GB HBM3
diversity_oriented,43,ep1,4768,rw_siqa,0.3915046059,0.3945752303,NVIDIA H100 80GB HBM3
diversity_oriented,43,ep2,9537,rw_arc:easy,0.5845959596,0.5092592593,NVIDIA H100 80GB HBM3
diversity_oriented,43,ep2,9537,rw_commonsense_qa,0.3341523342,0.3054873055,NVIDIA H100 80GB HBM3
diversity_oriented,43,ep2,9537,rw_hellaswag,0.3795060745,0.4682334196,NVIDIA H100 80GB HBM3
diversity_oriented,43,ep2,9537,rw_mmlu:_average,0.2914546531,0.2983001349,NVIDIA H100 80GB HBM3
diversity_oriented,43,ep2,9537,rw_mmlu:abstract_algebra,0.2500000000,0.2400000000,NVIDIA H100 80GB HBM3
diversity_oriented,43,ep2,9537,rw_mmlu:anatomy,0.3629629630,0.3185185185,NVIDIA H100 80GB HBM3
diversity_oriented,43,ep2,9537,rw_mmlu:astronomy,0.2500000000,0.3421052632,NVIDIA H100 80GB HBM3
diversity_oriented,43,ep2,9537,rw_mmlu:business_ethics,0.4900000000,0.3500000000,NVIDIA H100 80GB HBM3
diversity_oriented,43,ep2,9537,rw_mmlu:clinical_knowledge,0.2603773585,0.3811320755,NVIDIA H100 80GB HBM3
diversity_oriented,43,ep2,9537,rw_mmlu:college_biology,0.3263888889,0.3055555556,NVIDIA H100 80GB HBM3
diversity_oriented,43,ep2,9537,rw_mmlu:college_chemistry,0.2600000000,0.2800000000,NVIDIA H100 80GB HBM3
diversity_oriented,43,ep2,9537,rw_mmlu:college_computer_science,0.2600000000,0.2500000000,NVIDIA H100 80GB HBM3
diversity_oriented,43,ep2,9537,rw_mmlu:college_mathematics,0.1600000000,0.2200000000,NVIDIA H100 80GB HBM3
diversity_oriented,43,ep2,9537,rw_mmlu:college_medicine,0.2832369942,0.2427745665,NVIDIA H100 80GB HBM3
diversity_oriented,43,ep2,9537,rw_mmlu:college_physics,0.1862745098,0.2254901961,NVIDIA H100 80GB HBM3
diversity_oriented,43,ep2,9537,rw_mmlu:computer_security,0.3100000000,0.3700000000,NVIDIA H100 80GB HBM3
diversity_oriented,43,ep2,9537,rw_mmlu:conceptual_physics,0.4000000000,0.3446808511,NVIDIA H100 80GB HBM3
diversity_oriented,43,ep2,9537,rw_mmlu:econometrics,0.2105263158,0.2456140351,NVIDIA H100 80GB HBM3
diversity_oriented,43,ep2,9537,rw_mmlu:electrical_engineering,0.2551724138,0.2965517241,NVIDIA H100 80GB HBM3
diversity_oriented,43,ep2,9537,rw_mmlu:elementary_mathematics,0.2380952381,0.2592592593,NVIDIA H100 80GB HBM3
diversity_oriented,43,ep2,9537,rw_mmlu:formal_logic,0.3492063492,0.3095238095,NVIDIA H100 80GB HBM3
diversity_oriented,43,ep2,9537,rw_mmlu:global_facts,0.2200000000,0.2200000000,NVIDIA H100 80GB HBM3
diversity_oriented,43,ep2,9537,rw_mmlu:high_school_biology,0.3096774194,0.3483870968,NVIDIA H100 80GB HBM3
diversity_oriented,43,ep2,9537,rw_mmlu:high_school_chemistry,0.1674876847,0.2118226601,NVIDIA H100 80GB HBM3
diversity_oriented,43,ep2,9537,rw_mmlu:high_school_computer_science,0.2500000000,0.2300000000,NVIDIA H100 80GB HBM3
diversity_oriented,43,ep2,9537,rw_mmlu:high_school_european_history,0.2969696970,0.3939393939,NVIDIA H100 80GB HBM3
diversity_oriented,43,ep2,9537,rw_mmlu:high_school_geography,0.3484848485,0.3686868687,NVIDIA H100 80GB HBM3
diversity_oriented,43,ep2,9537,rw_mmlu:high_school_government_and_politics,0.3316062176,0.3886010363,NVIDIA H100 80GB HBM3
diversity_oriented,43,ep2,9537,rw_mmlu:high_school_macroeconomics,0.2769230769,0.3051282051,NVIDIA H100 80GB HBM3
diversity_oriented,43,ep2,9537,rw_mmlu:high_school_mathematics,0.1444444444,0.1296296296,NVIDIA H100 80GB HBM3
diversity_oriented,43,ep2,9537,rw_mmlu:high_school_microeconomics,0.2815126050,0.3529411765,NVIDIA H100 80GB HBM3
diversity_oriented,43,ep2,9537,rw_mmlu:high_school_physics,0.2649006623,0.2516556291,NVIDIA H100 80GB HBM3
diversity_oriented,43,ep2,9537,rw_mmlu:high_school_psychology,0.4073394495,0.3761467890,NVIDIA H100 80GB HBM3
diversity_oriented,43,ep2,9537,rw_mmlu:high_school_statistics,0.2407407407,0.2314814815,NVIDIA H100 80GB HBM3
diversity_oriented,43,ep2,9537,rw_mmlu:high_school_us_history,0.3039215686,0.3431372549,NVIDIA H100 80GB HBM3
diversity_oriented,43,ep2,9537,rw_mmlu:high_school_world_history,0.2616033755,0.3417721519,NVIDIA H100 80GB HBM3
diversity_oriented,43,ep2,9537,rw_mmlu:human_aging,0.3721973094,0.3677130045,NVIDIA H100 80GB HBM3
diversity_oriented,43,ep2,9537,rw_mmlu:human_sexuality,0.3740458015,0.3740458015,NVIDIA H100 80GB HBM3
diversity_oriented,43,ep2,9537,rw_mmlu:international_law,0.1735537190,0.2396694215,NVIDIA H100 80GB HBM3
diversity_oriented,43,ep2,9537,rw_mmlu:jurisprudence,0.2129629630,0.2500000000,NVIDIA H100 80GB HBM3
diversity_oriented,43,ep2,9537,rw_mmlu:logical_fallacies,0.2822085890,0.2944785276,NVIDIA H100 80GB HBM3
diversity_oriented,43,ep2,9537,rw_mmlu:machine_learning,0.2232142857,0.2053571429,NVIDIA H100 80GB HBM3
diversity_oriented,43,ep2,9537,rw_mmlu:management,0.3300970874,0.3495145631,NVIDIA H100 80GB HBM3
diversity_oriented,43,ep2,9537,rw_mmlu:marketing,0.4529914530,0.4358974359,NVIDIA H100 80GB HBM3
diversity_oriented,43,ep2,9537,rw_mmlu:medical_genetics,0.3200000000,0.3200000000,NVIDIA H100 80GB HBM3
diversity_oriented,43,ep2,9537,rw_mmlu:miscellaneous,0.4265644955,0.4048531290,NVIDIA H100 80GB HBM3
diversity_oriented,43,ep2,9537,rw_mmlu:moral_disputes,0.2658959538,0.2485549133,NVIDIA H100 80GB HBM3
diversity_oriented,43,ep2,9537,rw_mmlu:moral_scenarios,0.2379888268,0.2379888268,NVIDIA H100 80GB HBM3
diversity_oriented,43,ep2,9537,rw_mmlu:nutrition,0.2516339869,0.3104575163,NVIDIA H100 80GB HBM3
diversity_oriented,43,ep2,9537,rw_mmlu:philosophy,0.2668810289,0.2508038585,NVIDIA H100 80GB HBM3
diversity_oriented,43,ep2,9537,rw_mmlu:prehistory,0.3734567901,0.2592592593,NVIDIA H100 80GB HBM3
diversity_oriented,43,ep2,9537,rw_mmlu:professional_accounting,0.2553191489,0.2234042553,NVIDIA H100 80GB HBM3
diversity_oriented,43,ep2,9537,rw_mmlu:professional_law,0.2490221643,0.2516297262,NVIDIA H100 80GB HBM3
diversity_oriented,43,ep2,9537,rw_mmlu:professional_medicine,0.2757352941,0.2977941176,NVIDIA H100 80GB HBM3
diversity_oriented,43,ep2,9537,rw_mmlu:professional_psychology,0.2990196078,0.2908496732,NVIDIA H100 80GB HBM3
diversity_oriented,43,ep2,9537,rw_mmlu:public_relations,0.4363636364,0.3090909091,NVIDIA H100 80GB HBM3
diversity_oriented,43,ep2,9537,rw_mmlu:security_studies,0.3306122449,0.2571428571,NVIDIA H100 80GB HBM3
diversity_oriented,43,ep2,9537,rw_mmlu:sociology,0.2686567164,0.3034825871,NVIDIA H100 80GB HBM3
diversity_oriented,43,ep2,9537,rw_mmlu:us_foreign_policy,0.2900000000,0.2600000000,NVIDIA H100 80GB HBM3
diversity_oriented,43,ep2,9537,rw_mmlu:virology,0.2831325301,0.3012048193,NVIDIA H100 80GB HBM3
diversity_oriented,43,ep2,9537,rw_mmlu:world_religions,0.4035087719,0.4853801170,NVIDIA H100 80GB HBM3
diversity_oriented,43,ep2,9537,rw_openbookqa,0.1900000000,0.3220000000,NVIDIA H100 80GB HBM3
diversity_oriented,43,ep2,9537,rw_piqa,0.7078346028,0.7208922742,NVIDIA H100 80GB HBM3
diversity_oriented,43,ep2,9537,rw_siqa,0.3961105425,0.4073694985,NVIDIA H100 80GB HBM3
diversity_oriented,44,ep3,14305,rw_arc:easy,0.6073232323,0.5151515152,NVIDIA H100 80GB HBM3
diversity_oriented,44,ep3,14305,rw_commonsense_qa,0.3488943489,0.3136773137,NVIDIA H100 80GB HBM3
diversity_oriented,44,ep3,14305,rw_hellaswag,0.3997211711,0.4965146385,NVIDIA H100 80GB HBM3
diversity_oriented,44,ep3,14305,rw_mmlu:_average,0.2957322431,0.3073373397,NVIDIA H100 80GB HBM3
diversity_oriented,44,ep3,14305,rw_mmlu:abstract_algebra,0.1800000000,0.1900000000,NVIDIA H100 80GB HBM3
diversity_oriented,44,ep3,14305,rw_mmlu:anatomy,0.3481481481,0.3259259259,NVIDIA H100 80GB HBM3
diversity_oriented,44,ep3,14305,rw_mmlu:astronomy,0.2631578947,0.3552631579,NVIDIA H100 80GB HBM3
diversity_oriented,44,ep3,14305,rw_mmlu:business_ethics,0.4600000000,0.3900000000,NVIDIA H100 80GB HBM3
diversity_oriented,44,ep3,14305,rw_mmlu:clinical_knowledge,0.2603773585,0.3622641509,NVIDIA H100 80GB HBM3
diversity_oriented,44,ep3,14305,rw_mmlu:college_biology,0.3263888889,0.3194444444,NVIDIA H100 80GB HBM3
diversity_oriented,44,ep3,14305,rw_mmlu:college_chemistry,0.2700000000,0.2900000000,NVIDIA H100 80GB HBM3
diversity_oriented,44,ep3,14305,rw_mmlu:college_computer_science,0.2800000000,0.2400000000,NVIDIA H100 80GB HBM3
diversity_oriented,44,ep3,14305,rw_mmlu:college_mathematics,0.1700000000,0.2200000000,NVIDIA H100 80GB HBM3
diversity_oriented,44,ep3,14305,rw_mmlu:college_medicine,0.3121387283,0.2543352601,NVIDIA H100 80GB HBM3
diversity_oriented,44,ep3,14305,rw_mmlu:college_physics,0.1764705882,0.2156862745,NVIDIA H100 80GB HBM3
diversity_oriented,44,ep3,14305,rw_mmlu:computer_security,0.3700000000,0.3600000000,NVIDIA H100 80GB HBM3
diversity_oriented,44,ep3,14305,rw_mmlu:conceptual_physics,0.3617021277,0.3191489362,NVIDIA H100 80GB HBM3
diversity_oriented,44,ep3,14305,rw_mmlu:econometrics,0.2368421053,0.2543859649,NVIDIA H100 80GB HBM3
diversity_oriented,44,ep3,14305,rw_mmlu:electrical_engineering,0.2758620690,0.3448275862,NVIDIA H100 80GB HBM3
diversity_oriented,44,ep3,14305,rw_mmlu:elementary_mathematics,0.2513227513,0.2566137566,NVIDIA H100 80GB HBM3
diversity_oriented,44,ep3,14305,rw_mmlu:formal_logic,0.3333333333,0.3174603175,NVIDIA H100 80GB HBM3
diversity_oriented,44,ep3,14305,rw_mmlu:global_facts,0.2300000000,0.2200000000,NVIDIA H100 80GB HBM3
diversity_oriented,44,ep3,14305,rw_mmlu:high_school_biology,0.2774193548,0.3258064516,NVIDIA H100 80GB HBM3
diversity_oriented,44,ep3,14305,rw_mmlu:high_school_chemistry,0.1625615764,0.2167487685,NVIDIA H100 80GB HBM3
diversity_oriented,44,ep3,14305,rw_mmlu:high_school_computer_science,0.2800000000,0.2800000000,NVIDIA H100 80GB HBM3
diversity_oriented,44,ep3,14305,rw_mmlu:high_school_european_history,0.2787878788,0.4000000000,NVIDIA H100 80GB HBM3
diversity_oriented,44,ep3,14305,rw_mmlu:high_school_geography,0.3383838384,0.3939393939,NVIDIA H100 80GB HBM3
diversity_oriented,44,ep3,14305,rw_mmlu:high_school_government_and_politics,0.3419689119,0.4093264249,NVIDIA H100 80GB HBM3
diversity_oriented,44,ep3,14305,rw_mmlu:high_school_macroeconomics,0.2794871795,0.3461538462,NVIDIA H100 80GB HBM3
diversity_oriented,44,ep3,14305,rw_mmlu:high_school_mathematics,0.1518518519,0.1481481481,NVIDIA H100 80GB HBM3
diversity_oriented,44,ep3,14305,rw_mmlu:high_school_microeconomics,0.2773109244,0.3445378151,NVIDIA H100 80GB HBM3
diversity_oriented,44,ep3,14305,rw_mmlu:high_school_physics,0.2516556291,0.2384105960,NVIDIA H100 80GB HBM3
diversity_oriented,44,ep3,14305,rw_mmlu:high_school_psychology,0.3871559633,0.3743119266,NVIDIA H100 80GB HBM3
diversity_oriented,44,ep3,14305,rw_mmlu:high_school_statistics,0.2731481481,0.2777777778,NVIDIA H100 80GB HBM3
diversity_oriented,44,ep3,14305,rw_mmlu:high_school_us_history,0.2892156863,0.3284313725,NVIDIA H100 80GB HBM3
diversity_oriented,44,ep3,14305,rw_mmlu:high_school_world_history,0.2953586498,0.3080168776,NVIDIA H100 80GB HBM3
diversity_oriented,44,ep3,14305,rw_mmlu:human_aging,0.4125560538,0.3677130045,NVIDIA H100 80GB HBM3
diversity_oriented,44,ep3,14305,rw_mmlu:human_sexuality,0.4045801527,0.3893129771,NVIDIA H100 80GB HBM3
diversity_oriented,44,ep3,14305,rw_mmlu:international_law,0.1735537190,0.2809917355,NVIDIA H100 80GB HBM3
diversity_oriented,44,ep3,14305,rw_mmlu:jurisprudence,0.2870370370,0.2592592593,NVIDIA H100 80GB HBM3
diversity_oriented,44,ep3,14305,rw_mmlu:logical_fallacies,0.3251533742,0.3190184049,NVIDIA H100 80GB HBM3
diversity_oriented,44,ep3,14305,rw_mmlu:machine_learning,0.2500000000,0.2410714286,NVIDIA H100 80GB HBM3
diversity_oriented,44,ep3,14305,rw_mmlu:management,0.3106796117,0.4174757282,NVIDIA H100 80GB HBM3
diversity_oriented,44,ep3,14305,rw_mmlu:marketing,0.4572649573,0.4401709402,NVIDIA H100 80GB HBM3
diversity_oriented,44,ep3,14305,rw_mmlu:medical_genetics,0.3000000000,0.3300000000,NVIDIA H100 80GB HBM3
diversity_oriented,44,ep3,14305,rw_mmlu:miscellaneous,0.4406130268,0.4112388250,NVIDIA H100 80GB HBM3
diversity_oriented,44,ep3,14305,rw_mmlu:moral_disputes,0.2774566474,0.2543352601,NVIDIA H100 80GB HBM3
diversity_oriented,44,ep3,14305,rw_mmlu:moral_scenarios,0.2379888268,0.2379888268,NVIDIA H100 80GB HBM3
diversity_oriented,44,ep3,14305,rw_mmlu:nutrition,0.2581699346,0.3169934641,NVIDIA H100 80GB HBM3
diversity_oriented,44,ep3,14305,rw_mmlu:philosophy,0.2861736334,0.2411575563,NVIDIA H100 80GB HBM3
diversity_oriented,44,ep3,14305,rw_mmlu:prehistory,0.3858024691,0.3086419753,NVIDIA H100 80GB HBM3
diversity_oriented,44,ep3,14305,rw_mmlu:professional_accounting,0.2446808511,0.2198581560,NVIDIA H100 80GB HBM3
diversity_oriented,44,ep3,14305,rw_mmlu:professional_law,0.2457627119,0.2542372881,NVIDIA H100 80GB HBM3
diversity_oriented,44,ep3,14305,rw_mmlu:professional_medicine,0.2757352941,0.3198529412,NVIDIA H100 80GB HBM3
diversity_oriented,44,ep3,14305,rw_mmlu:professional_psychology,0.2957516340,0.2761437908,NVIDIA H100 80GB HBM3
diversity_oriented,44,ep3,14305,rw_mmlu:public_relations,0.4272727273,0.3090909091,NVIDIA H100 80GB HBM3
diversity_oriented,44,ep3,14305,rw_mmlu:security_studies,0.3183673469,0.2734693878,NVIDIA H100 80GB HBM3
diversity_oriented,44,ep3,14305,rw_mmlu:sociology,0.2786069652,0.3184079602,NVIDIA H100 80GB HBM3
diversity_oriented,44,ep3,14305,rw_mmlu:us_foreign_policy,0.3400000000,0.3000000000,NVIDIA H100 80GB HBM3
diversity_oriented,44,ep3,14305,rw_mmlu:virology,0.2650602410,0.3253012048,NVIDIA H100 80GB HBM3
diversity_oriented,44,ep3,14305,rw_mmlu:world_religions,0.3684210526,0.4795321637,NVIDIA H100 80GB HBM3
diversity_oriented,44,ep3,14305,rw_openbookqa,0.2060000000,0.3320000000,NVIDIA H100 80GB HBM3
diversity_oriented,44,ep3,14305,rw_piqa,0.7208922742,0.7181719260,NVIDIA H100 80GB HBM3
diversity_oriented,44,ep3,14305,rw_siqa,0.3966223132,0.3950870010,NVIDIA H100 80GB HBM3
diversity_oriented,44,ep1,4768,rw_arc:easy,0.5416666667,0.4520202020,NVIDIA H100 80GB HBM3
diversity_oriented,44,ep1,4768,rw_commonsense_qa,0.3202293202,0.2923832924,NVIDIA H100 80GB HBM3
diversity_oriented,44,ep1,4768,rw_hellaswag,0.3430591516,0.4104760008,NVIDIA H100 80GB HBM3
diversity_oriented,44,ep1,4768,rw_mmlu:_average,0.2784816403,0.2809348479,NVIDIA H100 80GB HBM3
diversity_oriented,44,ep1,4768,rw_mmlu:abstract_algebra,0.2400000000,0.2400000000,NVIDIA H100 80GB HBM3
diversity_oriented,44,ep1,4768,rw_mmlu:anatomy,0.3111111111,0.2888888889,NVIDIA H100 80GB HBM3
diversity_oriented,44,ep1,4768,rw_mmlu:astronomy,0.2631578947,0.3157894737,NVIDIA H100 80GB HBM3
diversity_oriented,44,ep1,4768,rw_mmlu:business_ethics,0.4800000000,0.3300000000,NVIDIA H100 80GB HBM3
diversity_oriented,44,ep1,4768,rw_mmlu:clinical_knowledge,0.2377358491,0.3358490566,NVIDIA H100 80GB HBM3
diversity_oriented,44,ep1,4768,rw_mmlu:college_biology,0.3055555556,0.2708333333,NVIDIA H100 80GB HBM3
diversity_oriented,44,ep1,4768,rw_mmlu:college_chemistry,0.2700000000,0.2000000000,NVIDIA H100 80GB HBM3
diversity_oriented,44,ep1,4768,rw_mmlu:college_computer_science,0.3200000000,0.2600000000,NVIDIA H100 80GB HBM3
diversity_oriented,44,ep1,4768,rw_mmlu:college_mathematics,0.1700000000,0.2200000000,NVIDIA H100 80GB HBM3
diversity_oriented,44,ep1,4768,rw_mmlu:college_medicine,0.2658959538,0.2369942197,NVIDIA H100 80GB HBM3
diversity_oriented,44,ep1,4768,rw_mmlu:college_physics,0.1568627451,0.2450980392,NVIDIA H100 80GB HBM3
diversity_oriented,44,ep1,4768,rw_mmlu:computer_security,0.3000000000,0.2900000000,NVIDIA H100 80GB HBM3
diversity_oriented,44,ep1,4768,rw_mmlu:conceptual_physics,0.3702127660,0.2765957447,NVIDIA H100 80GB HBM3
diversity_oriented,44,ep1,4768,rw_mmlu:econometrics,0.2280701754,0.2105263158,NVIDIA H100 80GB HBM3
diversity_oriented,44,ep1,4768,rw_mmlu:electrical_engineering,0.2482758621,0.3103448276,NVIDIA H100 80GB HBM3
diversity_oriented,44,ep1,4768,rw_mmlu:elementary_mathematics,0.2354497354,0.2328042328,NVIDIA H100 80GB HBM3
diversity_oriented,44,ep1,4768,rw_mmlu:formal_logic,0.3412698413,0.3015873016,NVIDIA H100 80GB HBM3
diversity_oriented,44,ep1,4768,rw_mmlu:global_facts,0.2000000000,0.2400000000,NVIDIA H100 80GB HBM3
diversity_oriented,44,ep1,4768,rw_mmlu:high_school_biology,0.2741935484,0.3290322581,NVIDIA H100 80GB HBM3
diversity_oriented,44,ep1,4768,rw_mmlu:high_school_chemistry,0.1576354680,0.2167487685,NVIDIA H100 80GB HBM3
diversity_oriented,44,ep1,4768,rw_mmlu:high_school_computer_science,0.2300000000,0.2200000000,NVIDIA H100 80GB HBM3
diversity_oriented,44,ep1,4768,rw_mmlu:high_school_european_history,0.2606060606,0.3454545455,NVIDIA H100 80GB HBM3
diversity_oriented,44,ep1,4768,rw_mmlu:high_school_geography,0.3434343434,0.3838383838,NVIDIA H100 80GB HBM3
diversity_oriented,44,ep1,4768,rw_mmlu:high_school_government_and_politics,0.3160621762,0.3367875648,NVIDIA H100 80GB HBM3
diversity_oriented,44,ep1,4768,rw_mmlu:high_school_macroeconomics,0.2538461538,0.3076923077,NVIDIA H100 80GB HBM3
diversity_oriented,44,ep1,4768,rw_mmlu:high_school_mathematics,0.1666666667,0.1518518519,NVIDIA H100 80GB HBM3
diversity_oriented,44,ep1,4768,rw_mmlu:high_school_microeconomics,0.2689075630,0.3319327731,NVIDIA H100 80GB HBM3
diversity_oriented,44,ep1,4768,rw_mmlu:high_school_physics,0.2516556291,0.2781456954,NVIDIA H100 80GB HBM3
diversity_oriented,44,ep1,4768,rw_mmlu:high_school_psychology,0.3724770642,0.3302752294,NVIDIA H100 80GB HBM3
diversity_oriented,44,ep1,4768,rw_mmlu:high_school_statistics,0.2592592593,0.2592592593,NVIDIA H100 80GB HBM3
diversity_oriented,44,ep1,4768,rw_mmlu:high_school_us_history,0.2647058824,0.3382352941,NVIDIA H100 80GB HBM3
diversity_oriented,44,ep1,4768,rw_mmlu:high_school_world_history,0.2658227848,0.2869198312,NVIDIA H100 80GB HBM3
diversity_oriented,44,ep1,4768,rw_mmlu:human_aging,0.3632286996,0.3273542601,NVIDIA H100 80GB HBM3
diversity_oriented,44,ep1,4768,rw_mmlu:human_sexuality,0.3358778626,0.3511450382,NVIDIA H100 80GB HBM3
diversity_oriented,44,ep1,4768,rw_mmlu:international_law,0.1652892562,0.2314049587,NVIDIA H100 80GB HBM3
diversity_oriented,44,ep1,4768,rw_mmlu:jurisprudence,0.1666666667,0.2314814815,NVIDIA H100 80GB HBM3
diversity_oriented,44,ep1,4768,rw_mmlu:logical_fallacies,0.3128834356,0.2944785276,NVIDIA H100 80GB HBM3
diversity_oriented,44,ep1,4768,rw_mmlu:machine_learning,0.2589285714,0.2053571429,NVIDIA H100 80GB HBM3
diversity_oriented,44,ep1,4768,rw_mmlu:management,0.2912621359,0.3689320388,NVIDIA H100 80GB HBM3
diversity_oriented,44,ep1,4768,rw_mmlu:marketing,0.3974358974,0.3846153846,NVIDIA H100 80GB HBM3
diversity_oriented,44,ep1,4768,rw_mmlu:medical_genetics,0.3100000000,0.2900000000,NVIDIA H100 80GB HBM3
diversity_oriented,44,ep1,4768,rw_mmlu:miscellaneous,0.3767560664,0.3358876117,NVIDIA H100 80GB HBM3
diversity_oriented,44,ep1,4768,rw_mmlu:moral_disputes,0.2456647399,0.2369942197,NVIDIA H100 80GB HBM3
diversity_oriented,44,ep1,4768,rw_mmlu:moral_scenarios,0.2379888268,0.2379888268,NVIDIA H100 80GB HBM3
diversity_oriented,44,ep1,4768,rw_mmlu:nutrition,0.2418300654,0.2908496732,NVIDIA H100 80GB HBM3
diversity_oriented,44,ep1,4768,rw_mmlu:philosophy,0.2733118971,0.2122186495,NVIDIA H100 80GB HBM3
diversity_oriented,44,ep1,4768,rw_mmlu:prehistory,0.3364197531,0.2407407407,NVIDIA H100 80GB HBM3
diversity_oriented,44,ep1,4768,rw_mmlu:professional_accounting,0.2588652482,0.2340425532,NVIDIA H100 80GB HBM3
diversity_oriented,44,ep1,4768,rw_mmlu:professional_law,0.2457627119,0.2535853977,NVIDIA H100 80GB HBM3
diversity_oriented,44,ep1,4768,rw_mmlu:professional_medicine,0.2794117647,0.3088235294,NVIDIA H100 80GB HBM3
diversity_oriented,44,ep1,4768,rw_mmlu:professional_psychology,0.2908496732,0.2777777778,NVIDIA H100 80GB HBM3
diversity_oriented,44,ep1,4768,rw_mmlu:public_relations,0.4090909091,0.2818181818,NVIDIA H100 80GB HBM3
diversity_oriented,44,ep1,4768,rw_mmlu:security_studies,0.3102040816,0.2530612245,NVIDIA H100 80GB HBM3
diversity_oriented,44,ep1,4768,rw_mmlu:sociology,0.2437810945,0.2587064677,NVIDIA H100 80GB HBM3
diversity_oriented,44,ep1,4768,rw_mmlu:us_foreign_policy,0.3000000000,0.2800000000,NVIDIA H100 80GB HBM3
diversity_oriented,44,ep1,4768,rw_mmlu:virology,0.2831325301,0.2951807229,NVIDIA H100 80GB HBM3
diversity_oriented,44,ep1,4768,rw_mmlu:world_religions,0.3099415205,0.4093567251,NVIDIA H100 80GB HBM3
diversity_oriented,44,ep1,4768,rw_openbookqa,0.1860000000,0.3260000000,NVIDIA H100 80GB HBM3
diversity_oriented,44,ep1,4768,rw_piqa,0.6882480958,0.6844396083,NVIDIA H100 80GB HBM3
diversity_oriented,44,ep1,4768,rw_siqa,0.3822927329,0.3945752303,NVIDIA H100 80GB HBM3
diversity_oriented,44,ep2,9537,rw_arc:easy,0.5837542088,0.4936868687,NVIDIA H100 80GB HBM3
diversity_oriented,44,ep2,9537,rw_commonsense_qa,0.3357903358,0.3095823096,NVIDIA H100 80GB HBM3
diversity_oriented,44,ep2,9537,rw_hellaswag,0.3823939454,0.4671380203,NVIDIA H100 80GB HBM3
diversity_oriented,44,ep2,9537,rw_mmlu:_average,0.2900311200,0.3006987038,NVIDIA H100 80GB HBM3
diversity_oriented,44,ep2,9537,rw_mmlu:abstract_algebra,0.2500000000,0.2800000000,NVIDIA H100 80GB HBM3
diversity_oriented,44,ep2,9537,rw_mmlu:anatomy,0.3407407407,0.3259259259,NVIDIA H100 80GB HBM3
diversity_oriented,44,ep2,9537,rw_mmlu:astronomy,0.2565789474,0.3223684211,NVIDIA H100 80GB HBM3
diversity_oriented,44,ep2,9537,rw_mmlu:business_ethics,0.4900000000,0.3500000000,NVIDIA H100 80GB HBM3
diversity_oriented,44,ep2,9537,rw_mmlu:clinical_knowledge,0.2603773585,0.3735849057,NVIDIA H100 80GB HBM3
diversity_oriented,44,ep2,9537,rw_mmlu:college_biology,0.2916666667,0.3055555556,NVIDIA H100 80GB HBM3
diversity_oriented,44,ep2,9537,rw_mmlu:college_chemistry,0.2800000000,0.2500000000,NVIDIA H100 80GB HBM3
diversity_oriented,44,ep2,9537,rw_mmlu:college_computer_science,0.2500000000,0.2400000000,NVIDIA H100 80GB HBM3
diversity_oriented,44,ep2,9537,rw_mmlu:college_mathematics,0.1700000000,0.2200000000,NVIDIA H100 80GB HBM3
diversity_oriented,44,ep2,9537,rw_mmlu:college_medicine,0.2658959538,0.2369942197,NVIDIA H100 80GB HBM3
diversity_oriented,44,ep2,9537,rw_mmlu:college_physics,0.2058823529,0.2549019608,NVIDIA H100 80GB HBM3
diversity_oriented,44,ep2,9537,rw_mmlu:computer_security,0.3400000000,0.3700000000,NVIDIA H100 80GB HBM3
diversity_oriented,44,ep2,9537,rw_mmlu:conceptual_physics,0.3659574468,0.3021276596,NVIDIA H100 80GB HBM3
diversity_oriented,44,ep2,9537,rw_mmlu:econometrics,0.2456140351,0.2543859649,NVIDIA H100 80GB HBM3
diversity_oriented,44,ep2,9537,rw_mmlu:electrical_engineering,0.2551724138,0.3448275862,NVIDIA H100 80GB HBM3
diversity_oriented,44,ep2,9537,rw_mmlu:elementary_mathematics,0.2566137566,0.2407407407,NVIDIA H100 80GB HBM3
diversity_oriented,44,ep2,9537,rw_mmlu:formal_logic,0.3730158730,0.3253968254,NVIDIA H100 80GB HBM3
diversity_oriented,44,ep2,9537,rw_mmlu:global_facts,0.2400000000,0.2700000000,NVIDIA H100 80GB HBM3
diversity_oriented,44,ep2,9537,rw_mmlu:high_school_biology,0.2741935484,0.3161290323,NVIDIA H100 80GB HBM3
diversity_oriented,44,ep2,9537,rw_mmlu:high_school_chemistry,0.1724137931,0.1871921182,NVIDIA H100 80GB HBM3
diversity_oriented,44,ep2,9537,rw_mmlu:high_school_computer_science,0.2800000000,0.2700000000,NVIDIA H100 80GB HBM3
diversity_oriented,44,ep2,9537,rw_mmlu:high_school_european_history,0.2666666667,0.4060606061,NVIDIA H100 80GB HBM3
diversity_oriented,44,ep2,9537,rw_mmlu:high_school_geography,0.3535353535,0.3888888889,NVIDIA H100 80GB HBM3
diversity_oriented,44,ep2,9537,rw_mmlu:high_school_government_and_politics,0.3264248705,0.3730569948,NVIDIA H100 80GB HBM3
diversity_oriented,44,ep2,9537,rw_mmlu:high_school_macroeconomics,0.2692307692,0.3153846154,NVIDIA H100 80GB HBM3
diversity_oriented,44,ep2,9537,rw_mmlu:high_school_mathematics,0.1407407407,0.1444444444,NVIDIA H100 80GB HBM3
diversity_oriented,44,ep2,9537,rw_mmlu:high_school_microeconomics,0.2689075630,0.3193277311,NVIDIA H100 80GB HBM3
diversity_oriented,44,ep2,9537,rw_mmlu:high_school_physics,0.2582781457,0.2715231788,NVIDIA H100 80GB HBM3
diversity_oriented,44,ep2,9537,rw_mmlu:high_school_psychology,0.3944954128,0.3669724771,NVIDIA H100 80GB HBM3
diversity_oriented,44,ep2,9537,rw_mmlu:high_school_statistics,0.2777777778,0.2638888889,NVIDIA H100 80GB HBM3
diversity_oriented,44,ep2,9537,rw_mmlu:high_school_us_history,0.2794117647,0.3382352941,NVIDIA H100 80GB HBM3
diversity_oriented,44,ep2,9537,rw_mmlu:high_school_world_history,0.2953586498,0.2869198312,NVIDIA H100 80GB HBM3
diversity_oriented,44,ep2,9537,rw_mmlu:human_aging,0.3991031390,0.3587443946,NVIDIA H100 80GB HBM3
diversity_oriented,44,ep2,9537,rw_mmlu:human_sexuality,0.3969465649,0.4274809160,NVIDIA H100 80GB HBM3
diversity_oriented,44,ep2,9537,rw_mmlu:international_law,0.1818181818,0.2644628099,NVIDIA H100 80GB HBM3
diversity_oriented,44,ep2,9537,rw_mmlu:jurisprudence,0.2407407407,0.3055555556,NVIDIA H100 80GB HBM3
diversity_oriented,44,ep2,9537,rw_mmlu:logical_fallacies,0.3251533742,0.3006134969,NVIDIA H100 80GB HBM3
diversity_oriented,44,ep2,9537,rw_mmlu:machine_learning,0.2232142857,0.1964285714,NVIDIA H100 80GB HBM3
diversity_oriented,44,ep2,9537,rw_mmlu:management,0.2718446602,0.3786407767,NVIDIA H100 80GB HBM3
diversity_oriented,44,ep2,9537,rw_mmlu:marketing,0.4401709402,0.4230769231,NVIDIA H100 80GB HBM3
diversity_oriented,44,ep2,9537,rw_mmlu:medical_genetics,0.2900000000,0.3500000000,NVIDIA H100 80GB HBM3
diversity_oriented,44,ep2,9537,rw_mmlu:miscellaneous,0.4061302682,0.3780332056,NVIDIA H100 80GB HBM3
diversity_oriented,44,ep2,9537,rw_mmlu:moral_disputes,0.2658959538,0.2341040462,NVIDIA H100 80GB HBM3
diversity_oriented,44,ep2,9537,rw_mmlu:moral_scenarios,0.2379888268,0.2379888268,NVIDIA H100 80GB HBM3
diversity_oriented,44,ep2,9537,rw_mmlu:nutrition,0.2516339869,0.3039215686,NVIDIA H100 80GB HBM3
diversity_oriented,44,ep2,9537,rw_mmlu:philosophy,0.2733118971,0.2347266881,NVIDIA H100 80GB HBM3
diversity_oriented,44,ep2,9537,rw_mmlu:prehistory,0.3734567901,0.2746913580,NVIDIA H100 80GB HBM3
diversity_oriented,44,ep2,9537,rw_mmlu:professional_accounting,0.2375886525,0.2056737589,NVIDIA H100 80GB HBM3
diversity_oriented,44,ep2,9537,rw_mmlu:professional_law,0.2405475880,0.2633637549,NVIDIA H100 80GB HBM3
diversity_oriented,44,ep2,9537,rw_mmlu:professional_medicine,0.2573529412,0.3051470588,NVIDIA H100 80GB HBM3
diversity_oriented,44,ep2,9537,rw_mmlu:professional_psychology,0.2924836601,0.2696078431,NVIDIA H100 80GB HBM3
diversity_oriented,44,ep2,9537,rw_mmlu:public_relations,0.4090909091,0.2818181818,NVIDIA H100 80GB HBM3
diversity_oriented,44,ep2,9537,rw_mmlu:security_studies,0.3265306122,0.2734693878,NVIDIA H100 80GB HBM3
diversity_oriented,44,ep2,9537,rw_mmlu:sociology,0.2636815920,0.3084577114,NVIDIA H100 80GB HBM3
diversity_oriented,44,ep2,9537,rw_mmlu:us_foreign_policy,0.3100000000,0.2500000000,NVIDIA H100 80GB HBM3
diversity_oriented,44,ep2,9537,rw_mmlu:virology,0.2771084337,0.3253012048,NVIDIA H100 80GB HBM3
diversity_oriented,44,ep2,9537,rw_mmlu:world_religions,0.3450292398,0.4736842105,NVIDIA H100 80GB HBM3
diversity_oriented,44,ep2,9537,rw_openbookqa,0.1960000000,0.3340000000,NVIDIA H100 80GB HBM3
diversity_oriented,44,ep2,9537,rw_piqa,0.7105549510,0.7034820457,NVIDIA H100 80GB HBM3
diversity_oriented,44,ep2,9537,rw_siqa,0.3843398158,0.3961105425,NVIDIA H100 80GB HBM3
quality_base,42,ep3,14305,rw_arc:easy,0.6094276094,0.5109427609,NVIDIA H100 80GB HBM3
quality_base,42,ep3,14305,rw_commonsense_qa,0.3636363636,0.3112203112,NVIDIA H100 80GB HBM3
quality_base,42,ep3,14305,rw_hellaswag,0.3893646684,0.4819757021,NVIDIA H100 80GB HBM3
quality_base,42,ep3,14305,rw_mmlu:_average,0.2953162001,0.3056399879,NVIDIA H100 80GB HBM3
quality_base,42,ep3,14305,rw_mmlu:abstract_algebra,0.2200000000,0.2600000000,NVIDIA H100 80GB HBM3
quality_base,42,ep3,14305,rw_mmlu:anatomy,0.3185185185,0.3407407407,NVIDIA H100 80GB HBM3
quality_base,42,ep3,14305,rw_mmlu:astronomy,0.2631578947,0.3815789474,NVIDIA H100 80GB HBM3
quality_base,42,ep3,14305,rw_mmlu:business_ethics,0.4600000000,0.3600000000,NVIDIA H100 80GB HBM3
quality_base,42,ep3,14305,rw_mmlu:clinical_knowledge,0.2716981132,0.3698113208,NVIDIA H100 80GB HBM3
quality_base,42,ep3,14305,rw_mmlu:college_biology,0.3888888889,0.3680555556,NVIDIA H100 80GB HBM3
quality_base,42,ep3,14305,rw_mmlu:college_chemistry,0.3200000000,0.3200000000,NVIDIA H100 80GB HBM3
quality_base,42,ep3,14305,rw_mmlu:college_computer_science,0.2700000000,0.2400000000,NVIDIA H100 80GB HBM3
quality_base,42,ep3,14305,rw_mmlu:college_mathematics,0.1700000000,0.2000000000,NVIDIA H100 80GB HBM3
quality_base,42,ep3,14305,rw_mmlu:college_medicine,0.3063583815,0.2658959538,NVIDIA H100 80GB HBM3
quality_base,42,ep3,14305,rw_mmlu:college_physics,0.2058823529,0.2352941176,NVIDIA H100 80GB HBM3
quality_base,42,ep3,14305,rw_mmlu:computer_security,0.3000000000,0.3900000000,NVIDIA H100 80GB HBM3
quality_base,42,ep3,14305,rw_mmlu:conceptual_physics,0.3659574468,0.3319148936,NVIDIA H100 80GB HBM3
quality_base,42,ep3,14305,rw_mmlu:econometrics,0.2543859649,0.2280701754,NVIDIA H100 80GB HBM3
quality_base,42,ep3,14305,rw_mmlu:electrical_engineering,0.2965517241,0.3379310345,NVIDIA H100 80GB HBM3
quality_base,42,ep3,14305,rw_mmlu:elementary_mathematics,0.2433862434,0.2539682540,NVIDIA H100 80GB HBM3
quality_base,42,ep3,14305,rw_mmlu:formal_logic,0.3253968254,0.3492063492,NVIDIA H100 80GB HBM3
quality_base,42,ep3,14305,rw_mmlu:global_facts,0.2500000000,0.2500000000,NVIDIA H100 80GB HBM3
quality_base,42,ep3,14305,rw_mmlu:high_school_biology,0.3032258065,0.3580645161,NVIDIA H100 80GB HBM3
quality_base,42,ep3,14305,rw_mmlu:high_school_chemistry,0.2216748768,0.2709359606,NVIDIA H100 80GB HBM3
quality_base,42,ep3,14305,rw_mmlu:high_school_computer_science,0.2700000000,0.2600000000,NVIDIA H100 80GB HBM3
quality_base,42,ep3,14305,rw_mmlu:high_school_european_history,0.2787878788,0.3757575758,NVIDIA H100 80GB HBM3
quality_base,42,ep3,14305,rw_mmlu:high_school_geography,0.3232323232,0.3434343434,NVIDIA H100 80GB HBM3
quality_base,42,ep3,14305,rw_mmlu:high_school_government_and_politics,0.3471502591,0.3782383420,NVIDIA H100 80GB HBM3
quality_base,42,ep3,14305,rw_mmlu:high_school_macroeconomics,0.2717948718,0.3333333333,NVIDIA H100 80GB HBM3
quality_base,42,ep3,14305,rw_mmlu:high_school_mathematics,0.1481481481,0.1370370370,NVIDIA H100 80GB HBM3
quality_base,42,ep3,14305,rw_mmlu:high_school_microeconomics,0.3025210084,0.3235294118,NVIDIA H100 80GB HBM3
quality_base,42,ep3,14305,rw_mmlu:high_school_physics,0.2450331126,0.1920529801,NVIDIA H100 80GB HBM3
quality_base,42,ep3,14305,rw_mmlu:high_school_psychology,0.4073394495,0.3688073394,NVIDIA H100 80GB HBM3
quality_base,42,ep3,14305,rw_mmlu:high_school_statistics,0.2500000000,0.2638888889,NVIDIA H100 80GB HBM3
quality_base,42,ep3,14305,rw_mmlu:high_school_us_history,0.2941176471,0.3529411765,NVIDIA H100 80GB HBM3
quality_base,42,ep3,14305,rw_mmlu:high_school_world_history,0.2742616034,0.2911392405,NVIDIA H100 80GB HBM3
quality_base,42,ep3,14305,rw_mmlu:human_aging,0.3721973094,0.3452914798,NVIDIA H100 80GB HBM3
quality_base,42,ep3,14305,rw_mmlu:human_sexuality,0.3969465649,0.4122137405,NVIDIA H100 80GB HBM3
quality_base,42,ep3,14305,rw_mmlu:international_law,0.1487603306,0.2644628099,NVIDIA H100 80GB HBM3
quality_base,42,ep3,14305,rw_mmlu:jurisprudence,0.2500000000,0.2777777778,NVIDIA H100 80GB HBM3
quality_base,42,ep3,14305,rw_mmlu:logical_fallacies,0.3006134969,0.3374233129,NVIDIA H100 80GB HBM3
quality_base,42,ep3,14305,rw_mmlu:machine_learning,0.2053571429,0.1875000000,NVIDIA H100 80GB HBM3
quality_base,42,ep3,14305,rw_mmlu:management,0.3203883495,0.4660194175,NVIDIA H100 80GB HBM3
quality_base,42,ep3,14305,rw_mmlu:marketing,0.4401709402,0.4102564103,NVIDIA H100 80GB HBM3
quality_base,42,ep3,14305,rw_mmlu:medical_genetics,0.3200000000,0.3000000000,NVIDIA H100 80GB HBM3
quality_base,42,ep3,14305,rw_mmlu:miscellaneous,0.4227330779,0.3997445722,NVIDIA H100 80GB HBM3
quality_base,42,ep3,14305,rw_mmlu:moral_disputes,0.2658959538,0.2456647399,NVIDIA H100 80GB HBM3
quality_base,42,ep3,14305,rw_mmlu:moral_scenarios,0.2379888268,0.2379888268,NVIDIA H100 80GB HBM3
quality_base,42,ep3,14305,rw_mmlu:nutrition,0.2777777778,0.3300653595,NVIDIA H100 80GB HBM3
quality_base,42,ep3,14305,rw_mmlu:philosophy,0.3183279743,0.2700964630,NVIDIA H100 80GB HBM3
quality_base,42,ep3,14305,rw_mmlu:prehistory,0.3611111111,0.2592592593,NVIDIA H100 80GB HBM3
quality_base,42,ep3,14305,rw_mmlu:professional_accounting,0.2801418440,0.2234042553,NVIDIA H100 80GB HBM3
quality_base,42,ep3,14305,rw_mmlu:professional_law,0.2496740548,0.2620599739,NVIDIA H100 80GB HBM3
quality_base,42,ep3,14305,rw_mmlu:professional_medicine,0.2610294118,0.2867647059,NVIDIA H100 80GB HBM3
quality_base,42,ep3,14305,rw_mmlu:professional_psychology,0.2908496732,0.2777777778,NVIDIA H100 80GB HBM3
quality_base,42,ep3,14305,rw_mmlu:public_relations,0.3727272727,0.2909090909,NVIDIA H100 80GB HBM3
quality_base,42,ep3,14305,rw_mmlu:security_studies,0.3142857143,0.2897959184,NVIDIA H100 80GB HBM3
quality_base,42,ep3,14305,rw_mmlu:sociology,0.2736318408,0.2835820896,NVIDIA H100 80GB HBM3
quality_base,42,ep3,14305,rw_mmlu:us_foreign_policy,0.3100000000,0.2500000000,NVIDIA H100 80GB HBM3
quality_base,42,ep3,14305,rw_mmlu:virology,0.2831325301,0.3373493976,NVIDIA H100 80GB HBM3
quality_base,42,ep3,14305,rw_mmlu:world_religions,0.3918128655,0.4444444444,NVIDIA H100 80GB HBM3
quality_base,42,ep3,14305,rw_openbookqa,0.1960000000,0.3280000000,NVIDIA H100 80GB HBM3
quality_base,42,ep3,14305,rw_piqa,0.6980413493,0.6985854189,NVIDIA H100 80GB HBM3
quality_base,42,ep3,14305,rw_siqa,0.4027635619,0.4089048106,NVIDIA H100 80GB HBM3
quality_base,42,ep1,4768,rw_arc:easy,0.5437710438,0.4629629630,NVIDIA H100 80GB HBM3
quality_base,42,ep1,4768,rw_commonsense_qa,0.2997542998,0.3005733006,NVIDIA H100 80GB HBM3
quality_base,42,ep1,4768,rw_hellaswag,0.3353913563,0.3889663414,NVIDIA H100 80GB HBM3
quality_base,42,ep1,4768,rw_mmlu:_average,0.2732007686,0.2831222488,NVIDIA H100 80GB HBM3
quality_base,42,ep1,4768,rw_mmlu:abstract_algebra,0.2400000000,0.2900000000,NVIDIA H100 80GB HBM3
quality_base,42,ep1,4768,rw_mmlu:anatomy,0.3037037037,0.2814814815,NVIDIA H100 80GB HBM3
quality_base,42,ep1,4768,rw_mmlu:astronomy,0.2697368421,0.3815789474,NVIDIA H100 80GB HBM3
quality_base,42,ep1,4768,rw_mmlu:business_ethics,0.4600000000,0.3800000000,NVIDIA H100 80GB HBM3
quality_base,42,ep1,4768,rw_mmlu:clinical_knowledge,0.2490566038,0.3169811321,NVIDIA H100 80GB HBM3
quality_base,42,ep1,4768,rw_mmlu:college_biology,0.3194444444,0.3055555556,NVIDIA H100 80GB HBM3
quality_base,42,ep1,4768,rw_mmlu:college_chemistry,0.2700000000,0.2500000000,NVIDIA H100 80GB HBM3
quality_base,42,ep1,4768,rw_mmlu:college_computer_science,0.2600000000,0.2400000000,NVIDIA H100 80GB HBM3
quality_base,42,ep1,4768,rw_mmlu:college_mathematics,0.2000000000,0.2300000000,NVIDIA H100 80GB HBM3
quality_base,42,ep1,4768,rw_mmlu:college_medicine,0.2658959538,0.2485549133,NVIDIA H100 80GB HBM3
quality_base,42,ep1,4768,rw_mmlu:college_physics,0.1960784314,0.2647058824,NVIDIA H100 80GB HBM3
quality_base,42,ep1,4768,rw_mmlu:computer_security,0.2600000000,0.3100000000,NVIDIA H100 80GB HBM3
quality_base,42,ep1,4768,rw_mmlu:conceptual_physics,0.3744680851,0.2765957447,NVIDIA H100 80GB HBM3
quality_base,42,ep1,4768,rw_mmlu:econometrics,0.2105263158,0.2105263158,NVIDIA H100 80GB HBM3
quality_base,42,ep1,4768,rw_mmlu:electrical_engineering,0.2689655172,0.3172413793,NVIDIA H100 80GB HBM3
quality_base,42,ep1,4768,rw_mmlu:elementary_mathematics,0.2354497354,0.2328042328,NVIDIA H100 80GB HBM3
quality_base,42,ep1,4768,rw_mmlu:formal_logic,0.2777777778,0.3015873016,NVIDIA H100 80GB HBM3
quality_base,42,ep1,4768,rw_mmlu:global_facts,0.2500000000,0.2900000000,NVIDIA H100 80GB HBM3
quality_base,42,ep1,4768,rw_mmlu:high_school_biology,0.2741935484,0.3451612903,NVIDIA H100 80GB HBM3
quality_base,42,ep1,4768,rw_mmlu:high_school_chemistry,0.1625615764,0.2068965517,NVIDIA H100 80GB HBM3
quality_base,42,ep1,4768,rw_mmlu:high_school_computer_science,0.2400000000,0.2200000000,NVIDIA H100 80GB HBM3
quality_base,42,ep1,4768,rw_mmlu:high_school_european_history,0.2848484848,0.3515151515,NVIDIA H100 80GB HBM3
quality_base,42,ep1,4768,rw_mmlu:high_school_geography,0.3333333333,0.3838383838,NVIDIA H100 80GB HBM3
quality_base,42,ep1,4768,rw_mmlu:high_school_government_and_politics,0.2901554404,0.3419689119,NVIDIA H100 80GB HBM3
quality_base,42,ep1,4768,rw_mmlu:high_school_macroeconomics,0.2589743590,0.2717948718,NVIDIA H100 80GB HBM3
quality_base,42,ep1,4768,rw_mmlu:high_school_mathematics,0.1555555556,0.1333333333,NVIDIA H100 80GB HBM3
quality_base,42,ep1,4768,rw_mmlu:high_school_microeconomics,0.2941176471,0.2815126050,NVIDIA H100 80GB HBM3
quality_base,42,ep1,4768,rw_mmlu:high_school_physics,0.2649006623,0.2582781457,NVIDIA H100 80GB HBM3
quality_base,42,ep1,4768,rw_mmlu:high_school_psychology,0.3577981651,0.3137614679,NVIDIA H100 80GB HBM3
quality_base,42,ep1,4768,rw_mmlu:high_school_statistics,0.2592592593,0.2638888889,NVIDIA H100 80GB HBM3
quality_base,42,ep1,4768,rw_mmlu:high_school_us_history,0.2647058824,0.3333333333,NVIDIA H100 80GB HBM3
quality_base,42,ep1,4768,rw_mmlu:high_school_world_history,0.2573839662,0.2911392405,NVIDIA H100 80GB HBM3
quality_base,42,ep1,4768,rw_mmlu:human_aging,0.3542600897,0.3049327354,NVIDIA H100 80GB HBM3
quality_base,42,ep1,4768,rw_mmlu:human_sexuality,0.3816793893,0.3816793893,NVIDIA H100 80GB HBM3
quality_base,42,ep1,4768,rw_mmlu:international_law,0.1735537190,0.2066115702,NVIDIA H100 80GB HBM3
quality_base,42,ep1,4768,rw_mmlu:jurisprudence,0.1944444444,0.2407407407,NVIDIA H100 80GB HBM3
quality_base,42,ep1,4768,rw_mmlu:logical_fallacies,0.3006134969,0.3190184049,NVIDIA H100 80GB HBM3
quality_base,42,ep1,4768,rw_mmlu:machine_learning,0.2500000000,0.2410714286,NVIDIA H100 80GB HBM3
quality_base,42,ep1,4768,rw_mmlu:management,0.2330097087,0.3398058252,NVIDIA H100 80GB HBM3
quality_base,42,ep1,4768,rw_mmlu:marketing,0.4017094017,0.3803418803,NVIDIA H100 80GB HBM3
quality_base,42,ep1,4768,rw_mmlu:medical_genetics,0.2400000000,0.2900000000,NVIDIA H100 80GB HBM3
quality_base,42,ep1,4768,rw_mmlu:miscellaneous,0.3754789272,0.3473818646,NVIDIA H100 80GB HBM3
quality_base,42,ep1,4768,rw_mmlu:moral_disputes,0.2254335260,0.2485549133,NVIDIA H100 80GB HBM3
quality_base,42,ep1,4768,rw_mmlu:moral_scenarios,0.2379888268,0.2379888268,NVIDIA H100 80GB HBM3
quality_base,42,ep1,4768,rw_mmlu:nutrition,0.2352941176,0.2777777778,NVIDIA H100 80GB HBM3
quality_base,42,ep1,4768,rw_mmlu:philosophy,0.2765273312,0.1993569132,NVIDIA H100 80GB HBM3
quality_base,42,ep1,4768,rw_mmlu:prehistory,0.3179012346,0.2469135802,NVIDIA H100 80GB HBM3
quality_base,42,ep1,4768,rw_mmlu:professional_accounting,0.2340425532,0.2198581560,NVIDIA H100 80GB HBM3
quality_base,42,ep1,4768,rw_mmlu:professional_law,0.2496740548,0.2588005215,NVIDIA H100 80GB HBM3
quality_base,42,ep1,4768,rw_mmlu:professional_medicine,0.2352941176,0.2904411765,NVIDIA H100 80GB HBM3
quality_base,42,ep1,4768,rw_mmlu:professional_psychology,0.2826797386,0.2663398693,NVIDIA H100 80GB HBM3
quality_base,42,ep1,4768,rw_mmlu:public_relations,0.3636363636,0.2727272727,NVIDIA H100 80GB HBM3
quality_base,42,ep1,4768,rw_mmlu:security_studies,0.3306122449,0.2775510204,NVIDIA H100 80GB HBM3
quality_base,42,ep1,4768,rw_mmlu:sociology,0.2437810945,0.2437810945,NVIDIA H100 80GB HBM3
quality_base,42,ep1,4768,rw_mmlu:us_foreign_policy,0.2800000000,0.2700000000,NVIDIA H100 80GB HBM3
quality_base,42,ep1,4768,rw_mmlu:virology,0.2710843373,0.3072289157,NVIDIA H100 80GB HBM3
quality_base,42,ep1,4768,rw_mmlu:world_religions,0.2748538012,0.3450292398,NVIDIA H100 80GB HBM3
quality_base,42,ep1,4768,rw_openbookqa,0.1700000000,0.3080000000,NVIDIA H100 80GB HBM3
quality_base,42,ep1,4768,rw_piqa,0.6817192601,0.6833514690,NVIDIA H100 80GB HBM3
quality_base,42,ep1,4768,rw_siqa,0.3863868987,0.3940634596,NVIDIA H100 80GB HBM3
quality_base,42,ep2,9537,rw_arc:easy,0.5909090909,0.5008417508,NVIDIA H100 80GB HBM3
quality_base,42,ep2,9537,rw_commonsense_qa,0.3423423423,0.2972972973,NVIDIA H100 80GB HBM3
quality_base,42,ep2,9537,rw_hellaswag,0.3691495718,0.4495120494,NVIDIA H100 80GB HBM3
quality_base,42,ep2,9537,rw_mmlu:_average,0.2849284954,0.2943985548,NVIDIA H100 80GB HBM3
quality_base,42,ep2,9537,rw_mmlu:abstract_algebra,0.2300000000,0.2600000000,NVIDIA H100 80GB HBM3
quality_base,42,ep2,9537,rw_mmlu:anatomy,0.2740740741,0.2888888889,NVIDIA H100 80GB HBM3
quality_base,42,ep2,9537,rw_mmlu:astronomy,0.2631578947,0.3684210526,NVIDIA H100 80GB HBM3
quality_base,42,ep2,9537,rw_mmlu:business_ethics,0.4800000000,0.3700000000,NVIDIA H100 80GB HBM3
quality_base,42,ep2,9537,rw_mmlu:clinical_knowledge,0.2566037736,0.3245283019,NVIDIA H100 80GB HBM3
quality_base,42,ep2,9537,rw_mmlu:college_biology,0.3541666667,0.3402777778,NVIDIA H100 80GB HBM3
quality_base,42,ep2,9537,rw_mmlu:college_chemistry,0.3100000000,0.2700000000,NVIDIA H100 80GB HBM3
quality_base,42,ep2,9537,rw_mmlu:college_computer_science,0.2400000000,0.2400000000,NVIDIA H100 80GB HBM3
quality_base,42,ep2,9537,rw_mmlu:college_mathematics,0.1800000000,0.2000000000,NVIDIA H100 80GB HBM3
quality_base,42,ep2,9537,rw_mmlu:college_medicine,0.2832369942,0.2369942197,NVIDIA H100 80GB HBM3
quality_base,42,ep2,9537,rw_mmlu:college_physics,0.1568627451,0.2156862745,NVIDIA H100 80GB HBM3
quality_base,42,ep2,9537,rw_mmlu:computer_security,0.2500000000,0.3500000000,NVIDIA H100 80GB HBM3
quality_base,42,ep2,9537,rw_mmlu:conceptual_physics,0.3872340426,0.2765957447,NVIDIA H100 80GB HBM3
quality_base,42,ep2,9537,rw_mmlu:econometrics,0.2192982456,0.2280701754,NVIDIA H100 80GB HBM3
quality_base,42,ep2,9537,rw_mmlu:electrical_engineering,0.2758620690,0.2965517241,NVIDIA H100 80GB HBM3
quality_base,42,ep2,9537,rw_mmlu:elementary_mathematics,0.2619047619,0.2513227513,NVIDIA H100 80GB HBM3
quality_base,42,ep2,9537,rw_mmlu:formal_logic,0.3095238095,0.3095238095,NVIDIA H100 80GB HBM3
quality_base,42,ep2,9537,rw_mmlu:global_facts,0.2200000000,0.2400000000,NVIDIA H100 80GB HBM3
quality_base,42,ep2,9537,rw_mmlu:high_school_biology,0.2903225806,0.3516129032,NVIDIA H100 80GB HBM3
quality_base,42,ep2,9537,rw_mmlu:high_school_chemistry,0.1871921182,0.2266009852,NVIDIA H100 80GB HBM3
quality_base,42,ep2,9537,rw_mmlu:high_school_computer_science,0.2500000000,0.2500000000,NVIDIA H100 80GB HBM3
quality_base,42,ep2,9537,rw_mmlu:high_school_european_history,0.2666666667,0.3515151515,NVIDIA H100 80GB HBM3
quality_base,42,ep2,9537,rw_mmlu:high_school_geography,0.3181818182,0.3737373737,NVIDIA H100 80GB HBM3
quality_base,42,ep2,9537,rw_mmlu:high_school_government_and_politics,0.3108808290,0.3678756477,NVIDIA H100 80GB HBM3
quality_base,42,ep2,9537,rw_mmlu:high_school_macroeconomics,0.2743589744,0.3256410256,NVIDIA H100 80GB HBM3
quality_base,42,ep2,9537,rw_mmlu:high_school_mathematics,0.1629629630,0.1629629630,NVIDIA H100 80GB HBM3
quality_base,42,ep2,9537,rw_mmlu:high_school_microeconomics,0.2857142857,0.3067226891,NVIDIA H100 80GB HBM3
quality_base,42,ep2,9537,rw_mmlu:high_school_physics,0.2582781457,0.2317880795,NVIDIA H100 80GB HBM3
quality_base,42,ep2,9537,rw_mmlu:high_school_psychology,0.4000000000,0.3357798165,NVIDIA H100 80GB HBM3
quality_base,42,ep2,9537,rw_mmlu:high_school_statistics,0.2592592593,0.2453703704,NVIDIA H100 80GB HBM3
quality_base,42,ep2,9537,rw_mmlu:high_school_us_history,0.3137254902,0.3529411765,NVIDIA H100 80GB HBM3
quality_base,42,ep2,9537,rw_mmlu:high_school_world_history,0.2827004219,0.2742616034,NVIDIA H100 80GB HBM3
quality_base,42,ep2,9537,rw_mmlu:human_aging,0.3497757848,0.3452914798,NVIDIA H100 80GB HBM3
quality_base,42,ep2,9537,rw_mmlu:human_sexuality,0.3511450382,0.3740458015,NVIDIA H100 80GB HBM3
quality_base,42,ep2,9537,rw_mmlu:international_law,0.1735537190,0.2561983471,NVIDIA H100 80GB HBM3
quality_base,42,ep2,9537,rw_mmlu:jurisprudence,0.2314814815,0.2962962963,NVIDIA H100 80GB HBM3
quality_base,42,ep2,9537,rw_mmlu:logical_fallacies,0.2822085890,0.3496932515,NVIDIA H100 80GB HBM3
quality_base,42,ep2,9537,rw_mmlu:machine_learning,0.2142857143,0.1875000000,NVIDIA H100 80GB HBM3
quality_base,42,ep2,9537,rw_mmlu:management,0.3009708738,0.3980582524,NVIDIA H100 80GB HBM3
quality_base,42,ep2,9537,rw_mmlu:marketing,0.4230769231,0.3846153846,NVIDIA H100 80GB HBM3
quality_base,42,ep2,9537,rw_mmlu:medical_genetics,0.2900000000,0.3300000000,NVIDIA H100 80GB HBM3
quality_base,42,ep2,9537,rw_mmlu:miscellaneous,0.4048531290,0.3780332056,NVIDIA H100 80GB HBM3
quality_base,42,ep2,9537,rw_mmlu:moral_disputes,0.2774566474,0.2485549133,NVIDIA H100 80GB HBM3
quality_base,42,ep2,9537,rw_mmlu:moral_scenarios,0.2379888268,0.2379888268,NVIDIA H100 80GB HBM3
quality_base,42,ep2,9537,rw_mmlu:nutrition,0.2450980392,0.3039215686,NVIDIA H100 80GB HBM3
quality_base,42,ep2,9537,rw_mmlu:philosophy,0.2926045016,0.2475884244,NVIDIA H100 80GB HBM3
quality_base,42,ep2,9537,rw_mmlu:prehistory,0.3672839506,0.2839506173,NVIDIA H100 80GB HBM3
quality_base,42,ep2,9537,rw_mmlu:professional_accounting,0.2588652482,0.2269503546,NVIDIA H100 80GB HBM3
quality_base,42,ep2,9537,rw_mmlu:professional_law,0.2503259452,0.2692307692,NVIDIA H100 80GB HBM3
quality_base,42,ep2,9537,rw_mmlu:professional_medicine,0.2463235294,0.2867647059,NVIDIA H100 80GB HBM3
quality_base,42,ep2,9537,rw_mmlu:professional_psychology,0.2924836601,0.2810457516,NVIDIA H100 80GB HBM3
quality_base,42,ep2,9537,rw_mmlu:public_relations,0.3818181818,0.2727272727,NVIDIA H100 80GB HBM3
quality_base,42,ep2,9537,rw_mmlu:security_studies,0.3061224490,0.2816326531,NVIDIA H100 80GB HBM3
quality_base,42,ep2,9537,rw_mmlu:sociology,0.2736318408,0.2885572139,NVIDIA H100 80GB HBM3
quality_base,42,ep2,9537,rw_mmlu:us_foreign_policy,0.3200000000,0.2700000000,NVIDIA H100 80GB HBM3
quality_base,42,ep2,9537,rw_mmlu:virology,0.2831325301,0.3373493976,NVIDIA H100 80GB HBM3
quality_base,42,ep2,9537,rw_mmlu:world_religions,0.3742690058,0.4210526316,NVIDIA H100 80GB HBM3
quality_base,42,ep2,9537,rw_openbookqa,0.1960000000,0.3400000000,NVIDIA H100 80GB HBM3
quality_base,42,ep2,9537,rw_piqa,0.6893362350,0.6898803047,NVIDIA H100 80GB HBM3
quality_base,42,ep2,9537,rw_siqa,0.3945752303,0.4063459570,NVIDIA H100 80GB HBM3
quality_base,43,ep3,14305,rw_arc:easy,0.6148989899,0.5138888889,NVIDIA H100 80GB HBM3
quality_base,43,ep3,14305,rw_commonsense_qa,0.3718263718,0.3210483210,NVIDIA H100 80GB HBM3
quality_base,43,ep3,14305,rw_hellaswag,0.3919537941,0.4898426608,NVIDIA H100 80GB HBM3
quality_base,43,ep3,14305,rw_mmlu:_average,0.2956361381,0.3062806072,NVIDIA H100 80GB HBM3
quality_base,43,ep3,14305,rw_mmlu:abstract_algebra,0.2500000000,0.2600000000,NVIDIA H100 80GB HBM3
quality_base,43,ep3,14305,rw_mmlu:anatomy,0.3333333333,0.3481481481,NVIDIA H100 80GB HBM3
quality_base,43,ep3,14305,rw_mmlu:astronomy,0.2960526316,0.3881578947,NVIDIA H100 80GB HBM3
quality_base,43,ep3,14305,rw_mmlu:business_ethics,0.5100000000,0.3400000000,NVIDIA H100 80GB HBM3
quality_base,43,ep3,14305,rw_mmlu:clinical_knowledge,0.2566037736,0.3773584906,NVIDIA H100 80GB HBM3
quality_base,43,ep3,14305,rw_mmlu:college_biology,0.3472222222,0.3125000000,NVIDIA H100 80GB HBM3
quality_base,43,ep3,14305,rw_mmlu:college_chemistry,0.2900000000,0.2800000000,NVIDIA H100 80GB HBM3
quality_base,43,ep3,14305,rw_mmlu:college_computer_science,0.2600000000,0.2300000000,NVIDIA H100 80GB HBM3
quality_base,43,ep3,14305,rw_mmlu:college_mathematics,0.1600000000,0.2500000000,NVIDIA H100 80GB HBM3
quality_base,43,ep3,14305,rw_mmlu:college_medicine,0.2543352601,0.2774566474,NVIDIA H100 80GB HBM3
quality_base,43,ep3,14305,rw_mmlu:college_physics,0.2058823529,0.2254901961,NVIDIA H100 80GB HBM3
quality_base,43,ep3,14305,rw_mmlu:computer_security,0.3400000000,0.3600000000,NVIDIA H100 80GB HBM3
quality_base,43,ep3,14305,rw_mmlu:conceptual_physics,0.4468085106,0.2978723404,NVIDIA H100 80GB HBM3
quality_base,43,ep3,14305,rw_mmlu:econometrics,0.2368421053,0.2368421053,NVIDIA H100 80GB HBM3
quality_base,43,ep3,14305,rw_mmlu:electrical_engineering,0.2413793103,0.2896551724,NVIDIA H100 80GB HBM3
quality_base,43,ep3,14305,rw_mmlu:elementary_mathematics,0.2566137566,0.2724867725,NVIDIA H100 80GB HBM3
quality_base,43,ep3,14305,rw_mmlu:formal_logic,0.3174603175,0.3253968254,NVIDIA H100 80GB HBM3
quality_base,43,ep3,14305,rw_mmlu:global_facts,0.2400000000,0.2500000000,NVIDIA H100 80GB HBM3
quality_base,43,ep3,14305,rw_mmlu:high_school_biology,0.3387096774,0.3612903226,NVIDIA H100 80GB HBM3
quality_base,43,ep3,14305,rw_mmlu:high_school_chemistry,0.1871921182,0.2413793103,NVIDIA H100 80GB HBM3
quality_base,43,ep3,14305,rw_mmlu:high_school_computer_science,0.2600000000,0.2800000000,NVIDIA H100 80GB HBM3
quality_base,43,ep3,14305,rw_mmlu:high_school_european_history,0.2666666667,0.3878787879,NVIDIA H100 80GB HBM3
quality_base,43,ep3,14305,rw_mmlu:high_school_geography,0.3282828283,0.3686868687,NVIDIA H100 80GB HBM3
quality_base,43,ep3,14305,rw_mmlu:high_school_government_and_politics,0.3678756477,0.4352331606,NVIDIA H100 80GB HBM3
quality_base,43,ep3,14305,rw_mmlu:high_school_macroeconomics,0.2794871795,0.3307692308,NVIDIA H100 80GB HBM3
quality_base,43,ep3,14305,rw_mmlu:high_school_mathematics,0.1703703704,0.1518518519,NVIDIA H100 80GB HBM3
quality_base,43,ep3,14305,rw_mmlu:high_school_microeconomics,0.2941176471,0.3445378151,NVIDIA H100 80GB HBM3
quality_base,43,ep3,14305,rw_mmlu:high_school_physics,0.2582781457,0.2450331126,NVIDIA H100 80GB HBM3
quality_base,43,ep3,14305,rw_mmlu:high_school_psychology,0.4183486239,0.3926605505,NVIDIA H100 80GB HBM3
quality_base,43,ep3,14305,rw_mmlu:high_school_statistics,0.2870370370,0.2777777778,NVIDIA H100 80GB HBM3
quality_base,43,ep3,14305,rw_mmlu:high_school_us_history,0.2598039216,0.3431372549,NVIDIA H100 80GB HBM3
quality_base,43,ep3,14305,rw_mmlu:high_school_world_history,0.2784810127,0.3206751055,NVIDIA H100 80GB HBM3
quality_base,43,ep3,14305,rw_mmlu:human_aging,0.4080717489,0.3632286996,NVIDIA H100 80GB HBM3
quality_base,43,ep3,14305,rw_mmlu:human_sexuality,0.3969465649,0.3587786260,NVIDIA H100 80GB HBM3
quality_base,43,ep3,14305,rw_mmlu:international_law,0.1983471074,0.2314049587,NVIDIA H100 80GB HBM3
quality_base,43,ep3,14305,rw_mmlu:jurisprudence,0.2037037037,0.2870370370,NVIDIA H100 80GB HBM3
quality_base,43,ep3,14305,rw_mmlu:logical_fallacies,0.3006134969,0.3435582822,NVIDIA H100 80GB HBM3
quality_base,43,ep3,14305,rw_mmlu:machine_learning,0.2142857143,0.1785714286,NVIDIA H100 80GB HBM3
quality_base,43,ep3,14305,rw_mmlu:management,0.3106796117,0.4174757282,NVIDIA H100 80GB HBM3
quality_base,43,ep3,14305,rw_mmlu:marketing,0.4444444444,0.4401709402,NVIDIA H100 80GB HBM3
quality_base,43,ep3,14305,rw_mmlu:medical_genetics,0.2900000000,0.3000000000,NVIDIA H100 80GB HBM3
quality_base,43,ep3,14305,rw_mmlu:miscellaneous,0.4316730524,0.3946360153,NVIDIA H100 80GB HBM3
quality_base,43,ep3,14305,rw_mmlu:moral_disputes,0.2861271676,0.2745664740,NVIDIA H100 80GB HBM3
quality_base,43,ep3,14305,rw_mmlu:moral_scenarios,0.2379888268,0.2379888268,NVIDIA H100 80GB HBM3
quality_base,43,ep3,14305,rw_mmlu:nutrition,0.2549019608,0.2973856209,NVIDIA H100 80GB HBM3
quality_base,43,ep3,14305,rw_mmlu:philosophy,0.2893890675,0.2508038585,NVIDIA H100 80GB HBM3
quality_base,43,ep3,14305,rw_mmlu:prehistory,0.3765432099,0.3209876543,NVIDIA H100 80GB HBM3
quality_base,43,ep3,14305,rw_mmlu:professional_accounting,0.2695035461,0.2163120567,NVIDIA H100 80GB HBM3
quality_base,43,ep3,14305,rw_mmlu:professional_law,0.2431551499,0.2607561930,NVIDIA H100 80GB HBM3
quality_base,43,ep3,14305,rw_mmlu:professional_medicine,0.2647058824,0.2904411765,NVIDIA H100 80GB HBM3
quality_base,43,ep3,14305,rw_mmlu:professional_psychology,0.2908496732,0.2826797386,NVIDIA H100 80GB HBM3
quality_base,43,ep3,14305,rw_mmlu:public_relations,0.3909090909,0.2545454545,NVIDIA H100 80GB HBM3
quality_base,43,ep3,14305,rw_mmlu:security_studies,0.3306122449,0.2816326531,NVIDIA H100 80GB HBM3
quality_base,43,ep3,14305,rw_mmlu:sociology,0.2786069652,0.2985074627,NVIDIA H100 80GB HBM3
quality_base,43,ep3,14305,rw_mmlu:us_foreign_policy,0.3100000000,0.3100000000,NVIDIA H100 80GB HBM3
quality_base,43,ep3,14305,rw_mmlu:virology,0.2469879518,0.3373493976,NVIDIA H100 80GB HBM3
quality_base,43,ep3,14305,rw_mmlu:world_religions,0.3450292398,0.4269005848,NVIDIA H100 80GB HBM3
quality_base,43,ep3,14305,rw_openbookqa,0.2080000000,0.3380000000,NVIDIA H100 80GB HBM3
quality_base,43,ep3,14305,rw_piqa,0.7067464635,0.7062023939,NVIDIA H100 80GB HBM3
quality_base,43,ep3,14305,rw_siqa,0.3981576254,0.4012282497,NVIDIA H100 80GB HBM3
quality_base,43,ep1,4768,rw_arc:easy,0.5526094276,0.4524410774,NVIDIA H100 80GB HBM3
quality_base,43,ep1,4768,rw_commonsense_qa,0.3374283374,0.3054873055,NVIDIA H100 80GB HBM3
quality_base,43,ep1,4768,rw_hellaswag,0.3379804820,0.3930491934,NVIDIA H100 80GB HBM3
quality_base,43,ep1,4768,rw_mmlu:_average,0.2773748095,0.2831828641,NVIDIA H100 80GB HBM3
quality_base,43,ep1,4768,rw_mmlu:abstract_algebra,0.1600000000,0.2000000000,NVIDIA H100 80GB HBM3
quality_base,43,ep1,4768,rw_mmlu:anatomy,0.2814814815,0.2962962963,NVIDIA H100 80GB HBM3
quality_base,43,ep1,4768,rw_mmlu:astronomy,0.2105263158,0.3157894737,NVIDIA H100 80GB HBM3
quality_base,43,ep1,4768,rw_mmlu:business_ethics,0.5200000000,0.3900000000,NVIDIA H100 80GB HBM3
quality_base,43,ep1,4768,rw_mmlu:clinical_knowledge,0.2415094340,0.3509433962,NVIDIA H100 80GB HBM3
quality_base,43,ep1,4768,rw_mmlu:college_biology,0.3541666667,0.3472222222,NVIDIA H100 80GB HBM3
quality_base,43,ep1,4768,rw_mmlu:college_chemistry,0.3300000000,0.2700000000,NVIDIA H100 80GB HBM3
quality_base,43,ep1,4768,rw_mmlu:college_computer_science,0.2600000000,0.2400000000,NVIDIA H100 80GB HBM3
quality_base,43,ep1,4768,rw_mmlu:college_mathematics,0.1600000000,0.2200000000,NVIDIA H100 80GB HBM3
quality_base,43,ep1,4768,rw_mmlu:college_medicine,0.2485549133,0.2601156069,NVIDIA H100 80GB HBM3
quality_base,43,ep1,4768,rw_mmlu:college_physics,0.2058823529,0.2254901961,NVIDIA H100 80GB HBM3
quality_base,43,ep1,4768,rw_mmlu:computer_security,0.3100000000,0.2900000000,NVIDIA H100 80GB HBM3
quality_base,43,ep1,4768,rw_mmlu:conceptual_physics,0.3787234043,0.2765957447,NVIDIA H100 80GB HBM3
quality_base,43,ep1,4768,rw_mmlu:econometrics,0.2105263158,0.2017543860,NVIDIA H100 80GB HBM3
quality_base,43,ep1,4768,rw_mmlu:electrical_engineering,0.2482758621,0.2827586207,NVIDIA H100 80GB HBM3
quality_base,43,ep1,4768,rw_mmlu:elementary_mathematics,0.2433862434,0.2460317460,NVIDIA H100 80GB HBM3
quality_base,43,ep1,4768,rw_mmlu:formal_logic,0.3095238095,0.3095238095,NVIDIA H100 80GB HBM3
quality_base,43,ep1,4768,rw_mmlu:global_facts,0.2600000000,0.3000000000,NVIDIA H100 80GB HBM3
quality_base,43,ep1,4768,rw_mmlu:high_school_biology,0.2903225806,0.3354838710,NVIDIA H100 80GB HBM3
quality_base,43,ep1,4768,rw_mmlu:high_school_chemistry,0.1674876847,0.2118226601,NVIDIA H100 80GB HBM3
quality_base,43,ep1,4768,rw_mmlu:high_school_computer_science,0.2600000000,0.2600000000,NVIDIA H100 80GB HBM3
quality_base,43,ep1,4768,rw_mmlu:high_school_european_history,0.2727272727,0.3636363636,NVIDIA H100 80GB HBM3
quality_base,43,ep1,4768,rw_mmlu:high_school_geography,0.3282828283,0.3333333333,NVIDIA H100 80GB HBM3
quality_base,43,ep1,4768,rw_mmlu:high_school_government_and_politics,0.3212435233,0.3678756477,NVIDIA H100 80GB HBM3
quality_base,43,ep1,4768,rw_mmlu:high_school_macroeconomics,0.2846153846,0.3153846154,NVIDIA H100 80GB HBM3
quality_base,43,ep1,4768,rw_mmlu:high_school_mathematics,0.1407407407,0.1444444444,NVIDIA H100 80GB HBM3
quality_base,43,ep1,4768,rw_mmlu:high_school_microeconomics,0.2773109244,0.3319327731,NVIDIA H100 80GB HBM3
quality_base,43,ep1,4768,rw_mmlu:high_school_physics,0.2649006623,0.2251655629,NVIDIA H100 80GB HBM3
quality_base,43,ep1,4768,rw_mmlu:high_school_psychology,0.3761467890,0.3192660550,NVIDIA H100 80GB HBM3
quality_base,43,ep1,4768,rw_mmlu:high_school_statistics,0.2500000000,0.2731481481,NVIDIA H100 80GB HBM3
quality_base,43,ep1,4768,rw_mmlu:high_school_us_history,0.2549019608,0.3088235294,NVIDIA H100 80GB HBM3
quality_base,43,ep1,4768,rw_mmlu:high_school_world_history,0.2616033755,0.2827004219,NVIDIA H100 80GB HBM3
quality_base,43,ep1,4768,rw_mmlu:human_aging,0.3677130045,0.3183856502,NVIDIA H100 80GB HBM3
quality_base,43,ep1,4768,rw_mmlu:human_sexuality,0.3664122137,0.3664122137,NVIDIA H100 80GB HBM3
quality_base,43,ep1,4768,rw_mmlu:international_law,0.1735537190,0.2479338843,NVIDIA H100 80GB HBM3
quality_base,43,ep1,4768,rw_mmlu:jurisprudence,0.1759259259,0.2129629630,NVIDIA H100 80GB HBM3
quality_base,43,ep1,4768,rw_mmlu:logical_fallacies,0.2944785276,0.2822085890,NVIDIA H100 80GB HBM3
quality_base,43,ep1,4768,rw_mmlu:machine_learning,0.2767857143,0.2857142857,NVIDIA H100 80GB HBM3
quality_base,43,ep1,4768,rw_mmlu:management,0.2815533981,0.3689320388,NVIDIA H100 80GB HBM3
quality_base,43,ep1,4768,rw_mmlu:marketing,0.4059829060,0.4059829060,NVIDIA H100 80GB HBM3
quality_base,43,ep1,4768,rw_mmlu:medical_genetics,0.2700000000,0.2800000000,NVIDIA H100 80GB HBM3
quality_base,43,ep1,4768,rw_mmlu:miscellaneous,0.3690932312,0.3320561941,NVIDIA H100 80GB HBM3
quality_base,43,ep1,4768,rw_mmlu:moral_disputes,0.2601156069,0.2572254335,NVIDIA H100 80GB HBM3
quality_base,43,ep1,4768,rw_mmlu:moral_scenarios,0.2379888268,0.2379888268,NVIDIA H100 80GB HBM3
quality_base,43,ep1,4768,rw_mmlu:nutrition,0.2418300654,0.3104575163,NVIDIA H100 80GB HBM3
quality_base,43,ep1,4768,rw_mmlu:philosophy,0.2475884244,0.2057877814,NVIDIA H100 80GB HBM3
quality_base,43,ep1,4768,rw_mmlu:prehistory,0.3333333333,0.2500000000,NVIDIA H100 80GB HBM3
quality_base,43,ep1,4768,rw_mmlu:professional_accounting,0.2907801418,0.2092198582,NVIDIA H100 80GB HBM3
quality_base,43,ep1,4768,rw_mmlu:professional_law,0.2516297262,0.2568448501,NVIDIA H100 80GB HBM3
quality_base,43,ep1,4768,rw_mmlu:professional_medicine,0.2573529412,0.2904411765,NVIDIA H100 80GB HBM3
quality_base,43,ep1,4768,rw_mmlu:professional_psychology,0.2875816993,0.2679738562,NVIDIA H100 80GB HBM3
quality_base,43,ep1,4768,rw_mmlu:public_relations,0.4090909091,0.2909090909,NVIDIA H100 80GB HBM3
quality_base,43,ep1,4768,rw_mmlu:security_studies,0.2979591837,0.2653061224,NVIDIA H100 80GB HBM3
quality_base,43,ep1,4768,rw_mmlu:sociology,0.2487562189,0.2089552239,NVIDIA H100 80GB HBM3
quality_base,43,ep1,4768,rw_mmlu:us_foreign_policy,0.2600000000,0.2600000000,NVIDIA H100 80GB HBM3
quality_base,43,ep1,4768,rw_mmlu:virology,0.2530120482,0.2891566265,NVIDIA H100 80GB HBM3
quality_base,43,ep1,4768,rw_mmlu:world_religions,0.2690058480,0.3450292398,NVIDIA H100 80GB HBM3
quality_base,43,ep1,4768,rw_openbookqa,0.1720000000,0.2960000000,NVIDIA H100 80GB HBM3
quality_base,43,ep1,4768,rw_piqa,0.6779107726,0.6735582155,NVIDIA H100 80GB HBM3
quality_base,43,ep1,4768,rw_siqa,0.3868986694,0.3961105425,NVIDIA H100 80GB HBM3
quality_base,43,ep2,9537,rw_arc:easy,0.5930134680,0.4970538721,NVIDIA H100 80GB HBM3
quality_base,43,ep2,9537,rw_commonsense_qa,0.3669123669,0.3235053235,NVIDIA H100 80GB HBM3
quality_base,43,ep2,9537,rw_hellaswag,0.3758215495,0.4579764987,NVIDIA H100 80GB HBM3
quality_base,43,ep2,9537,rw_mmlu:_average,0.2861720812,0.2961536619,NVIDIA H100 80GB HBM3
quality_base,43,ep2,9537,rw_mmlu:abstract_algebra,0.1800000000,0.2100000000,NVIDIA H100 80GB HBM3
quality_base,43,ep2,9537,rw_mmlu:anatomy,0.3185185185,0.3481481481,NVIDIA H100 80GB HBM3
quality_base,43,ep2,9537,rw_mmlu:astronomy,0.2631578947,0.3552631579,NVIDIA H100 80GB HBM3
quality_base,43,ep2,9537,rw_mmlu:business_ethics,0.5400000000,0.3500000000,NVIDIA H100 80GB HBM3
quality_base,43,ep2,9537,rw_mmlu:clinical_knowledge,0.2490566038,0.3584905660,NVIDIA H100 80GB HBM3
quality_base,43,ep2,9537,rw_mmlu:college_biology,0.3402777778,0.3194444444,NVIDIA H100 80GB HBM3
quality_base,43,ep2,9537,rw_mmlu:college_chemistry,0.3000000000,0.2800000000,NVIDIA H100 80GB HBM3
quality_base,43,ep2,9537,rw_mmlu:college_computer_science,0.2900000000,0.2600000000,NVIDIA H100 80GB HBM3
quality_base,43,ep2,9537,rw_mmlu:college_mathematics,0.1800000000,0.2500000000,NVIDIA H100 80GB HBM3
quality_base,43,ep2,9537,rw_mmlu:college_medicine,0.2774566474,0.2601156069,NVIDIA H100 80GB HBM3
quality_base,43,ep2,9537,rw_mmlu:college_physics,0.1862745098,0.2058823529,NVIDIA H100 80GB HBM3
quality_base,43,ep2,9537,rw_mmlu:computer_security,0.3200000000,0.4000000000,NVIDIA H100 80GB HBM3
quality_base,43,ep2,9537,rw_mmlu:conceptual_physics,0.3957446809,0.3021276596,NVIDIA H100 80GB HBM3
quality_base,43,ep2,9537,rw_mmlu:econometrics,0.2368421053,0.2280701754,NVIDIA H100 80GB HBM3
quality_base,43,ep2,9537,rw_mmlu:electrical_engineering,0.2275862069,0.3103448276,NVIDIA H100 80GB HBM3
quality_base,43,ep2,9537,rw_mmlu:elementary_mathematics,0.2513227513,0.2619047619,NVIDIA H100 80GB HBM3
quality_base,43,ep2,9537,rw_mmlu:formal_logic,0.3015873016,0.3095238095,NVIDIA H100 80GB HBM3
quality_base,43,ep2,9537,rw_mmlu:global_facts,0.2500000000,0.2600000000,NVIDIA H100 80GB HBM3
quality_base,43,ep2,9537,rw_mmlu:high_school_biology,0.2903225806,0.3580645161,NVIDIA H100 80GB HBM3
quality_base,43,ep2,9537,rw_mmlu:high_school_chemistry,0.1527093596,0.2068965517,NVIDIA H100 80GB HBM3
quality_base,43,ep2,9537,rw_mmlu:high_school_computer_science,0.2400000000,0.2400000000,NVIDIA H100 80GB HBM3
quality_base,43,ep2,9537,rw_mmlu:high_school_european_history,0.2969696970,0.4000000000,NVIDIA H100 80GB HBM3
quality_base,43,ep2,9537,rw_mmlu:high_school_geography,0.3181818182,0.3636363636,NVIDIA H100 80GB HBM3
quality_base,43,ep2,9537,rw_mmlu:high_school_government_and_politics,0.3419689119,0.3834196891,NVIDIA H100 80GB HBM3
quality_base,43,ep2,9537,rw_mmlu:high_school_macroeconomics,0.2666666667,0.2897435897,NVIDIA H100 80GB HBM3
quality_base,43,ep2,9537,rw_mmlu:high_school_mathematics,0.1518518519,0.1333333333,NVIDIA H100 80GB HBM3
quality_base,43,ep2,9537,rw_mmlu:high_school_microeconomics,0.2899159664,0.3445378151,NVIDIA H100 80GB HBM3
quality_base,43,ep2,9537,rw_mmlu:high_school_physics,0.2913907285,0.2450331126,NVIDIA H100 80GB HBM3
quality_base,43,ep2,9537,rw_mmlu:high_school_psychology,0.3981651376,0.3743119266,NVIDIA H100 80GB HBM3
quality_base,43,ep2,9537,rw_mmlu:high_school_statistics,0.2685185185,0.2731481481,NVIDIA H100 80GB HBM3
quality_base,43,ep2,9537,rw_mmlu:high_school_us_history,0.2598039216,0.3137254902,NVIDIA H100 80GB HBM3
quality_base,43,ep2,9537,rw_mmlu:high_school_world_history,0.2700421941,0.3037974684,NVIDIA H100 80GB HBM3
quality_base,43,ep2,9537,rw_mmlu:human_aging,0.3811659193,0.3228699552,NVIDIA H100 80GB HBM3
quality_base,43,ep2,9537,rw_mmlu:human_sexuality,0.3511450382,0.3511450382,NVIDIA H100 80GB HBM3
quality_base,43,ep2,9537,rw_mmlu:international_law,0.1900826446,0.2479338843,NVIDIA H100 80GB HBM3
quality_base,43,ep2,9537,rw_mmlu:jurisprudence,0.1851851852,0.2129629630,NVIDIA H100 80GB HBM3
quality_base,43,ep2,9537,rw_mmlu:logical_fallacies,0.3067484663,0.3312883436,NVIDIA H100 80GB HBM3
quality_base,43,ep2,9537,rw_mmlu:machine_learning,0.2589285714,0.2232142857,NVIDIA H100 80GB HBM3
quality_base,43,ep2,9537,rw_mmlu:management,0.3106796117,0.4174757282,NVIDIA H100 80GB HBM3
quality_base,43,ep2,9537,rw_mmlu:marketing,0.4658119658,0.4700854701,NVIDIA H100 80GB HBM3
quality_base,43,ep2,9537,rw_mmlu:medical_genetics,0.2400000000,0.3200000000,NVIDIA H100 80GB HBM3
quality_base,43,ep2,9537,rw_mmlu:miscellaneous,0.4022988506,0.3831417625,NVIDIA H100 80GB HBM3
quality_base,43,ep2,9537,rw_mmlu:moral_disputes,0.2658959538,0.2427745665,NVIDIA H100 80GB HBM3
quality_base,43,ep2,9537,rw_mmlu:moral_scenarios,0.2368715084,0.2368715084,NVIDIA H100 80GB HBM3
quality_base,43,ep2,9537,rw_mmlu:nutrition,0.2581699346,0.2973856209,NVIDIA H100 80GB HBM3
quality_base,43,ep2,9537,rw_mmlu:philosophy,0.2893890675,0.2411575563,NVIDIA H100 80GB HBM3
quality_base,43,ep2,9537,rw_mmlu:prehistory,0.3641975309,0.2839506173,NVIDIA H100 80GB HBM3
quality_base,43,ep2,9537,rw_mmlu:professional_accounting,0.2553191489,0.2056737589,NVIDIA H100 80GB HBM3
quality_base,43,ep2,9537,rw_mmlu:professional_law,0.2444589309,0.2653194263,NVIDIA H100 80GB HBM3
quality_base,43,ep2,9537,rw_mmlu:professional_medicine,0.2500000000,0.2941176471,NVIDIA H100 80GB HBM3
quality_base,43,ep2,9537,rw_mmlu:professional_psychology,0.2810457516,0.2679738562,NVIDIA H100 80GB HBM3
quality_base,43,ep2,9537,rw_mmlu:public_relations,0.4090909091,0.2545454545,NVIDIA H100 80GB HBM3
quality_base,43,ep2,9537,rw_mmlu:security_studies,0.3102040816,0.2816326531,NVIDIA H100 80GB HBM3
quality_base,43,ep2,9537,rw_mmlu:sociology,0.2636815920,0.2686567164,NVIDIA H100 80GB HBM3
quality_base,43,ep2,9537,rw_mmlu:us_foreign_policy,0.2900000000,0.2500000000,NVIDIA H100 80GB HBM3
quality_base,43,ep2,9537,rw_mmlu:virology,0.2530120482,0.3373493976,NVIDIA H100 80GB HBM3
quality_base,43,ep2,9537,rw_mmlu:world_religions,0.3040935673,0.3742690058,NVIDIA H100 80GB HBM3
quality_base,43,ep2,9537,rw_openbookqa,0.1880000000,0.3200000000,NVIDIA H100 80GB HBM3
quality_base,43,ep2,9537,rw_piqa,0.6980413493,0.7002176279,NVIDIA H100 80GB HBM3
quality_base,43,ep2,9537,rw_siqa,0.4017400205,0.3930399181,NVIDIA H100 80GB HBM3
quality_base,44,ep3,14305,rw_arc:easy,0.6186868687,0.5412457912,NVIDIA H100 80GB HBM3
quality_base,44,ep3,14305,rw_commonsense_qa,0.3800163800,0.3292383292,NVIDIA H100 80GB HBM3
quality_base,44,ep3,14305,rw_hellaswag,0.3850826529,0.4793865764,NVIDIA H100 80GB HBM3
quality_base,44,ep3,14305,rw_mmlu:_average,0.2912353498,0.3058779159,NVIDIA H100 80GB HBM3
quality_base,44,ep3,14305,rw_mmlu:abstract_algebra,0.2400000000,0.2900000000,NVIDIA H100 80GB HBM3
quality_base,44,ep3,14305,rw_mmlu:anatomy,0.3481481481,0.3555555556,NVIDIA H100 80GB HBM3
quality_base,44,ep3,14305,rw_mmlu:astronomy,0.2763157895,0.3289473684,NVIDIA H100 80GB HBM3
quality_base,44,ep3,14305,rw_mmlu:business_ethics,0.5100000000,0.3800000000,NVIDIA H100 80GB HBM3
quality_base,44,ep3,14305,rw_mmlu:clinical_knowledge,0.2339622642,0.3584905660,NVIDIA H100 80GB HBM3
quality_base,44,ep3,14305,rw_mmlu:college_biology,0.3333333333,0.3541666667,NVIDIA H100 80GB HBM3
quality_base,44,ep3,14305,rw_mmlu:college_chemistry,0.2500000000,0.2700000000,NVIDIA H100 80GB HBM3
quality_base,44,ep3,14305,rw_mmlu:college_computer_science,0.2900000000,0.2300000000,NVIDIA H100 80GB HBM3
quality_base,44,ep3,14305,rw_mmlu:college_mathematics,0.1600000000,0.2700000000,NVIDIA H100 80GB HBM3
quality_base,44,ep3,14305,rw_mmlu:college_medicine,0.2832369942,0.2832369942,NVIDIA H100 80GB HBM3
quality_base,44,ep3,14305,rw_mmlu:college_physics,0.2156862745,0.2647058824,NVIDIA H100 80GB HBM3
quality_base,44,ep3,14305,rw_mmlu:computer_security,0.3200000000,0.3600000000,NVIDIA H100 80GB HBM3
quality_base,44,ep3,14305,rw_mmlu:conceptual_physics,0.3829787234,0.3319148936,NVIDIA H100 80GB HBM3
quality_base,44,ep3,14305,rw_mmlu:econometrics,0.2456140351,0.2368421053,NVIDIA H100 80GB HBM3
quality_base,44,ep3,14305,rw_mmlu:electrical_engineering,0.2689655172,0.3172413793,NVIDIA H100 80GB HBM3
quality_base,44,ep3,14305,rw_mmlu:elementary_mathematics,0.2645502646,0.2619047619,NVIDIA H100 80GB HBM3
quality_base,44,ep3,14305,rw_mmlu:formal_logic,0.3333333333,0.3253968254,NVIDIA H100 80GB HBM3
quality_base,44,ep3,14305,rw_mmlu:global_facts,0.2400000000,0.2400000000,NVIDIA H100 80GB HBM3
quality_base,44,ep3,14305,rw_mmlu:high_school_biology,0.2967741935,0.3419354839,NVIDIA H100 80GB HBM3
quality_base,44,ep3,14305,rw_mmlu:high_school_chemistry,0.2216748768,0.2709359606,NVIDIA H100 80GB HBM3
quality_base,44,ep3,14305,rw_mmlu:high_school_computer_science,0.2400000000,0.2400000000,NVIDIA H100 80GB HBM3
quality_base,44,ep3,14305,rw_mmlu:high_school_european_history,0.2727272727,0.3757575758,NVIDIA H100 80GB HBM3
quality_base,44,ep3,14305,rw_mmlu:high_school_geography,0.3282828283,0.3888888889,NVIDIA H100 80GB HBM3
quality_base,44,ep3,14305,rw_mmlu:high_school_government_and_politics,0.3316062176,0.3678756477,NVIDIA H100 80GB HBM3
quality_base,44,ep3,14305,rw_mmlu:high_school_macroeconomics,0.2897435897,0.3230769231,NVIDIA H100 80GB HBM3
quality_base,44,ep3,14305,rw_mmlu:high_school_mathematics,0.1481481481,0.1333333333,NVIDIA H100 80GB HBM3
quality_base,44,ep3,14305,rw_mmlu:high_school_microeconomics,0.2815126050,0.3613445378,NVIDIA H100 80GB HBM3
quality_base,44,ep3,14305,rw_mmlu:high_school_physics,0.2516556291,0.2185430464,NVIDIA H100 80GB HBM3
quality_base,44,ep3,14305,rw_mmlu:high_school_psychology,0.4055045872,0.3871559633,NVIDIA H100 80GB HBM3
quality_base,44,ep3,14305,rw_mmlu:high_school_statistics,0.2592592593,0.2731481481,NVIDIA H100 80GB HBM3
quality_base,44,ep3,14305,rw_mmlu:high_school_us_history,0.2794117647,0.3382352941,NVIDIA H100 80GB HBM3
quality_base,44,ep3,14305,rw_mmlu:high_school_world_history,0.2869198312,0.3122362869,NVIDIA H100 80GB HBM3
quality_base,44,ep3,14305,rw_mmlu:human_aging,0.3721973094,0.3542600897,NVIDIA H100 80GB HBM3
quality_base,44,ep3,14305,rw_mmlu:human_sexuality,0.3282442748,0.3664122137,NVIDIA H100 80GB HBM3
quality_base,44,ep3,14305,rw_mmlu:international_law,0.1818181818,0.2644628099,NVIDIA H100 80GB HBM3
quality_base,44,ep3,14305,rw_mmlu:jurisprudence,0.2314814815,0.2870370370,NVIDIA H100 80GB HBM3
quality_base,44,ep3,14305,rw_mmlu:logical_fallacies,0.2822085890,0.3312883436,NVIDIA H100 80GB HBM3
quality_base,44,ep3,14305,rw_mmlu:machine_learning,0.2500000000,0.2142857143,NVIDIA H100 80GB HBM3
quality_base,44,ep3,14305,rw_mmlu:management,0.2815533981,0.4466019417,NVIDIA H100 80GB HBM3
quality_base,44,ep3,14305,rw_mmlu:marketing,0.4658119658,0.4529914530,NVIDIA H100 80GB HBM3
quality_base,44,ep3,14305,rw_mmlu:medical_genetics,0.3000000000,0.3000000000,NVIDIA H100 80GB HBM3
quality_base,44,ep3,14305,rw_mmlu:miscellaneous,0.4227330779,0.3984674330,NVIDIA H100 80GB HBM3
quality_base,44,ep3,14305,rw_mmlu:moral_disputes,0.2745664740,0.2716763006,NVIDIA H100 80GB HBM3
quality_base,44,ep3,14305,rw_mmlu:moral_scenarios,0.2379888268,0.2379888268,NVIDIA H100 80GB HBM3
quality_base,44,ep3,14305,rw_mmlu:nutrition,0.2516339869,0.3169934641,NVIDIA H100 80GB HBM3
quality_base,44,ep3,14305,rw_mmlu:philosophy,0.2926045016,0.2379421222,NVIDIA H100 80GB HBM3
quality_base,44,ep3,14305,rw_mmlu:prehistory,0.3734567901,0.2962962963,NVIDIA H100 80GB HBM3
quality_base,44,ep3,14305,rw_mmlu:professional_accounting,0.2730496454,0.2163120567,NVIDIA H100 80GB HBM3
quality_base,44,ep3,14305,rw_mmlu:professional_law,0.2477183833,0.2659713168,NVIDIA H100 80GB HBM3
quality_base,44,ep3,14305,rw_mmlu:professional_medicine,0.2500000000,0.2830882353,NVIDIA H100 80GB HBM3
quality_base,44,ep3,14305,rw_mmlu:professional_psychology,0.2875816993,0.2957516340,NVIDIA H100 80GB HBM3
quality_base,44,ep3,14305,rw_mmlu:public_relations,0.3727272727,0.2727272727,NVIDIA H100 80GB HBM3
quality_base,44,ep3,14305,rw_mmlu:security_studies,0.3102040816,0.2612244898,NVIDIA H100 80GB HBM3
quality_base,44,ep3,14305,rw_mmlu:sociology,0.2736318408,0.2835820896,NVIDIA H100 80GB HBM3
quality_base,44,ep3,14305,rw_mmlu:us_foreign_policy,0.3100000000,0.2600000000,NVIDIA H100 80GB HBM3
quality_base,44,ep3,14305,rw_mmlu:virology,0.2831325301,0.3253012048,NVIDIA H100 80GB HBM3
quality_base,44,ep3,14305,rw_mmlu:world_religions,0.3567251462,0.4035087719,NVIDIA H100 80GB HBM3
quality_base,44,ep3,14305,rw_openbookqa,0.2120000000,0.3580000000,NVIDIA H100 80GB HBM3
quality_base,44,ep3,14305,rw_piqa,0.7045701850,0.7056583243,NVIDIA H100 80GB HBM3
quality_base,44,ep3,14305,rw_siqa,0.3930399181,0.4053224156,NVIDIA H100 80GB HBM3
quality_base,44,ep1,4768,rw_arc:easy,0.5307239057,0.4431818182,NVIDIA H100 80GB HBM3
quality_base,44,ep1,4768,rw_commonsense_qa,0.3202293202,0.2972972973,NVIDIA H100 80GB HBM3
quality_base,44,ep1,4768,rw_hellaswag,0.3321051583,0.3875721968,NVIDIA H100 80GB HBM3
quality_base,44,ep1,4768,rw_mmlu:_average,0.2711778515,0.2784947857,NVIDIA H100 80GB HBM3
quality_base,44,ep1,4768,rw_mmlu:abstract_algebra,0.2200000000,0.2600000000,NVIDIA H100 80GB HBM3
quality_base,44,ep1,4768,rw_mmlu:anatomy,0.3259259259,0.2888888889,NVIDIA H100 80GB HBM3
quality_base,44,ep1,4768,rw_mmlu:astronomy,0.2500000000,0.3618421053,NVIDIA H100 80GB HBM3
quality_base,44,ep1,4768,rw_mmlu:business_ethics,0.5200000000,0.4100000000,NVIDIA H100 80GB HBM3
quality_base,44,ep1,4768,rw_mmlu:clinical_knowledge,0.2528301887,0.3433962264,NVIDIA H100 80GB HBM3
quality_base,44,ep1,4768,rw_mmlu:college_biology,0.2777777778,0.2916666667,NVIDIA H100 80GB HBM3
quality_base,44,ep1,4768,rw_mmlu:college_chemistry,0.3000000000,0.2400000000,NVIDIA H100 80GB HBM3
quality_base,44,ep1,4768,rw_mmlu:college_computer_science,0.2400000000,0.2500000000,NVIDIA H100 80GB HBM3
quality_base,44,ep1,4768,rw_mmlu:college_mathematics,0.1400000000,0.2200000000,NVIDIA H100 80GB HBM3
quality_base,44,ep1,4768,rw_mmlu:college_medicine,0.2543352601,0.2369942197,NVIDIA H100 80GB HBM3
quality_base,44,ep1,4768,rw_mmlu:college_physics,0.1862745098,0.2352941176,NVIDIA H100 80GB HBM3
quality_base,44,ep1,4768,rw_mmlu:computer_security,0.2900000000,0.3200000000,NVIDIA H100 80GB HBM3
quality_base,44,ep1,4768,rw_mmlu:conceptual_physics,0.3787234043,0.2978723404,NVIDIA H100 80GB HBM3
quality_base,44,ep1,4768,rw_mmlu:econometrics,0.2105263158,0.2017543860,NVIDIA H100 80GB HBM3
quality_base,44,ep1,4768,rw_mmlu:electrical_engineering,0.2689655172,0.2965517241,NVIDIA H100 80GB HBM3
quality_base,44,ep1,4768,rw_mmlu:elementary_mathematics,0.2645502646,0.2354497354,NVIDIA H100 80GB HBM3
quality_base,44,ep1,4768,rw_mmlu:formal_logic,0.3015873016,0.3015873016,NVIDIA H100 80GB HBM3
quality_base,44,ep1,4768,rw_mmlu:global_facts,0.2300000000,0.2600000000,NVIDIA H100 80GB HBM3
quality_base,44,ep1,4768,rw_mmlu:high_school_biology,0.2741935484,0.3290322581,NVIDIA H100 80GB HBM3
quality_base,44,ep1,4768,rw_mmlu:high_school_chemistry,0.1625615764,0.2216748768,NVIDIA H100 80GB HBM3
quality_base,44,ep1,4768,rw_mmlu:high_school_computer_science,0.2300000000,0.2300000000,NVIDIA H100 80GB HBM3
quality_base,44,ep1,4768,rw_mmlu:high_school_european_history,0.2484848485,0.3272727273,NVIDIA H100 80GB HBM3
quality_base,44,ep1,4768,rw_mmlu:high_school_geography,0.3181818182,0.3838383838,NVIDIA H100 80GB HBM3
quality_base,44,ep1,4768,rw_mmlu:high_school_government_and_politics,0.3212435233,0.3471502591,NVIDIA H100 80GB HBM3
quality_base,44,ep1,4768,rw_mmlu:high_school_macroeconomics,0.2435897436,0.2794871795,NVIDIA H100 80GB HBM3
quality_base,44,ep1,4768,rw_mmlu:high_school_mathematics,0.1444444444,0.1444444444,NVIDIA H100 80GB HBM3
quality_base,44,ep1,4768,rw_mmlu:high_school_microeconomics,0.2857142857,0.3151260504,NVIDIA H100 80GB HBM3
quality_base,44,ep1,4768,rw_mmlu:high_school_physics,0.2715231788,0.2185430464,NVIDIA H100 80GB HBM3
quality_base,44,ep1,4768,rw_mmlu:high_school_psychology,0.3798165138,0.3082568807,NVIDIA H100 80GB HBM3
quality_base,44,ep1,4768,rw_mmlu:high_school_statistics,0.2268518519,0.2685185185,NVIDIA H100 80GB HBM3
quality_base,44,ep1,4768,rw_mmlu:high_school_us_history,0.2794117647,0.3480392157,NVIDIA H100 80GB HBM3
quality_base,44,ep1,4768,rw_mmlu:high_school_world_history,0.2447257384,0.2869198312,NVIDIA H100 80GB HBM3
quality_base,44,ep1,4768,rw_mmlu:human_aging,0.3273542601,0.2780269058,NVIDIA H100 80GB HBM3
quality_base,44,ep1,4768,rw_mmlu:human_sexuality,0.3282442748,0.3511450382,NVIDIA H100 80GB HBM3
quality_base,44,ep1,4768,rw_mmlu:international_law,0.1157024793,0.1818181818,NVIDIA H100 80GB HBM3
quality_base,44,ep1,4768,rw_mmlu:jurisprudence,0.1574074074,0.2222222222,NVIDIA H100 80GB HBM3
quality_base,44,ep1,4768,rw_mmlu:logical_fallacies,0.2944785276,0.2883435583,NVIDIA H100 80GB HBM3
quality_base,44,ep1,4768,rw_mmlu:machine_learning,0.2857142857,0.2500000000,NVIDIA H100 80GB HBM3
quality_base,44,ep1,4768,rw_mmlu:management,0.2718446602,0.3398058252,NVIDIA H100 80GB HBM3
quality_base,44,ep1,4768,rw_mmlu:marketing,0.4230769231,0.3803418803,NVIDIA H100 80GB HBM3
quality_base,44,ep1,4768,rw_mmlu:medical_genetics,0.2800000000,0.3100000000,NVIDIA H100 80GB HBM3
quality_base,44,ep1,4768,rw_mmlu:miscellaneous,0.3742017880,0.3307790549,NVIDIA H100 80GB HBM3
quality_base,44,ep1,4768,rw_mmlu:moral_disputes,0.2369942197,0.2254335260,NVIDIA H100 80GB HBM3
quality_base,44,ep1,4768,rw_mmlu:moral_scenarios,0.2379888268,0.2379888268,NVIDIA H100 80GB HBM3
quality_base,44,ep1,4768,rw_mmlu:nutrition,0.2287581699,0.2973856209,NVIDIA H100 80GB HBM3
quality_base,44,ep1,4768,rw_mmlu:philosophy,0.2700964630,0.2057877814,NVIDIA H100 80GB HBM3
quality_base,44,ep1,4768,rw_mmlu:prehistory,0.3333333333,0.2407407407,NVIDIA H100 80GB HBM3
quality_base,44,ep1,4768,rw_mmlu:professional_accounting,0.2588652482,0.2269503546,NVIDIA H100 80GB HBM3
quality_base,44,ep1,4768,rw_mmlu:professional_law,0.2477183833,0.2601043025,NVIDIA H100 80GB HBM3
quality_base,44,ep1,4768,rw_mmlu:professional_medicine,0.2389705882,0.2830882353,NVIDIA H100 80GB HBM3
quality_base,44,ep1,4768,rw_mmlu:professional_psychology,0.2745098039,0.2549019608,NVIDIA H100 80GB HBM3
quality_base,44,ep1,4768,rw_mmlu:public_relations,0.3727272727,0.2272727273,NVIDIA H100 80GB HBM3
quality_base,44,ep1,4768,rw_mmlu:security_studies,0.3020408163,0.2775510204,NVIDIA H100 80GB HBM3
quality_base,44,ep1,4768,rw_mmlu:sociology,0.2487562189,0.2288557214,NVIDIA H100 80GB HBM3
quality_base,44,ep1,4768,rw_mmlu:us_foreign_policy,0.2600000000,0.2700000000,NVIDIA H100 80GB HBM3
quality_base,44,ep1,4768,rw_mmlu:virology,0.2771084337,0.2951807229,NVIDIA H100 80GB HBM3
quality_base,44,ep1,4768,rw_mmlu:world_religions,0.2690058480,0.3508771930,NVIDIA H100 80GB HBM3
quality_base,44,ep1,4768,rw_openbookqa,0.1620000000,0.2740000000,NVIDIA H100 80GB HBM3
quality_base,44,ep1,4768,rw_piqa,0.6708378672,0.6599564744,NVIDIA H100 80GB HBM3
quality_base,44,ep1,4768,rw_siqa,0.3838280450,0.3976458547,NVIDIA H100 80GB HBM3
quality_base,44,ep2,9537,rw_arc:easy,0.5824915825,0.4995791246,NVIDIA H100 80GB HBM3
quality_base,44,ep2,9537,rw_commonsense_qa,0.3562653563,0.3038493038,NVIDIA H100 80GB HBM3
quality_base,44,ep2,9537,rw_hellaswag,0.3672575184,0.4498107947,NVIDIA H100 80GB HBM3
quality_base,44,ep2,9537,rw_mmlu:_average,0.2869692711,0.2954605028,NVIDIA H100 80GB HBM3
quality_base,44,ep2,9537,rw_mmlu:abstract_algebra,0.2500000000,0.2800000000,NVIDIA H100 80GB HBM3
quality_base,44,ep2,9537,rw_mmlu:anatomy,0.3481481481,0.3333333333,NVIDIA H100 80GB HBM3
quality_base,44,ep2,9537,rw_mmlu:astronomy,0.2697368421,0.3355263158,NVIDIA H100 80GB HBM3
quality_base,44,ep2,9537,rw_mmlu:business_ethics,0.5100000000,0.3700000000,NVIDIA H100 80GB HBM3
quality_base,44,ep2,9537,rw_mmlu:clinical_knowledge,0.2452830189,0.3396226415,NVIDIA H100 80GB HBM3
quality_base,44,ep2,9537,rw_mmlu:college_biology,0.3263888889,0.3541666667,NVIDIA H100 80GB HBM3
quality_base,44,ep2,9537,rw_mmlu:college_chemistry,0.2900000000,0.2700000000,NVIDIA H100 80GB HBM3
quality_base,44,ep2,9537,rw_mmlu:college_computer_science,0.2900000000,0.2700000000,NVIDIA H100 80GB HBM3
quality_base,44,ep2,9537,rw_mmlu:college_mathematics,0.1600000000,0.2300000000,NVIDIA H100 80GB HBM3
quality_base,44,ep2,9537,rw_mmlu:college_medicine,0.2774566474,0.2716763006,NVIDIA H100 80GB HBM3
quality_base,44,ep2,9537,rw_mmlu:college_physics,0.2450980392,0.2843137255,NVIDIA H100 80GB HBM3
quality_base,44,ep2,9537,rw_mmlu:computer_security,0.3700000000,0.3900000000,NVIDIA H100 80GB HBM3
quality_base,44,ep2,9537,rw_mmlu:conceptual_physics,0.3787234043,0.2808510638,NVIDIA H100 80GB HBM3
quality_base,44,ep2,9537,rw_mmlu:econometrics,0.2456140351,0.2368421053,NVIDIA H100 80GB HBM3
quality_base,44,ep2,9537,rw_mmlu:electrical_engineering,0.2689655172,0.3034482759,NVIDIA H100 80GB HBM3
quality_base,44,ep2,9537,rw_mmlu:elementary_mathematics,0.2566137566,0.2830687831,NVIDIA H100 80GB HBM3
quality_base,44,ep2,9537,rw_mmlu:formal_logic,0.3333333333,0.3174603175,NVIDIA H100 80GB HBM3
quality_base,44,ep2,9537,rw_mmlu:global_facts,0.3100000000,0.3000000000,NVIDIA H100 80GB HBM3
quality_base,44,ep2,9537,rw_mmlu:high_school_biology,0.2709677419,0.3483870968,NVIDIA H100 80GB HBM3
quality_base,44,ep2,9537,rw_mmlu:high_school_chemistry,0.1822660099,0.2266009852,NVIDIA H100 80GB HBM3
quality_base,44,ep2,9537,rw_mmlu:high_school_computer_science,0.2600000000,0.2600000000,NVIDIA H100 80GB HBM3
quality_base,44,ep2,9537,rw_mmlu:high_school_european_history,0.2606060606,0.3393939394,NVIDIA H100 80GB HBM3
quality_base,44,ep2,9537,rw_mmlu:high_school_geography,0.3131313131,0.3888888889,NVIDIA H100 80GB HBM3
quality_base,44,ep2,9537,rw_mmlu:high_school_government_and_politics,0.3419689119,0.3782383420,NVIDIA H100 80GB HBM3
quality_base,44,ep2,9537,rw_mmlu:high_school_macroeconomics,0.2717948718,0.3025641026,NVIDIA H100 80GB HBM3
quality_base,44,ep2,9537,rw_mmlu:high_school_mathematics,0.1444444444,0.1444444444,NVIDIA H100 80GB HBM3
quality_base,44,ep2,9537,rw_mmlu:high_school_microeconomics,0.2857142857,0.3487394958,NVIDIA H100 80GB HBM3
quality_base,44,ep2,9537,rw_mmlu:high_school_physics,0.2384105960,0.2317880795,NVIDIA H100 80GB HBM3
quality_base,44,ep2,9537,rw_mmlu:high_school_psychology,0.3981651376,0.3449541284,NVIDIA H100 80GB HBM3
quality_base,44,ep2,9537,rw_mmlu:high_school_statistics,0.2731481481,0.2777777778,NVIDIA H100 80GB HBM3
quality_base,44,ep2,9537,rw_mmlu:high_school_us_history,0.2647058824,0.3235294118,NVIDIA H100 80GB HBM3
quality_base,44,ep2,9537,rw_mmlu:high_school_world_history,0.2742616034,0.2700421941,NVIDIA H100 80GB HBM3
quality_base,44,ep2,9537,rw_mmlu:human_aging,0.3901345291,0.3408071749,NVIDIA H100 80GB HBM3
quality_base,44,ep2,9537,rw_mmlu:human_sexuality,0.3587786260,0.4045801527,NVIDIA H100 80GB HBM3
quality_base,44,ep2,9537,rw_mmlu:international_law,0.1570247934,0.2314049587,NVIDIA H100 80GB HBM3
quality_base,44,ep2,9537,rw_mmlu:jurisprudence,0.2129629630,0.2685185185,NVIDIA H100 80GB HBM3
quality_base,44,ep2,9537,rw_mmlu:logical_fallacies,0.2822085890,0.3128834356,NVIDIA H100 80GB HBM3
quality_base,44,ep2,9537,rw_mmlu:machine_learning,0.2053571429,0.1785714286,NVIDIA H100 80GB HBM3
quality_base,44,ep2,9537,rw_mmlu:management,0.2427184466,0.3786407767,NVIDIA H100 80GB HBM3
quality_base,44,ep2,9537,rw_mmlu:marketing,0.4487179487,0.3717948718,NVIDIA H100 80GB HBM3
quality_base,44,ep2,9537,rw_mmlu:medical_genetics,0.2600000000,0.3000000000,NVIDIA H100 80GB HBM3
quality_base,44,ep2,9537,rw_mmlu:miscellaneous,0.4035759898,0.3716475096,NVIDIA H100 80GB HBM3
quality_base,44,ep2,9537,rw_mmlu:moral_disputes,0.2687861272,0.2427745665,NVIDIA H100 80GB HBM3
quality_base,44,ep2,9537,rw_mmlu:moral_scenarios,0.2379888268,0.2379888268,NVIDIA H100 80GB HBM3
quality_base,44,ep2,9537,rw_mmlu:nutrition,0.2647058824,0.3169934641,NVIDIA H100 80GB HBM3
quality_base,44,ep2,9537,rw_mmlu:philosophy,0.2797427653,0.2347266881,NVIDIA H100 80GB HBM3
quality_base,44,ep2,9537,rw_mmlu:prehistory,0.3549382716,0.2839506173,NVIDIA H100 80GB HBM3
quality_base,44,ep2,9537,rw_mmlu:professional_accounting,0.2624113475,0.2163120567,NVIDIA H100 80GB HBM3
quality_base,44,ep2,9537,rw_mmlu:professional_law,0.2431551499,0.2627118644,NVIDIA H100 80GB HBM3
quality_base,44,ep2,9537,rw_mmlu:professional_medicine,0.2389705882,0.2794117647,NVIDIA H100 80GB HBM3
quality_base,44,ep2,9537,rw_mmlu:professional_psychology,0.2745098039,0.2761437908,NVIDIA H100 80GB HBM3
quality_base,44,ep2,9537,rw_mmlu:public_relations,0.3545454545,0.2545454545,NVIDIA H100 80GB HBM3
quality_base,44,ep2,9537,rw_mmlu:security_studies,0.3020408163,0.2653061224,NVIDIA H100 80GB HBM3
quality_base,44,ep2,9537,rw_mmlu:sociology,0.2587064677,0.2587064677,NVIDIA H100 80GB HBM3
quality_base,44,ep2,9537,rw_mmlu:us_foreign_policy,0.3200000000,0.2300000000,NVIDIA H100 80GB HBM3
quality_base,44,ep2,9537,rw_mmlu:virology,0.2469879518,0.3012048193,NVIDIA H100 80GB HBM3
quality_base,44,ep2,9537,rw_mmlu:world_religions,0.3333333333,0.3859649123,NVIDIA H100 80GB HBM3
quality_base,44,ep2,9537,rw_openbookqa,0.1880000000,0.3300000000,NVIDIA H100 80GB HBM3
quality_base,44,ep2,9537,rw_piqa,0.7045701850,0.7045701850,NVIDIA H100 80GB HBM3
quality_base,44,ep2,9537,rw_siqa,0.3894575230,0.4012282497,NVIDIA H100 80GB HBM3
quality_first,42,ep3,14305,rw_arc:easy,0.6094276094,0.5244107744,NVIDIA H100 80GB HBM3
quality_first,42,ep3,14305,rw_commonsense_qa,0.3669123669,0.3276003276,NVIDIA H100 80GB HBM3
quality_first,42,ep3,14305,rw_hellaswag,0.3908583947,0.4871539534,NVIDIA H100 80GB HBM3
quality_first,42,ep3,14305,rw_mmlu:_average,0.2959520121,0.3089129798,NVIDIA H100 80GB HBM3
quality_first,42,ep3,14305,rw_mmlu:abstract_algebra,0.1700000000,0.2000000000,NVIDIA H100 80GB HBM3
quality_first,42,ep3,14305,rw_mmlu:anatomy,0.3185185185,0.3037037037,NVIDIA H100 80GB HBM3
quality_first,42,ep3,14305,rw_mmlu:astronomy,0.2565789474,0.3815789474,NVIDIA H100 80GB HBM3
quality_first,42,ep3,14305,rw_mmlu:business_ethics,0.5200000000,0.3900000000,NVIDIA H100 80GB HBM3
quality_first,42,ep3,14305,rw_mmlu:clinical_knowledge,0.2528301887,0.3811320755,NVIDIA H100 80GB HBM3
quality_first,42,ep3,14305,rw_mmlu:college_biology,0.3819444444,0.3194444444,NVIDIA H100 80GB HBM3
quality_first,42,ep3,14305,rw_mmlu:college_chemistry,0.2400000000,0.2400000000,NVIDIA H100 80GB HBM3
quality_first,42,ep3,14305,rw_mmlu:college_computer_science,0.3000000000,0.2600000000,NVIDIA H100 80GB HBM3
quality_first,42,ep3,14305,rw_mmlu:college_mathematics,0.1600000000,0.2400000000,NVIDIA H100 80GB HBM3
quality_first,42,ep3,14305,rw_mmlu:college_medicine,0.3005780347,0.2774566474,NVIDIA H100 80GB HBM3
quality_first,42,ep3,14305,rw_mmlu:college_physics,0.1862745098,0.2058823529,NVIDIA H100 80GB HBM3
quality_first,42,ep3,14305,rw_mmlu:computer_security,0.3000000000,0.3500000000,NVIDIA H100 80GB HBM3
quality_first,42,ep3,14305,rw_mmlu:conceptual_physics,0.3617021277,0.2638297872,NVIDIA H100 80GB HBM3
quality_first,42,ep3,14305,rw_mmlu:econometrics,0.2192982456,0.2192982456,NVIDIA H100 80GB HBM3
quality_first,42,ep3,14305,rw_mmlu:electrical_engineering,0.2206896552,0.3172413793,NVIDIA H100 80GB HBM3
quality_first,42,ep3,14305,rw_mmlu:elementary_mathematics,0.2619047619,0.2407407407,NVIDIA H100 80GB HBM3
quality_first,42,ep3,14305,rw_mmlu:formal_logic,0.3333333333,0.3492063492,NVIDIA H100 80GB HBM3
quality_first,42,ep3,14305,rw_mmlu:global_facts,0.3100000000,0.3000000000,NVIDIA H100 80GB HBM3
quality_first,42,ep3,14305,rw_mmlu:high_school_biology,0.2935483871,0.3709677419,NVIDIA H100 80GB HBM3
quality_first,42,ep3,14305,rw_mmlu:high_school_chemistry,0.1970443350,0.2167487685,NVIDIA H100 80GB HBM3
quality_first,42,ep3,14305,rw_mmlu:high_school_computer_science,0.2900000000,0.2800000000,NVIDIA H100 80GB HBM3
quality_first,42,ep3,14305,rw_mmlu:high_school_european_history,0.2787878788,0.3575757576,NVIDIA H100 80GB HBM3
quality_first,42,ep3,14305,rw_mmlu:high_school_geography,0.3585858586,0.4090909091,NVIDIA H100 80GB HBM3
quality_first,42,ep3,14305,rw_mmlu:high_school_government_and_politics,0.3834196891,0.4248704663,NVIDIA H100 80GB HBM3
quality_first,42,ep3,14305,rw_mmlu:high_school_macroeconomics,0.2769230769,0.3358974359,NVIDIA H100 80GB HBM3
quality_first,42,ep3,14305,rw_mmlu:high_school_mathematics,0.1481481481,0.1370370370,NVIDIA H100 80GB HBM3
quality_first,42,ep3,14305,rw_mmlu:high_school_microeconomics,0.2983193277,0.3319327731,NVIDIA H100 80GB HBM3
quality_first,42,ep3,14305,rw_mmlu:high_school_physics,0.2649006623,0.2384105960,NVIDIA H100 80GB HBM3
quality_first,42,ep3,14305,rw_mmlu:high_school_psychology,0.4000000000,0.3779816514,NVIDIA H100 80GB HBM3
quality_first,42,ep3,14305,rw_mmlu:high_school_statistics,0.2916666667,0.2731481481,NVIDIA H100 80GB HBM3
quality_first,42,ep3,14305,rw_mmlu:high_school_us_history,0.2647058824,0.3529411765,NVIDIA H100 80GB HBM3
quality_first,42,ep3,14305,rw_mmlu:high_school_world_history,0.2953586498,0.3248945148,NVIDIA H100 80GB HBM3
quality_first,42,ep3,14305,rw_mmlu:human_aging,0.4080717489,0.3542600897,NVIDIA H100 80GB HBM3
quality_first,42,ep3,14305,rw_mmlu:human_sexuality,0.3969465649,0.3893129771,NVIDIA H100 80GB HBM3
quality_first,42,ep3,14305,rw_mmlu:international_law,0.1818181818,0.2809917355,NVIDIA H100 80GB HBM3
quality_first,42,ep3,14305,rw_mmlu:jurisprudence,0.2407407407,0.3333333333,NVIDIA H100 80GB HBM3
quality_first,42,ep3,14305,rw_mmlu:logical_fallacies,0.3128834356,0.3374233129,NVIDIA H100 80GB HBM3
quality_first,42,ep3,14305,rw_mmlu:machine_learning,0.2410714286,0.2142857143,NVIDIA H100 80GB HBM3
quality_first,42,ep3,14305,rw_mmlu:management,0.2912621359,0.4466019417,NVIDIA H100 80GB HBM3
quality_first,42,ep3,14305,rw_mmlu:marketing,0.4743589744,0.4401709402,NVIDIA H100 80GB HBM3
quality_first,42,ep3,14305,rw_mmlu:medical_genetics,0.3000000000,0.3400000000,NVIDIA H100 80GB HBM3
quality_first,42,ep3,14305,rw_mmlu:miscellaneous,0.4265644955,0.3971902937,NVIDIA H100 80GB HBM3
quality_first,42,ep3,14305,rw_mmlu:moral_disputes,0.2687861272,0.2745664740,NVIDIA H100 80GB HBM3
quality_first,42,ep3,14305,rw_mmlu:moral_scenarios,0.2379888268,0.2379888268,NVIDIA H100 80GB HBM3
quality_first,42,ep3,14305,rw_mmlu:nutrition,0.2581699346,0.3366013072,NVIDIA H100 80GB HBM3
quality_first,42,ep3,14305,rw_mmlu:philosophy,0.2926045016,0.2443729904,NVIDIA H100 80GB HBM3
quality_first,42,ep3,14305,rw_mmlu:prehistory,0.3611111111,0.3055555556,NVIDIA H100 80GB HBM3
quality_first,42,ep3,14305,rw_mmlu:professional_accounting,0.2446808511,0.2375886525,NVIDIA H100 80GB HBM3
quality_first,42,ep3,14305,rw_mmlu:professional_law,0.2431551499,0.2627118644,NVIDIA H100 80GB HBM3
quality_first,42,ep3,14305,rw_mmlu:professional_medicine,0.2720588235,0.3014705882,NVIDIA H100 80GB HBM3
quality_first,42,ep3,14305,rw_mmlu:professional_psychology,0.2973856209,0.2892156863,NVIDIA H100 80GB HBM3
quality_first,42,ep3,14305,rw_mmlu:public_relations,0.4545454545,0.2909090909,NVIDIA H100 80GB HBM3
quality_first,42,ep3,14305,rw_mmlu:security_studies,0.3102040816,0.2734693878,NVIDIA H100 80GB HBM3
quality_first,42,ep3,14305,rw_mmlu:sociology,0.2636815920,0.2885572139,NVIDIA H100 80GB HBM3
quality_first,42,ep3,14305,rw_mmlu:us_foreign_policy,0.3400000000,0.2900000000,NVIDIA H100 80GB HBM3
quality_first,42,ep3,14305,rw_mmlu:virology,0.2710843373,0.3493975904,NVIDIA H100 80GB HBM3
quality_first,42,ep3,14305,rw_mmlu:world_religions,0.3450292398,0.4210526316,NVIDIA H100 80GB HBM3
quality_first,42,ep3,14305,rw_openbookqa,0.1940000000,0.3340000000,NVIDIA H100 80GB HBM3
quality_first,42,ep3,14305,rw_piqa,0.7149075082,0.7116430903,NVIDIA H100 80GB HBM3
quality_first,42,ep3,14305,rw_siqa,0.3874104401,0.3971340839,NVIDIA H100 80GB HBM3
quality_first,42,ep1,4768,rw_arc:easy,0.5559764310,0.4570707071,NVIDIA H100 80GB HBM3
quality_first,42,ep1,4768,rw_commonsense_qa,0.3276003276,0.2948402948,NVIDIA H100 80GB HBM3
quality_first,42,ep1,4768,rw_hellaswag,0.3426608245,0.3990240988,NVIDIA H100 80GB HBM3
quality_first,42,ep1,4768,rw_mmlu:_average,0.2772354966,0.2856574944,NVIDIA H100 80GB HBM3
quality_first,42,ep1,4768,rw_mmlu:abstract_algebra,0.1800000000,0.2100000000,NVIDIA H100 80GB HBM3
quality_first,42,ep1,4768,rw_mmlu:anatomy,0.3037037037,0.2740740741,NVIDIA H100 80GB HBM3
quality_first,42,ep1,4768,rw_mmlu:astronomy,0.2302631579,0.3421052632,NVIDIA H100 80GB HBM3
quality_first,42,ep1,4768,rw_mmlu:business_ethics,0.5100000000,0.3800000000,NVIDIA H100 80GB HBM3
quality_first,42,ep1,4768,rw_mmlu:clinical_knowledge,0.2792452830,0.3584905660,NVIDIA H100 80GB HBM3
quality_first,42,ep1,4768,rw_mmlu:college_biology,0.3194444444,0.2777777778,NVIDIA H100 80GB HBM3
quality_first,42,ep1,4768,rw_mmlu:college_chemistry,0.2900000000,0.2600000000,NVIDIA H100 80GB HBM3
quality_first,42,ep1,4768,rw_mmlu:college_computer_science,0.2900000000,0.2500000000,NVIDIA H100 80GB HBM3
quality_first,42,ep1,4768,rw_mmlu:college_mathematics,0.1600000000,0.2100000000,NVIDIA H100 80GB HBM3
quality_first,42,ep1,4768,rw_mmlu:college_medicine,0.2890173410,0.2369942197,NVIDIA H100 80GB HBM3
quality_first,42,ep1,4768,rw_mmlu:college_physics,0.2156862745,0.2843137255,NVIDIA H100 80GB HBM3
quality_first,42,ep1,4768,rw_mmlu:computer_security,0.2600000000,0.2700000000,NVIDIA H100 80GB HBM3
quality_first,42,ep1,4768,rw_mmlu:conceptual_physics,0.3276595745,0.2978723404,NVIDIA H100 80GB HBM3
quality_first,42,ep1,4768,rw_mmlu:econometrics,0.2105263158,0.1929824561,NVIDIA H100 80GB HBM3
quality_first,42,ep1,4768,rw_mmlu:electrical_engineering,0.2482758621,0.3103448276,NVIDIA H100 80GB HBM3
quality_first,42,ep1,4768,rw_mmlu:elementary_mathematics,0.2539682540,0.2486772487,NVIDIA H100 80GB HBM3
quality_first,42,ep1,4768,rw_mmlu:formal_logic,0.3571428571,0.3968253968,NVIDIA H100 80GB HBM3
quality_first,42,ep1,4768,rw_mmlu:global_facts,0.2600000000,0.2700000000,NVIDIA H100 80GB HBM3
quality_first,42,ep1,4768,rw_mmlu:high_school_biology,0.2935483871,0.3387096774,NVIDIA H100 80GB HBM3
quality_first,42,ep1,4768,rw_mmlu:high_school_chemistry,0.1674876847,0.2266009852,NVIDIA H100 80GB HBM3
quality_first,42,ep1,4768,rw_mmlu:high_school_computer_science,0.2500000000,0.2300000000,NVIDIA H100 80GB HBM3
quality_first,42,ep1,4768,rw_mmlu:high_school_european_history,0.2545454545,0.3333333333,NVIDIA H100 80GB HBM3
quality_first,42,ep1,4768,rw_mmlu:high_school_geography,0.3232323232,0.3434343434,NVIDIA H100 80GB HBM3
quality_first,42,ep1,4768,rw_mmlu:high_school_government_and_politics,0.3523316062,0.3886010363,NVIDIA H100 80GB HBM3
quality_first,42,ep1,4768,rw_mmlu:high_school_macroeconomics,0.2615384615,0.3076923077,NVIDIA H100 80GB HBM3
quality_first,42,ep1,4768,rw_mmlu:high_school_mathematics,0.1518518519,0.1481481481,NVIDIA H100 80GB HBM3
quality_first,42,ep1,4768,rw_mmlu:high_school_microeconomics,0.2857142857,0.3361344538,NVIDIA H100 80GB HBM3
quality_first,42,ep1,4768,rw_mmlu:high_school_physics,0.2516556291,0.2649006623,NVIDIA H100 80GB HBM3
quality_first,42,ep1,4768,rw_mmlu:high_school_psychology,0.3889908257,0.3247706422,NVIDIA H100 80GB HBM3
quality_first,42,ep1,4768,rw_mmlu:high_school_statistics,0.2638888889,0.2638888889,NVIDIA H100 80GB HBM3
quality_first,42,ep1,4768,rw_mmlu:high_school_us_history,0.2303921569,0.3284313725,NVIDIA H100 80GB HBM3
quality_first,42,ep1,4768,rw_mmlu:high_school_world_history,0.2447257384,0.2911392405,NVIDIA H100 80GB HBM3
quality_first,42,ep1,4768,rw_mmlu:human_aging,0.3587443946,0.3094170404,NVIDIA H100 80GB HBM3
quality_first,42,ep1,4768,rw_mmlu:human_sexuality,0.3587786260,0.3587786260,NVIDIA H100 80GB HBM3
quality_first,42,ep1,4768,rw_mmlu:international_law,0.1404958678,0.2561983471,NVIDIA H100 80GB HBM3
quality_first,42,ep1,4768,rw_mmlu:jurisprudence,0.2222222222,0.2592592593,NVIDIA H100 80GB HBM3
quality_first,42,ep1,4768,rw_mmlu:logical_fallacies,0.3067484663,0.3006134969,NVIDIA H100 80GB HBM3
quality_first,42,ep1,4768,rw_mmlu:machine_learning,0.2232142857,0.2232142857,NVIDIA H100 80GB HBM3
quality_first,42,ep1,4768,rw_mmlu:management,0.2524271845,0.3592233010,NVIDIA H100 80GB HBM3
quality_first,42,ep1,4768,rw_mmlu:marketing,0.4615384615,0.4444444444,NVIDIA H100 80GB HBM3
quality_first,42,ep1,4768,rw_mmlu:medical_genetics,0.2600000000,0.2800000000,NVIDIA H100 80GB HBM3
quality_first,42,ep1,4768,rw_mmlu:miscellaneous,0.3729246488,0.3320561941,NVIDIA H100 80GB HBM3
quality_first,42,ep1,4768,rw_mmlu:moral_disputes,0.2456647399,0.2630057803,NVIDIA H100 80GB HBM3
quality_first,42,ep1,4768,rw_mmlu:moral_scenarios,0.2379888268,0.2379888268,NVIDIA H100 80GB HBM3
quality_first,42,ep1,4768,rw_mmlu:nutrition,0.2581699346,0.2843137255,NVIDIA H100 80GB HBM3
quality_first,42,ep1,4768,rw_mmlu:philosophy,0.2636655949,0.2025723473,NVIDIA H100 80GB HBM3
quality_first,42,ep1,4768,rw_mmlu:prehistory,0.3302469136,0.2469135802,NVIDIA H100 80GB HBM3
quality_first,42,ep1,4768,rw_mmlu:professional_accounting,0.2588652482,0.2127659574,NVIDIA H100 80GB HBM3
quality_first,42,ep1,4768,rw_mmlu:professional_law,0.2418513690,0.2522816167,NVIDIA H100 80GB HBM3
quality_first,42,ep1,4768,rw_mmlu:professional_medicine,0.2757352941,0.2867647059,NVIDIA H100 80GB HBM3
quality_first,42,ep1,4768,rw_mmlu:professional_psychology,0.2843137255,0.2500000000,NVIDIA H100 80GB HBM3
quality_first,42,ep1,4768,rw_mmlu:public_relations,0.3909090909,0.2636363636,NVIDIA H100 80GB HBM3
quality_first,42,ep1,4768,rw_mmlu:security_studies,0.3102040816,0.2612244898,NVIDIA H100 80GB HBM3
quality_first,42,ep1,4768,rw_mmlu:sociology,0.2487562189,0.2736318408,NVIDIA H100 80GB HBM3
quality_first,42,ep1,4768,rw_mmlu:us_foreign_policy,0.2900000000,0.2700000000,NVIDIA H100 80GB HBM3
quality_first,42,ep1,4768,rw_mmlu:virology,0.2409638554,0.3012048193,NVIDIA H100 80GB HBM3
quality_first,42,ep1,4768,rw_mmlu:world_religions,0.2631578947,0.3567251462,NVIDIA H100 80GB HBM3
quality_first,42,ep1,4768,rw_openbookqa,0.1740000000,0.3120000000,NVIDIA H100 80GB HBM3
quality_first,42,ep1,4768,rw_piqa,0.6887921654,0.6779107726,NVIDIA H100 80GB HBM3
quality_first,42,ep1,4768,rw_siqa,0.3787103378,0.3868986694,NVIDIA H100 80GB HBM3
quality_first,42,ep2,9537,rw_arc:easy,0.5976430976,0.5075757576,NVIDIA H100 80GB HBM3
quality_first,42,ep2,9537,rw_commonsense_qa,0.3595413595,0.3235053235,NVIDIA H100 80GB HBM3
quality_first,42,ep2,9537,rw_hellaswag,0.3760207130,0.4581756622,NVIDIA H100 80GB HBM3
quality_first,42,ep2,9537,rw_mmlu:_average,0.2897011829,0.2993070975,NVIDIA H100 80GB HBM3
quality_first,42,ep2,9537,rw_mmlu:abstract_algebra,0.1800000000,0.2100000000,NVIDIA H100 80GB HBM3
quality_first,42,ep2,9537,rw_mmlu:anatomy,0.3407407407,0.3111111111,NVIDIA H100 80GB HBM3
quality_first,42,ep2,9537,rw_mmlu:astronomy,0.2763157895,0.3552631579,NVIDIA H100 80GB HBM3
quality_first,42,ep2,9537,rw_mmlu:business_ethics,0.4800000000,0.3600000000,NVIDIA H100 80GB HBM3
quality_first,42,ep2,9537,rw_mmlu:clinical_knowledge,0.2452830189,0.3396226415,NVIDIA H100 80GB HBM3
quality_first,42,ep2,9537,rw_mmlu:college_biology,0.3472222222,0.3333333333,NVIDIA H100 80GB HBM3
quality_first,42,ep2,9537,rw_mmlu:college_chemistry,0.2500000000,0.2700000000,NVIDIA H100 80GB HBM3
quality_first,42,ep2,9537,rw_mmlu:college_computer_science,0.3100000000,0.2300000000,NVIDIA H100 80GB HBM3
quality_first,42,ep2,9537,rw_mmlu:college_mathematics,0.2000000000,0.2500000000,NVIDIA H100 80GB HBM3
quality_first,42,ep2,9537,rw_mmlu:college_medicine,0.2890173410,0.2658959538,NVIDIA H100 80GB HBM3
quality_first,42,ep2,9537,rw_mmlu:college_physics,0.1666666667,0.2156862745,NVIDIA H100 80GB HBM3
quality_first,42,ep2,9537,rw_mmlu:computer_security,0.3200000000,0.3800000000,NVIDIA H100 80GB HBM3
quality_first,42,ep2,9537,rw_mmlu:conceptual_physics,0.3531914894,0.2765957447,NVIDIA H100 80GB HBM3
quality_first,42,ep2,9537,rw_mmlu:econometrics,0.2192982456,0.2368421053,NVIDIA H100 80GB HBM3
quality_first,42,ep2,9537,rw_mmlu:electrical_engineering,0.2206896552,0.3172413793,NVIDIA H100 80GB HBM3
quality_first,42,ep2,9537,rw_mmlu:elementary_mathematics,0.2539682540,0.2486772487,NVIDIA H100 80GB HBM3
quality_first,42,ep2,9537,rw_mmlu:formal_logic,0.3412698413,0.3412698413,NVIDIA H100 80GB HBM3
quality_first,42,ep2,9537,rw_mmlu:global_facts,0.2600000000,0.2600000000,NVIDIA H100 80GB HBM3
quality_first,42,ep2,9537,rw_mmlu:high_school_biology,0.3032258065,0.3645161290,NVIDIA H100 80GB HBM3
quality_first,42,ep2,9537,rw_mmlu:high_school_chemistry,0.1822660099,0.2216748768,NVIDIA H100 80GB HBM3
quality_first,42,ep2,9537,rw_mmlu:high_school_computer_science,0.2700000000,0.2500000000,NVIDIA H100 80GB HBM3
quality_first,42,ep2,9537,rw_mmlu:high_school_european_history,0.2727272727,0.3515151515,NVIDIA H100 80GB HBM3
quality_first,42,ep2,9537,rw_mmlu:high_school_geography,0.3383838384,0.3939393939,NVIDIA H100 80GB HBM3
quality_first,42,ep2,9537,rw_mmlu:high_school_government_and_politics,0.3626943005,0.4041450777,NVIDIA H100 80GB HBM3
quality_first,42,ep2,9537,rw_mmlu:high_school_macroeconomics,0.2794871795,0.3410256410,NVIDIA H100 80GB HBM3
quality_first,42,ep2,9537,rw_mmlu:high_school_mathematics,0.1592592593,0.1444444444,NVIDIA H100 80GB HBM3
quality_first,42,ep2,9537,rw_mmlu:high_school_microeconomics,0.2899159664,0.3151260504,NVIDIA H100 80GB HBM3
quality_first,42,ep2,9537,rw_mmlu:high_school_physics,0.2847682119,0.2781456954,NVIDIA H100 80GB HBM3
quality_first,42,ep2,9537,rw_mmlu:high_school_psychology,0.3908256881,0.3669724771,NVIDIA H100 80GB HBM3
quality_first,42,ep2,9537,rw_mmlu:high_school_statistics,0.2592592593,0.2638888889,NVIDIA H100 80GB HBM3
quality_first,42,ep2,9537,rw_mmlu:high_school_us_history,0.2941176471,0.3382352941,NVIDIA H100 80GB HBM3
quality_first,42,ep2,9537,rw_mmlu:high_school_world_history,0.2742616034,0.2995780591,NVIDIA H100 80GB HBM3
quality_first,42,ep2,9537,rw_mmlu:human_aging,0.3811659193,0.3452914798,NVIDIA H100 80GB HBM3
quality_first,42,ep2,9537,rw_mmlu:human_sexuality,0.3893129771,0.3664122137,NVIDIA H100 80GB HBM3
quality_first,42,ep2,9537,rw_mmlu:international_law,0.1652892562,0.2644628099,NVIDIA H100 80GB HBM3
quality_first,42,ep2,9537,rw_mmlu:jurisprudence,0.2129629630,0.2870370370,NVIDIA H100 80GB HBM3
quality_first,42,ep2,9537,rw_mmlu:logical_fallacies,0.3128834356,0.3435582822,NVIDIA H100 80GB HBM3
quality_first,42,ep2,9537,rw_mmlu:machine_learning,0.2053571429,0.2142857143,NVIDIA H100 80GB HBM3
quality_first,42,ep2,9537,rw_mmlu:management,0.2815533981,0.3786407767,NVIDIA H100 80GB HBM3
quality_first,42,ep2,9537,rw_mmlu:marketing,0.5042735043,0.4316239316,NVIDIA H100 80GB HBM3
quality_first,42,ep2,9537,rw_mmlu:medical_genetics,0.3100000000,0.3200000000,NVIDIA H100 80GB HBM3
quality_first,42,ep2,9537,rw_mmlu:miscellaneous,0.4099616858,0.3690932312,NVIDIA H100 80GB HBM3
quality_first,42,ep2,9537,rw_mmlu:moral_disputes,0.2687861272,0.2601156069,NVIDIA H100 80GB HBM3
quality_first,42,ep2,9537,rw_mmlu:moral_scenarios,0.2379888268,0.2379888268,NVIDIA H100 80GB HBM3
quality_first,42,ep2,9537,rw_mmlu:nutrition,0.2581699346,0.3235294118,NVIDIA H100 80GB HBM3
quality_first,42,ep2,9537,rw_mmlu:philosophy,0.2765273312,0.2057877814,NVIDIA H100 80GB HBM3
quality_first,42,ep2,9537,rw_mmlu:prehistory,0.3518518519,0.2716049383,NVIDIA H100 80GB HBM3
quality_first,42,ep2,9537,rw_mmlu:professional_accounting,0.2588652482,0.2375886525,NVIDIA H100 80GB HBM3
quality_first,42,ep2,9537,rw_mmlu:professional_law,0.2411994785,0.2555410691,NVIDIA H100 80GB HBM3
quality_first,42,ep2,9537,rw_mmlu:professional_medicine,0.2904411765,0.2941176471,NVIDIA H100 80GB HBM3
quality_first,42,ep2,9537,rw_mmlu:professional_psychology,0.2826797386,0.2859477124,NVIDIA H100 80GB HBM3
quality_first,42,ep2,9537,rw_mmlu:public_relations,0.4181818182,0.2818181818,NVIDIA H100 80GB HBM3
quality_first,42,ep2,9537,rw_mmlu:security_studies,0.2979591837,0.2734693878,NVIDIA H100 80GB HBM3
quality_first,42,ep2,9537,rw_mmlu:sociology,0.2487562189,0.3034825871,NVIDIA H100 80GB HBM3
quality_first,42,ep2,9537,rw_mmlu:us_foreign_policy,0.3200000000,0.2700000000,NVIDIA H100 80GB HBM3
quality_first,42,ep2,9537,rw_mmlu:virology,0.2289156627,0.2891566265,NVIDIA H100 80GB HBM3
quality_first,42,ep2,9537,rw_mmlu:world_religions,0.3450292398,0.4152046784,NVIDIA H100 80GB HBM3
quality_first,42,ep2,9537,rw_openbookqa,0.1900000000,0.3360000000,NVIDIA H100 80GB HBM3
quality_first,42,ep2,9537,rw_piqa,0.7078346028,0.6953210011,NVIDIA H100 80GB HBM3
quality_first,42,ep2,9537,rw_siqa,0.3879222108,0.4048106448,NVIDIA H100 80GB HBM3
quality_first,43,ep3,14305,rw_arc:easy,0.5976430976,0.5088383838,NVIDIA H100 80GB HBM3
quality_first,43,ep3,14305,rw_commonsense_qa,0.3382473382,0.3136773137,NVIDIA H100 80GB HBM3
quality_first,43,ep3,14305,rw_hellaswag,0.3908583947,0.4861581358,NVIDIA H100 80GB HBM3
quality_first,43,ep3,14305,rw_mmlu:_average,0.2905161840,0.3025680516,NVIDIA H100 80GB HBM3
quality_first,43,ep3,14305,rw_mmlu:abstract_algebra,0.1800000000,0.2200000000,NVIDIA H100 80GB HBM3
quality_first,43,ep3,14305,rw_mmlu:anatomy,0.3407407407,0.3333333333,NVIDIA H100 80GB HBM3
quality_first,43,ep3,14305,rw_mmlu:astronomy,0.2697368421,0.3486842105,NVIDIA H100 80GB HBM3
quality_first,43,ep3,14305,rw_mmlu:business_ethics,0.4900000000,0.3800000000,NVIDIA H100 80GB HBM3
quality_first,43,ep3,14305,rw_mmlu:clinical_knowledge,0.2603773585,0.3773584906,NVIDIA H100 80GB HBM3
quality_first,43,ep3,14305,rw_mmlu:college_biology,0.3402777778,0.3541666667,NVIDIA H100 80GB HBM3
quality_first,43,ep3,14305,rw_mmlu:college_chemistry,0.2400000000,0.2500000000,NVIDIA H100 80GB HBM3
quality_first,43,ep3,14305,rw_mmlu:college_computer_science,0.2900000000,0.2400000000,NVIDIA H100 80GB HBM3
quality_first,43,ep3,14305,rw_mmlu:college_mathematics,0.1500000000,0.2100000000,NVIDIA H100 80GB HBM3
quality_first,43,ep3,14305,rw_mmlu:college_medicine,0.2774566474,0.2601156069,NVIDIA H100 80GB HBM3
quality_first,43,ep3,14305,rw_mmlu:college_physics,0.1666666667,0.2352941176,NVIDIA H100 80GB HBM3
quality_first,43,ep3,14305,rw_mmlu:computer_security,0.3500000000,0.3600000000,NVIDIA H100 80GB HBM3
quality_first,43,ep3,14305,rw_mmlu:conceptual_physics,0.3787234043,0.2936170213,NVIDIA H100 80GB HBM3
quality_first,43,ep3,14305,rw_mmlu:econometrics,0.2280701754,0.2456140351,NVIDIA H100 80GB HBM3
quality_first,43,ep3,14305,rw_mmlu:electrical_engineering,0.2275862069,0.2965517241,NVIDIA H100 80GB HBM3
quality_first,43,ep3,14305,rw_mmlu:elementary_mathematics,0.2328042328,0.2407407407,NVIDIA H100 80GB HBM3
quality_first,43,ep3,14305,rw_mmlu:formal_logic,0.3174603175,0.2698412698,NVIDIA H100 80GB HBM3
quality_first,43,ep3,14305,rw_mmlu:global_facts,0.2300000000,0.2200000000,NVIDIA H100 80GB HBM3
quality_first,43,ep3,14305,rw_mmlu:high_school_biology,0.3129032258,0.3516129032,NVIDIA H100 80GB HBM3
quality_first,43,ep3,14305,rw_mmlu:high_school_chemistry,0.1921182266,0.2364532020,NVIDIA H100 80GB HBM3
quality_first,43,ep3,14305,rw_mmlu:high_school_computer_science,0.2900000000,0.3000000000,NVIDIA H100 80GB HBM3
quality_first,43,ep3,14305,rw_mmlu:high_school_european_history,0.2545454545,0.3575757576,NVIDIA H100 80GB HBM3
quality_first,43,ep3,14305,rw_mmlu:high_school_geography,0.3282828283,0.3686868687,NVIDIA H100 80GB HBM3
quality_first,43,ep3,14305,rw_mmlu:high_school_government_and_politics,0.3471502591,0.4041450777,NVIDIA H100 80GB HBM3
quality_first,43,ep3,14305,rw_mmlu:high_school_macroeconomics,0.2692307692,0.3205128205,NVIDIA H100 80GB HBM3
quality_first,43,ep3,14305,rw_mmlu:high_school_mathematics,0.1407407407,0.1222222222,NVIDIA H100 80GB HBM3
quality_first,43,ep3,14305,rw_mmlu:high_school_microeconomics,0.2773109244,0.3109243697,NVIDIA H100 80GB HBM3
quality_first,43,ep3,14305,rw_mmlu:high_school_physics,0.2582781457,0.2516556291,NVIDIA H100 80GB HBM3
quality_first,43,ep3,14305,rw_mmlu:high_school_psychology,0.4018348624,0.3688073394,NVIDIA H100 80GB HBM3
quality_first,43,ep3,14305,rw_mmlu:high_school_statistics,0.2638888889,0.2546296296,NVIDIA H100 80GB HBM3
quality_first,43,ep3,14305,rw_mmlu:high_school_us_history,0.2941176471,0.3382352941,NVIDIA H100 80GB HBM3
quality_first,43,ep3,14305,rw_mmlu:high_school_world_history,0.2869198312,0.3206751055,NVIDIA H100 80GB HBM3
quality_first,43,ep3,14305,rw_mmlu:human_aging,0.3856502242,0.3811659193,NVIDIA H100 80GB HBM3
quality_first,43,ep3,14305,rw_mmlu:human_sexuality,0.4198473282,0.3282442748,NVIDIA H100 80GB HBM3
quality_first,43,ep3,14305,rw_mmlu:international_law,0.1652892562,0.2892561983,NVIDIA H100 80GB HBM3
quality_first,43,ep3,14305,rw_mmlu:jurisprudence,0.2500000000,0.2777777778,NVIDIA H100 80GB HBM3
quality_first,43,ep3,14305,rw_mmlu:logical_fallacies,0.3006134969,0.3251533742,NVIDIA H100 80GB HBM3
quality_first,43,ep3,14305,rw_mmlu:machine_learning,0.2232142857,0.1875000000,NVIDIA H100 80GB HBM3
quality_first,43,ep3,14305,rw_mmlu:management,0.3106796117,0.4563106796,NVIDIA H100 80GB HBM3
quality_first,43,ep3,14305,rw_mmlu:marketing,0.4529914530,0.4188034188,NVIDIA H100 80GB HBM3
quality_first,43,ep3,14305,rw_mmlu:medical_genetics,0.3000000000,0.3100000000,NVIDIA H100 80GB HBM3
quality_first,43,ep3,14305,rw_mmlu:miscellaneous,0.4406130268,0.3933588761,NVIDIA H100 80GB HBM3
quality_first,43,ep3,14305,rw_mmlu:moral_disputes,0.2601156069,0.2658959538,NVIDIA H100 80GB HBM3
quality_first,43,ep3,14305,rw_mmlu:moral_scenarios,0.2379888268,0.2379888268,NVIDIA H100 80GB HBM3
quality_first,43,ep3,14305,rw_mmlu:nutrition,0.2745098039,0.3300653595,NVIDIA H100 80GB HBM3
quality_first,43,ep3,14305,rw_mmlu:philosophy,0.2797427653,0.2572347267,NVIDIA H100 80GB HBM3
quality_first,43,ep3,14305,rw_mmlu:prehistory,0.3734567901,0.3117283951,NVIDIA H100 80GB HBM3
quality_first,43,ep3,14305,rw_mmlu:professional_accounting,0.2482269504,0.2446808511,NVIDIA H100 80GB HBM3
quality_first,43,ep3,14305,rw_mmlu:professional_law,0.2444589309,0.2614080834,NVIDIA H100 80GB HBM3
quality_first,43,ep3,14305,rw_mmlu:professional_medicine,0.2830882353,0.2941176471,NVIDIA H100 80GB HBM3
quality_first,43,ep3,14305,rw_mmlu:professional_psychology,0.2745098039,0.2875816993,NVIDIA H100 80GB HBM3
quality_first,43,ep3,14305,rw_mmlu:public_relations,0.4000000000,0.2727272727,NVIDIA H100 80GB HBM3
quality_first,43,ep3,14305,rw_mmlu:security_studies,0.3102040816,0.2775510204,NVIDIA H100 80GB HBM3
quality_first,43,ep3,14305,rw_mmlu:sociology,0.2786069652,0.2885572139,NVIDIA H100 80GB HBM3
quality_first,43,ep3,14305,rw_mmlu:us_foreign_policy,0.2900000000,0.3200000000,NVIDIA H100 80GB HBM3
quality_first,43,ep3,14305,rw_mmlu:virology,0.2590361446,0.3433734940,NVIDIA H100 80GB HBM3
quality_first,43,ep3,14305,rw_mmlu:world_religions,0.4093567251,0.4444444444,NVIDIA H100 80GB HBM3
quality_first,43,ep3,14305,rw_openbookqa,0.2060000000,0.3320000000,NVIDIA H100 80GB HBM3
quality_first,43,ep3,14305,rw_piqa,0.7110990207,0.7116430903,NVIDIA H100 80GB HBM3
quality_first,43,ep3,14305,rw_siqa,0.3950870010,0.4017400205,NVIDIA H100 80GB HBM3
quality_first,43,ep1,4768,rw_arc:easy,0.5484006734,0.4646464646,NVIDIA H100 80GB HBM3
quality_first,43,ep1,4768,rw_commonsense_qa,0.3087633088,0.2940212940,NVIDIA H100 80GB HBM3
quality_first,43,ep1,4768,rw_hellaswag,0.3447520414,0.4047998407,NVIDIA H100 80GB HBM3
quality_first,43,ep1,4768,rw_mmlu:_average,0.2719933300,0.2822215593,NVIDIA H100 80GB HBM3
quality_first,43,ep1,4768,rw_mmlu:abstract_algebra,0.1800000000,0.2100000000,NVIDIA H100 80GB HBM3
quality_first,43,ep1,4768,rw_mmlu:anatomy,0.3037037037,0.3407407407,NVIDIA H100 80GB HBM3
quality_first,43,ep1,4768,rw_mmlu:astronomy,0.2500000000,0.3486842105,NVIDIA H100 80GB HBM3
quality_first,43,ep1,4768,rw_mmlu:business_ethics,0.5100000000,0.3600000000,NVIDIA H100 80GB HBM3
quality_first,43,ep1,4768,rw_mmlu:clinical_knowledge,0.2113207547,0.3471698113,NVIDIA H100 80GB HBM3
quality_first,43,ep1,4768,rw_mmlu:college_biology,0.2916666667,0.2847222222,NVIDIA H100 80GB HBM3
quality_first,43,ep1,4768,rw_mmlu:college_chemistry,0.2900000000,0.3100000000,NVIDIA H100 80GB HBM3
quality_first,43,ep1,4768,rw_mmlu:college_computer_science,0.2700000000,0.2500000000,NVIDIA H100 80GB HBM3
quality_first,43,ep1,4768,rw_mmlu:college_mathematics,0.1700000000,0.2400000000,NVIDIA H100 80GB HBM3
quality_first,43,ep1,4768,rw_mmlu:college_medicine,0.2312138728,0.2312138728,NVIDIA H100 80GB HBM3
quality_first,43,ep1,4768,rw_mmlu:college_physics,0.1666666667,0.2254901961,NVIDIA H100 80GB HBM3
quality_first,43,ep1,4768,rw_mmlu:computer_security,0.2800000000,0.3100000000,NVIDIA H100 80GB HBM3
quality_first,43,ep1,4768,rw_mmlu:conceptual_physics,0.3361702128,0.2553191489,NVIDIA H100 80GB HBM3
quality_first,43,ep1,4768,rw_mmlu:econometrics,0.2368421053,0.2456140351,NVIDIA H100 80GB HBM3
quality_first,43,ep1,4768,rw_mmlu:electrical_engineering,0.2758620690,0.3310344828,NVIDIA H100 80GB HBM3
quality_first,43,ep1,4768,rw_mmlu:elementary_mathematics,0.2539682540,0.2433862434,NVIDIA H100 80GB HBM3
quality_first,43,ep1,4768,rw_mmlu:formal_logic,0.3333333333,0.3333333333,NVIDIA H100 80GB HBM3
quality_first,43,ep1,4768,rw_mmlu:global_facts,0.2700000000,0.2800000000,NVIDIA H100 80GB HBM3
quality_first,43,ep1,4768,rw_mmlu:high_school_biology,0.2645161290,0.3225806452,NVIDIA H100 80GB HBM3
quality_first,43,ep1,4768,rw_mmlu:high_school_chemistry,0.1822660099,0.2216748768,NVIDIA H100 80GB HBM3
quality_first,43,ep1,4768,rw_mmlu:high_school_computer_science,0.2100000000,0.2100000000,NVIDIA H100 80GB HBM3
quality_first,43,ep1,4768,rw_mmlu:high_school_european_history,0.2363636364,0.3454545455,NVIDIA H100 80GB HBM3
quality_first,43,ep1,4768,rw_mmlu:high_school_geography,0.3434343434,0.3282828283,NVIDIA H100 80GB HBM3
quality_first,43,ep1,4768,rw_mmlu:high_school_government_and_politics,0.3316062176,0.3834196891,NVIDIA H100 80GB HBM3
quality_first,43,ep1,4768,rw_mmlu:high_school_macroeconomics,0.2410256410,0.2923076923,NVIDIA H100 80GB HBM3
quality_first,43,ep1,4768,rw_mmlu:high_school_mathematics,0.1555555556,0.1407407407,NVIDIA H100 80GB HBM3
quality_first,43,ep1,4768,rw_mmlu:high_school_microeconomics,0.2521008403,0.2899159664,NVIDIA H100 80GB HBM3
quality_first,43,ep1,4768,rw_mmlu:high_school_physics,0.3112582781,0.2715231788,NVIDIA H100 80GB HBM3
quality_first,43,ep1,4768,rw_mmlu:high_school_psychology,0.3834862385,0.3357798165,NVIDIA H100 80GB HBM3
quality_first,43,ep1,4768,rw_mmlu:high_school_statistics,0.2546296296,0.2453703704,NVIDIA H100 80GB HBM3
quality_first,43,ep1,4768,rw_mmlu:high_school_us_history,0.2745098039,0.3137254902,NVIDIA H100 80GB HBM3
quality_first,43,ep1,4768,rw_mmlu:high_school_world_history,0.2531645570,0.2742616034,NVIDIA H100 80GB HBM3
quality_first,43,ep1,4768,rw_mmlu:human_aging,0.3587443946,0.3139013453,NVIDIA H100 80GB HBM3
quality_first,43,ep1,4768,rw_mmlu:human_sexuality,0.3511450382,0.3511450382,NVIDIA H100 80GB HBM3
quality_first,43,ep1,4768,rw_mmlu:international_law,0.1487603306,0.2314049587,NVIDIA H100 80GB HBM3
quality_first,43,ep1,4768,rw_mmlu:jurisprudence,0.1944444444,0.2500000000,NVIDIA H100 80GB HBM3
quality_first,43,ep1,4768,rw_mmlu:logical_fallacies,0.2944785276,0.3128834356,NVIDIA H100 80GB HBM3
quality_first,43,ep1,4768,rw_mmlu:machine_learning,0.1696428571,0.1785714286,NVIDIA H100 80GB HBM3
quality_first,43,ep1,4768,rw_mmlu:management,0.2621359223,0.3592233010,NVIDIA H100 80GB HBM3
quality_first,43,ep1,4768,rw_mmlu:marketing,0.4316239316,0.3931623932,NVIDIA H100 80GB HBM3
quality_first,43,ep1,4768,rw_mmlu:medical_genetics,0.2600000000,0.2800000000,NVIDIA H100 80GB HBM3
quality_first,43,ep1,4768,rw_mmlu:miscellaneous,0.3716475096,0.3473818646,NVIDIA H100 80GB HBM3
quality_first,43,ep1,4768,rw_mmlu:moral_disputes,0.2398843931,0.2312138728,NVIDIA H100 80GB HBM3
quality_first,43,ep1,4768,rw_mmlu:moral_scenarios,0.2379888268,0.2379888268,NVIDIA H100 80GB HBM3
quality_first,43,ep1,4768,rw_mmlu:nutrition,0.2581699346,0.2941176471,NVIDIA H100 80GB HBM3
quality_first,43,ep1,4768,rw_mmlu:philosophy,0.2700964630,0.2250803859,NVIDIA H100 80GB HBM3
quality_first,43,ep1,4768,rw_mmlu:prehistory,0.3302469136,0.2407407407,NVIDIA H100 80GB HBM3
quality_first,43,ep1,4768,rw_mmlu:professional_accounting,0.2624113475,0.2198581560,NVIDIA H100 80GB HBM3
quality_first,43,ep1,4768,rw_mmlu:professional_law,0.2379400261,0.2574967405,NVIDIA H100 80GB HBM3
quality_first,43,ep1,4768,rw_mmlu:professional_medicine,0.2352941176,0.2757352941,NVIDIA H100 80GB HBM3
quality_first,43,ep1,4768,rw_mmlu:professional_psychology,0.2745098039,0.2614379085,NVIDIA H100 80GB HBM3
quality_first,43,ep1,4768,rw_mmlu:public_relations,0.3818181818,0.2454545455,NVIDIA H100 80GB HBM3
quality_first,43,ep1,4768,rw_mmlu:security_studies,0.3224489796,0.2489795918,NVIDIA H100 80GB HBM3
quality_first,43,ep1,4768,rw_mmlu:sociology,0.2636815920,0.2736318408,NVIDIA H100 80GB HBM3
quality_first,43,ep1,4768,rw_mmlu:us_foreign_policy,0.2700000000,0.2600000000,NVIDIA H100 80GB HBM3
quality_first,43,ep1,4768,rw_mmlu:virology,0.2469879518,0.3012048193,NVIDIA H100 80GB HBM3
quality_first,43,ep1,4768,rw_mmlu:world_religions,0.2748538012,0.3742690058,NVIDIA H100 80GB HBM3
quality_first,43,ep1,4768,rw_openbookqa,0.1920000000,0.3160000000,NVIDIA H100 80GB HBM3
quality_first,43,ep1,4768,rw_piqa,0.6964091404,0.6855277476,NVIDIA H100 80GB HBM3
quality_first,43,ep1,4768,rw_siqa,0.3909928352,0.3961105425,NVIDIA H100 80GB HBM3
quality_first,43,ep2,9537,rw_arc:easy,0.5829124579,0.4936868687,NVIDIA H100 80GB HBM3
quality_first,43,ep2,9537,rw_commonsense_qa,0.3341523342,0.2972972973,NVIDIA H100 80GB HBM3
quality_first,43,ep2,9537,rw_hellaswag,0.3752240590,0.4576777534,NVIDIA H100 80GB HBM3
quality_first,43,ep2,9537,rw_mmlu:_average,0.2856451445,0.2970918890,NVIDIA H100 80GB HBM3
quality_first,43,ep2,9537,rw_mmlu:abstract_algebra,0.2100000000,0.2400000000,NVIDIA H100 80GB HBM3
quality_first,43,ep2,9537,rw_mmlu:anatomy,0.3037037037,0.2962962963,NVIDIA H100 80GB HBM3
quality_first,43,ep2,9537,rw_mmlu:astronomy,0.2697368421,0.3552631579,NVIDIA H100 80GB HBM3
quality_first,43,ep2,9537,rw_mmlu:business_ethics,0.4900000000,0.4000000000,NVIDIA H100 80GB HBM3
quality_first,43,ep2,9537,rw_mmlu:clinical_knowledge,0.2490566038,0.3660377358,NVIDIA H100 80GB HBM3
quality_first,43,ep2,9537,rw_mmlu:college_biology,0.3333333333,0.3194444444,NVIDIA H100 80GB HBM3
quality_first,43,ep2,9537,rw_mmlu:college_chemistry,0.2700000000,0.2600000000,NVIDIA H100 80GB HBM3
quality_first,43,ep2,9537,rw_mmlu:college_computer_science,0.3000000000,0.2400000000,NVIDIA H100 80GB HBM3
quality_first,43,ep2,9537,rw_mmlu:college_mathematics,0.1700000000,0.2400000000,NVIDIA H100 80GB HBM3
quality_first,43,ep2,9537,rw_mmlu:college_medicine,0.2543352601,0.2485549133,NVIDIA H100 80GB HBM3
quality_first,43,ep2,9537,rw_mmlu:college_physics,0.1960784314,0.2450980392,NVIDIA H100 80GB HBM3
quality_first,43,ep2,9537,rw_mmlu:computer_security,0.3400000000,0.3500000000,NVIDIA H100 80GB HBM3
quality_first,43,ep2,9537,rw_mmlu:conceptual_physics,0.3361702128,0.2978723404,NVIDIA H100 80GB HBM3
quality_first,43,ep2,9537,rw_mmlu:econometrics,0.2368421053,0.2543859649,NVIDIA H100 80GB HBM3
quality_first,43,ep2,9537,rw_mmlu:electrical_engineering,0.2413793103,0.2896551724,NVIDIA H100 80GB HBM3
quality_first,43,ep2,9537,rw_mmlu:elementary_mathematics,0.2592592593,0.2566137566,NVIDIA H100 80GB HBM3
quality_first,43,ep2,9537,rw_mmlu:formal_logic,0.3095238095,0.3095238095,NVIDIA H100 80GB HBM3
quality_first,43,ep2,9537,rw_mmlu:global_facts,0.2600000000,0.2500000000,NVIDIA H100 80GB HBM3
quality_first,43,ep2,9537,rw_mmlu:high_school_biology,0.2709677419,0.3290322581,NVIDIA H100 80GB HBM3
quality_first,43,ep2,9537,rw_mmlu:high_school_chemistry,0.1921182266,0.2463054187,NVIDIA H100 80GB HBM3
quality_first,43,ep2,9537,rw_mmlu:high_school_computer_science,0.2800000000,0.2600000000,NVIDIA H100 80GB HBM3
quality_first,43,ep2,9537,rw_mmlu:high_school_european_history,0.2727272727,0.3515151515,NVIDIA H100 80GB HBM3
quality_first,43,ep2,9537,rw_mmlu:high_school_geography,0.3333333333,0.3838383838,NVIDIA H100 80GB HBM3
quality_first,43,ep2,9537,rw_mmlu:high_school_government_and_politics,0.3264248705,0.4093264249,NVIDIA H100 80GB HBM3
quality_first,43,ep2,9537,rw_mmlu:high_school_macroeconomics,0.2435897436,0.3076923077,NVIDIA H100 80GB HBM3
quality_first,43,ep2,9537,rw_mmlu:high_school_mathematics,0.1518518519,0.1444444444,NVIDIA H100 80GB HBM3
quality_first,43,ep2,9537,rw_mmlu:high_school_microeconomics,0.2899159664,0.3613445378,NVIDIA H100 80GB HBM3
quality_first,43,ep2,9537,rw_mmlu:high_school_physics,0.2847682119,0.2450331126,NVIDIA H100 80GB HBM3
quality_first,43,ep2,9537,rw_mmlu:high_school_psychology,0.3816513761,0.3614678899,NVIDIA H100 80GB HBM3
quality_first,43,ep2,9537,rw_mmlu:high_school_statistics,0.2546296296,0.2592592593,NVIDIA H100 80GB HBM3
quality_first,43,ep2,9537,rw_mmlu:high_school_us_history,0.2696078431,0.3529411765,NVIDIA H100 80GB HBM3
quality_first,43,ep2,9537,rw_mmlu:high_school_world_history,0.2995780591,0.2911392405,NVIDIA H100 80GB HBM3
quality_first,43,ep2,9537,rw_mmlu:human_aging,0.3856502242,0.3542600897,NVIDIA H100 80GB HBM3
quality_first,43,ep2,9537,rw_mmlu:human_sexuality,0.3816793893,0.3282442748,NVIDIA H100 80GB HBM3
quality_first,43,ep2,9537,rw_mmlu:international_law,0.1570247934,0.2727272727,NVIDIA H100 80GB HBM3
quality_first,43,ep2,9537,rw_mmlu:jurisprudence,0.2222222222,0.2592592593,NVIDIA H100 80GB HBM3
quality_first,43,ep2,9537,rw_mmlu:logical_fallacies,0.2883435583,0.3006134969,NVIDIA H100 80GB HBM3
quality_first,43,ep2,9537,rw_mmlu:machine_learning,0.1696428571,0.1607142857,NVIDIA H100 80GB HBM3
quality_first,43,ep2,9537,rw_mmlu:management,0.2912621359,0.3398058252,NVIDIA H100 80GB HBM3
quality_first,43,ep2,9537,rw_mmlu:marketing,0.4188034188,0.4059829060,NVIDIA H100 80GB HBM3
quality_first,43,ep2,9537,rw_mmlu:medical_genetics,0.3000000000,0.3200000000,NVIDIA H100 80GB HBM3
quality_first,43,ep2,9537,rw_mmlu:miscellaneous,0.4201787995,0.3754789272,NVIDIA H100 80GB HBM3
quality_first,43,ep2,9537,rw_mmlu:moral_disputes,0.2514450867,0.2716763006,NVIDIA H100 80GB HBM3
quality_first,43,ep2,9537,rw_mmlu:moral_scenarios,0.2379888268,0.2379888268,NVIDIA H100 80GB HBM3
quality_first,43,ep2,9537,rw_mmlu:nutrition,0.2843137255,0.3169934641,NVIDIA H100 80GB HBM3
quality_first,43,ep2,9537,rw_mmlu:philosophy,0.2797427653,0.2411575563,NVIDIA H100 80GB HBM3
quality_first,43,ep2,9537,rw_mmlu:prehistory,0.3734567901,0.2685185185,NVIDIA H100 80GB HBM3
quality_first,43,ep2,9537,rw_mmlu:professional_accounting,0.2517730496,0.2269503546,NVIDIA H100 80GB HBM3
quality_first,43,ep2,9537,rw_mmlu:professional_law,0.2372881356,0.2581486310,NVIDIA H100 80GB HBM3
quality_first,43,ep2,9537,rw_mmlu:professional_medicine,0.2573529412,0.2830882353,NVIDIA H100 80GB HBM3
quality_first,43,ep2,9537,rw_mmlu:professional_psychology,0.2810457516,0.2712418301,NVIDIA H100 80GB HBM3
quality_first,43,ep2,9537,rw_mmlu:public_relations,0.4090909091,0.3000000000,NVIDIA H100 80GB HBM3
quality_first,43,ep2,9537,rw_mmlu:security_studies,0.3183673469,0.2816326531,NVIDIA H100 80GB HBM3
quality_first,43,ep2,9537,rw_mmlu:sociology,0.2487562189,0.2985074627,NVIDIA H100 80GB HBM3
quality_first,43,ep2,9537,rw_mmlu:us_foreign_policy,0.3200000000,0.3100000000,NVIDIA H100 80GB HBM3
quality_first,43,ep2,9537,rw_mmlu:virology,0.2590361446,0.3373493976,NVIDIA H100 80GB HBM3
quality_first,43,ep2,9537,rw_mmlu:world_religions,0.3567251462,0.3918128655,NVIDIA H100 80GB HBM3
quality_first,43,ep2,9537,rw_openbookqa,0.1980000000,0.3260000000,NVIDIA H100 80GB HBM3
quality_first,43,ep2,9537,rw_piqa,0.7023939064,0.7051142546,NVIDIA H100 80GB HBM3
quality_first,43,ep2,9537,rw_siqa,0.3904810645,0.3996929376,NVIDIA H100 80GB HBM3
quality_first,44,ep3,14305,rw_arc:easy,0.5951178451,0.5067340067,NVIDIA H100 80GB HBM3
quality_first,44,ep3,14305,rw_commonsense_qa,0.3472563473,0.3169533170,NVIDIA H100 80GB HBM3
quality_first,44,ep3,14305,rw_hellaswag,0.3926508664,0.4833698466,NVIDIA H100 80GB HBM3
quality_first,44,ep3,14305,rw_mmlu:_average,0.2974983589,0.3077258093,NVIDIA H100 80GB HBM3
quality_first,44,ep3,14305,rw_mmlu:abstract_algebra,0.2400000000,0.2800000000,NVIDIA H100 80GB HBM3
quality_first,44,ep3,14305,rw_mmlu:anatomy,0.3777777778,0.3481481481,NVIDIA H100 80GB HBM3
quality_first,44,ep3,14305,rw_mmlu:astronomy,0.2828947368,0.3618421053,NVIDIA H100 80GB HBM3
quality_first,44,ep3,14305,rw_mmlu:business_ethics,0.5000000000,0.3900000000,NVIDIA H100 80GB HBM3
quality_first,44,ep3,14305,rw_mmlu:clinical_knowledge,0.2566037736,0.3584905660,NVIDIA H100 80GB HBM3
quality_first,44,ep3,14305,rw_mmlu:college_biology,0.3750000000,0.3263888889,NVIDIA H100 80GB HBM3
quality_first,44,ep3,14305,rw_mmlu:college_chemistry,0.2500000000,0.2500000000,NVIDIA H100 80GB HBM3
quality_first,44,ep3,14305,rw_mmlu:college_computer_science,0.2700000000,0.2300000000,NVIDIA H100 80GB HBM3
quality_first,44,ep3,14305,rw_mmlu:college_mathematics,0.1300000000,0.2200000000,NVIDIA H100 80GB HBM3
quality_first,44,ep3,14305,rw_mmlu:college_medicine,0.2485549133,0.2658959538,NVIDIA H100 80GB HBM3
quality_first,44,ep3,14305,rw_mmlu:college_physics,0.1764705882,0.2058823529,NVIDIA H100 80GB HBM3
quality_first,44,ep3,14305,rw_mmlu:computer_security,0.3000000000,0.3500000000,NVIDIA H100 80GB HBM3
quality_first,44,ep3,14305,rw_mmlu:conceptual_physics,0.3702127660,0.2765957447,NVIDIA H100 80GB HBM3
quality_first,44,ep3,14305,rw_mmlu:econometrics,0.2543859649,0.2280701754,NVIDIA H100 80GB HBM3
quality_first,44,ep3,14305,rw_mmlu:electrical_engineering,0.2551724138,0.3379310345,NVIDIA H100 80GB HBM3
quality_first,44,ep3,14305,rw_mmlu:elementary_mathematics,0.2513227513,0.2433862434,NVIDIA H100 80GB HBM3
quality_first,44,ep3,14305,rw_mmlu:formal_logic,0.3571428571,0.3095238095,NVIDIA H100 80GB HBM3
quality_first,44,ep3,14305,rw_mmlu:global_facts,0.2900000000,0.2900000000,NVIDIA H100 80GB HBM3
quality_first,44,ep3,14305,rw_mmlu:high_school_biology,0.2967741935,0.3645161290,NVIDIA H100 80GB HBM3
quality_first,44,ep3,14305,rw_mmlu:high_school_chemistry,0.1921182266,0.2364532020,NVIDIA H100 80GB HBM3
quality_first,44,ep3,14305,rw_mmlu:high_school_computer_science,0.2800000000,0.2600000000,NVIDIA H100 80GB HBM3
quality_first,44,ep3,14305,rw_mmlu:high_school_european_history,0.3030303030,0.3757575758,NVIDIA H100 80GB HBM3
quality_first,44,ep3,14305,rw_mmlu:high_school_geography,0.3080808081,0.3737373737,NVIDIA H100 80GB HBM3
quality_first,44,ep3,14305,rw_mmlu:high_school_government_and_politics,0.3678756477,0.4041450777,NVIDIA H100 80GB HBM3
quality_first,44,ep3,14305,rw_mmlu:high_school_macroeconomics,0.2820512821,0.3230769231,NVIDIA H100 80GB HBM3
quality_first,44,ep3,14305,rw_mmlu:high_school_mathematics,0.1666666667,0.1777777778,NVIDIA H100 80GB HBM3
quality_first,44,ep3,14305,rw_mmlu:high_school_microeconomics,0.3193277311,0.3361344538,NVIDIA H100 80GB HBM3
quality_first,44,ep3,14305,rw_mmlu:high_school_physics,0.2649006623,0.2384105960,NVIDIA H100 80GB HBM3
quality_first,44,ep3,14305,rw_mmlu:high_school_psychology,0.4256880734,0.3871559633,NVIDIA H100 80GB HBM3
quality_first,44,ep3,14305,rw_mmlu:high_school_statistics,0.2777777778,0.2592592593,NVIDIA H100 80GB HBM3
quality_first,44,ep3,14305,rw_mmlu:high_school_us_history,0.2794117647,0.3578431373,NVIDIA H100 80GB HBM3
quality_first,44,ep3,14305,rw_mmlu:high_school_world_history,0.2700421941,0.2869198312,NVIDIA H100 80GB HBM3
quality_first,44,ep3,14305,rw_mmlu:human_aging,0.3766816143,0.3811659193,NVIDIA H100 80GB HBM3
quality_first,44,ep3,14305,rw_mmlu:human_sexuality,0.4045801527,0.3587786260,NVIDIA H100 80GB HBM3
quality_first,44,ep3,14305,rw_mmlu:international_law,0.1570247934,0.2314049587,NVIDIA H100 80GB HBM3
quality_first,44,ep3,14305,rw_mmlu:jurisprudence,0.2222222222,0.2962962963,NVIDIA H100 80GB HBM3
quality_first,44,ep3,14305,rw_mmlu:logical_fallacies,0.2883435583,0.2944785276,NVIDIA H100 80GB HBM3
quality_first,44,ep3,14305,rw_mmlu:machine_learning,0.2232142857,0.2232142857,NVIDIA H100 80GB HBM3
quality_first,44,ep3,14305,rw_mmlu:management,0.3106796117,0.4271844660,NVIDIA H100 80GB HBM3
quality_first,44,ep3,14305,rw_mmlu:marketing,0.4786324786,0.4401709402,NVIDIA H100 80GB HBM3
quality_first,44,ep3,14305,rw_mmlu:medical_genetics,0.3000000000,0.3600000000,NVIDIA H100 80GB HBM3
quality_first,44,ep3,14305,rw_mmlu:miscellaneous,0.4355044700,0.4112388250,NVIDIA H100 80GB HBM3
quality_first,44,ep3,14305,rw_mmlu:moral_disputes,0.2716763006,0.2398843931,NVIDIA H100 80GB HBM3
quality_first,44,ep3,14305,rw_mmlu:moral_scenarios,0.2379888268,0.2379888268,NVIDIA H100 80GB HBM3
quality_first,44,ep3,14305,rw_mmlu:nutrition,0.2843137255,0.3366013072,NVIDIA H100 80GB HBM3
quality_first,44,ep3,14305,rw_mmlu:philosophy,0.2829581994,0.2572347267,NVIDIA H100 80GB HBM3
quality_first,44,ep3,14305,rw_mmlu:prehistory,0.3796296296,0.2932098765,NVIDIA H100 80GB HBM3
quality_first,44,ep3,14305,rw_mmlu:professional_accounting,0.2588652482,0.2482269504,NVIDIA H100 80GB HBM3
quality_first,44,ep3,14305,rw_mmlu:professional_law,0.2438070404,0.2601043025,NVIDIA H100 80GB HBM3
quality_first,44,ep3,14305,rw_mmlu:professional_medicine,0.2794117647,0.3235294118,NVIDIA H100 80GB HBM3
quality_first,44,ep3,14305,rw_mmlu:professional_psychology,0.2973856209,0.2810457516,NVIDIA H100 80GB HBM3
quality_first,44,ep3,14305,rw_mmlu:public_relations,0.4181818182,0.2909090909,NVIDIA H100 80GB HBM3
quality_first,44,ep3,14305,rw_mmlu:security_studies,0.3183673469,0.2816326531,NVIDIA H100 80GB HBM3
quality_first,44,ep3,14305,rw_mmlu:sociology,0.2935323383,0.3283582090,NVIDIA H100 80GB HBM3
quality_first,44,ep3,14305,rw_mmlu:us_foreign_policy,0.3000000000,0.2900000000,NVIDIA H100 80GB HBM3
quality_first,44,ep3,14305,rw_mmlu:virology,0.2891566265,0.3674698795,NVIDIA H100 80GB HBM3
quality_first,44,ep3,14305,rw_mmlu:world_religions,0.3859649123,0.4269005848,NVIDIA H100 80GB HBM3
quality_first,44,ep3,14305,rw_openbookqa,0.1980000000,0.3340000000,NVIDIA H100 80GB HBM3
quality_first,44,ep3,14305,rw_piqa,0.7236126224,0.7165397171,NVIDIA H100 80GB HBM3
quality_first,44,ep3,14305,rw_siqa,0.3991811668,0.3971340839,NVIDIA H100 80GB HBM3
quality_first,44,ep1,4768,rw_arc:easy,0.5702861953,0.4629629630,NVIDIA H100 80GB HBM3
quality_first,44,ep1,4768,rw_commonsense_qa,0.3177723178,0.3038493038,NVIDIA H100 80GB HBM3
quality_first,44,ep1,4768,rw_hellaswag,0.3423620793,0.4016132245,NVIDIA H100 80GB HBM3
quality_first,44,ep1,4768,rw_mmlu:_average,0.2801492255,0.2875520423,NVIDIA H100 80GB HBM3
quality_first,44,ep1,4768,rw_mmlu:abstract_algebra,0.2100000000,0.2200000000,NVIDIA H100 80GB HBM3
quality_first,44,ep1,4768,rw_mmlu:anatomy,0.3555555556,0.3037037037,NVIDIA H100 80GB HBM3
quality_first,44,ep1,4768,rw_mmlu:astronomy,0.2368421053,0.3289473684,NVIDIA H100 80GB HBM3
quality_first,44,ep1,4768,rw_mmlu:business_ethics,0.5200000000,0.3900000000,NVIDIA H100 80GB HBM3
quality_first,44,ep1,4768,rw_mmlu:clinical_knowledge,0.2566037736,0.3396226415,NVIDIA H100 80GB HBM3
quality_first,44,ep1,4768,rw_mmlu:college_biology,0.3194444444,0.2500000000,NVIDIA H100 80GB HBM3
quality_first,44,ep1,4768,rw_mmlu:college_chemistry,0.3000000000,0.2300000000,NVIDIA H100 80GB HBM3
quality_first,44,ep1,4768,rw_mmlu:college_computer_science,0.2800000000,0.2500000000,NVIDIA H100 80GB HBM3
quality_first,44,ep1,4768,rw_mmlu:college_mathematics,0.1800000000,0.2000000000,NVIDIA H100 80GB HBM3
quality_first,44,ep1,4768,rw_mmlu:college_medicine,0.2947976879,0.2312138728,NVIDIA H100 80GB HBM3
quality_first,44,ep1,4768,rw_mmlu:college_physics,0.2352941176,0.2647058824,NVIDIA H100 80GB HBM3
quality_first,44,ep1,4768,rw_mmlu:computer_security,0.2900000000,0.3100000000,NVIDIA H100 80GB HBM3
quality_first,44,ep1,4768,rw_mmlu:conceptual_physics,0.3829787234,0.3106382979,NVIDIA H100 80GB HBM3
quality_first,44,ep1,4768,rw_mmlu:econometrics,0.2543859649,0.2368421053,NVIDIA H100 80GB HBM3
quality_first,44,ep1,4768,rw_mmlu:electrical_engineering,0.2620689655,0.3034482759,NVIDIA H100 80GB HBM3
quality_first,44,ep1,4768,rw_mmlu:elementary_mathematics,0.2328042328,0.2301587302,NVIDIA H100 80GB HBM3
quality_first,44,ep1,4768,rw_mmlu:formal_logic,0.3333333333,0.3809523810,NVIDIA H100 80GB HBM3
quality_first,44,ep1,4768,rw_mmlu:global_facts,0.2400000000,0.2500000000,NVIDIA H100 80GB HBM3
quality_first,44,ep1,4768,rw_mmlu:high_school_biology,0.2709677419,0.3387096774,NVIDIA H100 80GB HBM3
quality_first,44,ep1,4768,rw_mmlu:high_school_chemistry,0.1477832512,0.2216748768,NVIDIA H100 80GB HBM3
quality_first,44,ep1,4768,rw_mmlu:high_school_computer_science,0.2400000000,0.2400000000,NVIDIA H100 80GB HBM3
quality_first,44,ep1,4768,rw_mmlu:high_school_european_history,0.2848484848,0.3575757576,NVIDIA H100 80GB HBM3
quality_first,44,ep1,4768,rw_mmlu:high_school_geography,0.3282828283,0.3737373737,NVIDIA H100 80GB HBM3
quality_first,44,ep1,4768,rw_mmlu:high_school_government_and_politics,0.3471502591,0.3730569948,NVIDIA H100 80GB HBM3
quality_first,44,ep1,4768,rw_mmlu:high_school_macroeconomics,0.2589743590,0.3000000000,NVIDIA H100 80GB HBM3
quality_first,44,ep1,4768,rw_mmlu:high_school_mathematics,0.1481481481,0.1555555556,NVIDIA H100 80GB HBM3
quality_first,44,ep1,4768,rw_mmlu:high_school_microeconomics,0.2815126050,0.3361344538,NVIDIA H100 80GB HBM3
quality_first,44,ep1,4768,rw_mmlu:high_school_physics,0.2582781457,0.2715231788,NVIDIA H100 80GB HBM3
quality_first,44,ep1,4768,rw_mmlu:high_school_psychology,0.4018348624,0.3522935780,NVIDIA H100 80GB HBM3
quality_first,44,ep1,4768,rw_mmlu:high_school_statistics,0.2592592593,0.2314814815,NVIDIA H100 80GB HBM3
quality_first,44,ep1,4768,rw_mmlu:high_school_us_history,0.2647058824,0.3382352941,NVIDIA H100 80GB HBM3
quality_first,44,ep1,4768,rw_mmlu:high_school_world_history,0.2742616034,0.2742616034,NVIDIA H100 80GB HBM3
quality_first,44,ep1,4768,rw_mmlu:human_aging,0.3497757848,0.3497757848,NVIDIA H100 80GB HBM3
quality_first,44,ep1,4768,rw_mmlu:human_sexuality,0.3816793893,0.3969465649,NVIDIA H100 80GB HBM3
quality_first,44,ep1,4768,rw_mmlu:international_law,0.1570247934,0.2396694215,NVIDIA H100 80GB HBM3
quality_first,44,ep1,4768,rw_mmlu:jurisprudence,0.1759259259,0.2407407407,NVIDIA H100 80GB HBM3
quality_first,44,ep1,4768,rw_mmlu:logical_fallacies,0.3006134969,0.3251533742,NVIDIA H100 80GB HBM3
quality_first,44,ep1,4768,rw_mmlu:machine_learning,0.2232142857,0.2142857143,NVIDIA H100 80GB HBM3
quality_first,44,ep1,4768,rw_mmlu:management,0.2524271845,0.3495145631,NVIDIA H100 80GB HBM3
quality_first,44,ep1,4768,rw_mmlu:marketing,0.4145299145,0.4017094017,NVIDIA H100 80GB HBM3
quality_first,44,ep1,4768,rw_mmlu:medical_genetics,0.2400000000,0.3200000000,NVIDIA H100 80GB HBM3
quality_first,44,ep1,4768,rw_mmlu:miscellaneous,0.3793103448,0.3524904215,NVIDIA H100 80GB HBM3
quality_first,44,ep1,4768,rw_mmlu:moral_disputes,0.2312138728,0.2052023121,NVIDIA H100 80GB HBM3
quality_first,44,ep1,4768,rw_mmlu:moral_scenarios,0.2379888268,0.2379888268,NVIDIA H100 80GB HBM3
quality_first,44,ep1,4768,rw_mmlu:nutrition,0.2450980392,0.3169934641,NVIDIA H100 80GB HBM3
quality_first,44,ep1,4768,rw_mmlu:philosophy,0.2443729904,0.2218649518,NVIDIA H100 80GB HBM3
quality_first,44,ep1,4768,rw_mmlu:prehistory,0.3209876543,0.2407407407,NVIDIA H100 80GB HBM3
quality_first,44,ep1,4768,rw_mmlu:professional_accounting,0.2482269504,0.2198581560,NVIDIA H100 80GB HBM3
quality_first,44,ep1,4768,rw_mmlu:professional_law,0.2366362451,0.2588005215,NVIDIA H100 80GB HBM3
quality_first,44,ep1,4768,rw_mmlu:professional_medicine,0.2573529412,0.2867647059,NVIDIA H100 80GB HBM3
quality_first,44,ep1,4768,rw_mmlu:professional_psychology,0.2859477124,0.2549019608,NVIDIA H100 80GB HBM3
quality_first,44,ep1,4768,rw_mmlu:public_relations,0.4181818182,0.2818181818,NVIDIA H100 80GB HBM3
quality_first,44,ep1,4768,rw_mmlu:security_studies,0.3142857143,0.2530612245,NVIDIA H100 80GB HBM3
quality_first,44,ep1,4768,rw_mmlu:sociology,0.2636815920,0.2835820896,NVIDIA H100 80GB HBM3
quality_first,44,ep1,4768,rw_mmlu:us_foreign_policy,0.3000000000,0.2800000000,NVIDIA H100 80GB HBM3
quality_first,44,ep1,4768,rw_mmlu:virology,0.2650602410,0.3132530120,NVIDIA H100 80GB HBM3
quality_first,44,ep1,4768,rw_mmlu:world_religions,0.2748538012,0.3508771930,NVIDIA H100 80GB HBM3
quality_first,44,ep1,4768,rw_openbookqa,0.1660000000,0.3060000000,NVIDIA H100 80GB HBM3
quality_first,44,ep1,4768,rw_piqa,0.6866158868,0.6806311208,NVIDIA H100 80GB HBM3
quality_first,44,ep1,4768,rw_siqa,0.3812691914,0.3904810645,NVIDIA H100 80GB HBM3
quality_first,44,ep2,9537,rw_arc:easy,0.5829124579,0.4802188552,NVIDIA H100 80GB HBM3
quality_first,44,ep2,9537,rw_commonsense_qa,0.3407043407,0.3153153153,NVIDIA H100 80GB HBM3
quality_first,44,ep2,9537,rw_hellaswag,0.3732324238,0.4557857001,NVIDIA H100 80GB HBM3
quality_first,44,ep2,9537,rw_mmlu:_average,0.2950033528,0.3039103119,NVIDIA H100 80GB HBM3
quality_first,44,ep2,9537,rw_mmlu:abstract_algebra,0.2400000000,0.2600000000,NVIDIA H100 80GB HBM3
quality_first,44,ep2,9537,rw_mmlu:anatomy,0.3777777778,0.3333333333,NVIDIA H100 80GB HBM3
quality_first,44,ep2,9537,rw_mmlu:astronomy,0.2697368421,0.3750000000,NVIDIA H100 80GB HBM3
quality_first,44,ep2,9537,rw_mmlu:business_ethics,0.5100000000,0.4100000000,NVIDIA H100 80GB HBM3
quality_first,44,ep2,9537,rw_mmlu:clinical_knowledge,0.2905660377,0.3584905660,NVIDIA H100 80GB HBM3
quality_first,44,ep2,9537,rw_mmlu:college_biology,0.3541666667,0.3194444444,NVIDIA H100 80GB HBM3
quality_first,44,ep2,9537,rw_mmlu:college_chemistry,0.2500000000,0.2200000000,NVIDIA H100 80GB HBM3
quality_first,44,ep2,9537,rw_mmlu:college_computer_science,0.2600000000,0.2400000000,NVIDIA H100 80GB HBM3
quality_first,44,ep2,9537,rw_mmlu:college_mathematics,0.1600000000,0.2200000000,NVIDIA H100 80GB HBM3
quality_first,44,ep2,9537,rw_mmlu:college_medicine,0.2543352601,0.2543352601,NVIDIA H100 80GB HBM3
quality_first,44,ep2,9537,rw_mmlu:college_physics,0.2352941176,0.2745098039,NVIDIA H100 80GB HBM3
quality_first,44,ep2,9537,rw_mmlu:computer_security,0.3100000000,0.3300000000,NVIDIA H100 80GB HBM3
quality_first,44,ep2,9537,rw_mmlu:conceptual_physics,0.3702127660,0.2765957447,NVIDIA H100 80GB HBM3
quality_first,44,ep2,9537,rw_mmlu:econometrics,0.2456140351,0.2543859649,NVIDIA H100 80GB HBM3
quality_first,44,ep2,9537,rw_mmlu:electrical_engineering,0.2482758621,0.3172413793,NVIDIA H100 80GB HBM3
quality_first,44,ep2,9537,rw_mmlu:elementary_mathematics,0.2407407407,0.2592592593,NVIDIA H100 80GB HBM3
quality_first,44,ep2,9537,rw_mmlu:formal_logic,0.3492063492,0.3730158730,NVIDIA H100 80GB HBM3
quality_first,44,ep2,9537,rw_mmlu:global_facts,0.2700000000,0.2700000000,NVIDIA H100 80GB HBM3
quality_first,44,ep2,9537,rw_mmlu:high_school_biology,0.3096774194,0.3645161290,NVIDIA H100 80GB HBM3
quality_first,44,ep2,9537,rw_mmlu:high_school_chemistry,0.1970443350,0.2463054187,NVIDIA H100 80GB HBM3
quality_first,44,ep2,9537,rw_mmlu:high_school_computer_science,0.2600000000,0.2400000000,NVIDIA H100 80GB HBM3
quality_first,44,ep2,9537,rw_mmlu:high_school_european_history,0.2848484848,0.3878787879,NVIDIA H100 80GB HBM3
quality_first,44,ep2,9537,rw_mmlu:high_school_geography,0.3333333333,0.3484848485,NVIDIA H100 80GB HBM3
quality_first,44,ep2,9537,rw_mmlu:high_school_government_and_politics,0.3730569948,0.3989637306,NVIDIA H100 80GB HBM3
quality_first,44,ep2,9537,rw_mmlu:high_school_macroeconomics,0.3000000000,0.3358974359,NVIDIA H100 80GB HBM3
quality_first,44,ep2,9537,rw_mmlu:high_school_mathematics,0.1703703704,0.1592592593,NVIDIA H100 80GB HBM3
quality_first,44,ep2,9537,rw_mmlu:high_school_microeconomics,0.3067226891,0.3487394958,NVIDIA H100 80GB HBM3
quality_first,44,ep2,9537,rw_mmlu:high_school_physics,0.2516556291,0.2251655629,NVIDIA H100 80GB HBM3
quality_first,44,ep2,9537,rw_mmlu:high_school_psychology,0.4422018349,0.3614678899,NVIDIA H100 80GB HBM3
quality_first,44,ep2,9537,rw_mmlu:high_school_statistics,0.2870370370,0.2592592593,NVIDIA H100 80GB HBM3
quality_first,44,ep2,9537,rw_mmlu:high_school_us_history,0.2794117647,0.3235294118,NVIDIA H100 80GB HBM3
quality_first,44,ep2,9537,rw_mmlu:high_school_world_history,0.2742616034,0.2869198312,NVIDIA H100 80GB HBM3
quality_first,44,ep2,9537,rw_mmlu:human_aging,0.3632286996,0.3632286996,NVIDIA H100 80GB HBM3
quality_first,44,ep2,9537,rw_mmlu:human_sexuality,0.3816793893,0.4045801527,NVIDIA H100 80GB HBM3
quality_first,44,ep2,9537,rw_mmlu:international_law,0.1735537190,0.2644628099,NVIDIA H100 80GB HBM3
quality_first,44,ep2,9537,rw_mmlu:jurisprudence,0.1944444444,0.2870370370,NVIDIA H100 80GB HBM3
quality_first,44,ep2,9537,rw_mmlu:logical_fallacies,0.3006134969,0.3190184049,NVIDIA H100 80GB HBM3
quality_first,44,ep2,9537,rw_mmlu:machine_learning,0.2232142857,0.2410714286,NVIDIA H100 80GB HBM3
quality_first,44,ep2,9537,rw_mmlu:management,0.2815533981,0.3883495146,NVIDIA H100 80GB HBM3
quality_first,44,ep2,9537,rw_mmlu:marketing,0.4658119658,0.4358974359,NVIDIA H100 80GB HBM3
quality_first,44,ep2,9537,rw_mmlu:medical_genetics,0.3100000000,0.3200000000,NVIDIA H100 80GB HBM3
quality_first,44,ep2,9537,rw_mmlu:miscellaneous,0.4086845466,0.3831417625,NVIDIA H100 80GB HBM3
quality_first,44,ep2,9537,rw_mmlu:moral_disputes,0.2427745665,0.2398843931,NVIDIA H100 80GB HBM3
quality_first,44,ep2,9537,rw_mmlu:moral_scenarios,0.2379888268,0.2379888268,NVIDIA H100 80GB HBM3
quality_first,44,ep2,9537,rw_mmlu:nutrition,0.2777777778,0.3235294118,NVIDIA H100 80GB HBM3
quality_first,44,ep2,9537,rw_mmlu:philosophy,0.2700964630,0.2282958199,NVIDIA H100 80GB HBM3
quality_first,44,ep2,9537,rw_mmlu:prehistory,0.3456790123,0.2993827160,NVIDIA H100 80GB HBM3
quality_first,44,ep2,9537,rw_mmlu:professional_accounting,0.2446808511,0.2375886525,NVIDIA H100 80GB HBM3
quality_first,44,ep2,9537,rw_mmlu:professional_law,0.2464146023,0.2555410691,NVIDIA H100 80GB HBM3
quality_first,44,ep2,9537,rw_mmlu:professional_medicine,0.2573529412,0.2941176471,NVIDIA H100 80GB HBM3
quality_first,44,ep2,9537,rw_mmlu:professional_psychology,0.2924836601,0.2712418301,NVIDIA H100 80GB HBM3
quality_first,44,ep2,9537,rw_mmlu:public_relations,0.4454545455,0.2818181818,NVIDIA H100 80GB HBM3
quality_first,44,ep2,9537,rw_mmlu:security_studies,0.3142857143,0.2775510204,NVIDIA H100 80GB HBM3
quality_first,44,ep2,9537,rw_mmlu:sociology,0.2935323383,0.3184079602,NVIDIA H100 80GB HBM3
quality_first,44,ep2,9537,rw_mmlu:us_foreign_policy,0.3100000000,0.2600000000,NVIDIA H100 80GB HBM3
quality_first,44,ep2,9537,rw_mmlu:virology,0.2891566265,0.3493975904,NVIDIA H100 80GB HBM3
quality_first,44,ep2,9537,rw_mmlu:world_religions,0.3391812865,0.4093567251,NVIDIA H100 80GB HBM3
quality_first,44,ep2,9537,rw_openbookqa,0.1940000000,0.3340000000,NVIDIA H100 80GB HBM3
quality_first,44,ep2,9537,rw_piqa,0.7154515778,0.6996735582,NVIDIA H100 80GB HBM3
quality_first,44,ep2,9537,rw_siqa,0.3874104401,0.4027635619,NVIDIA H100 80GB HBM3
rewire_inspired,42,ep3,14305,rw_arc:easy,0.6010101010,0.5138888889,NVIDIA H100 80GB HBM3
rewire_inspired,42,ep3,14305,rw_commonsense_qa,0.3710073710,0.3185913186,NVIDIA H100 80GB HBM3
rewire_inspired,42,ep3,14305,rw_hellaswag,0.3917546306,0.4860585541,NVIDIA H100 80GB HBM3
rewire_inspired,42,ep3,14305,rw_mmlu:_average,0.2960693364,0.3034764648,NVIDIA H100 80GB HBM3
rewire_inspired,42,ep3,14305,rw_mmlu:abstract_algebra,0.2600000000,0.2700000000,NVIDIA H100 80GB HBM3
rewire_inspired,42,ep3,14305,rw_mmlu:anatomy,0.3629629630,0.3333333333,NVIDIA H100 80GB HBM3
rewire_inspired,42,ep3,14305,rw_mmlu:astronomy,0.2828947368,0.3815789474,NVIDIA H100 80GB HBM3
rewire_inspired,42,ep3,14305,rw_mmlu:business_ethics,0.4700000000,0.3600000000,NVIDIA H100 80GB HBM3
rewire_inspired,42,ep3,14305,rw_mmlu:clinical_knowledge,0.2679245283,0.3698113208,NVIDIA H100 80GB HBM3
rewire_inspired,42,ep3,14305,rw_mmlu:college_biology,0.3472222222,0.3055555556,NVIDIA H100 80GB HBM3
rewire_inspired,42,ep3,14305,rw_mmlu:college_chemistry,0.3100000000,0.3100000000,NVIDIA H100 80GB HBM3
rewire_inspired,42,ep3,14305,rw_mmlu:college_computer_science,0.3100000000,0.2800000000,NVIDIA H100 80GB HBM3
rewire_inspired,42,ep3,14305,rw_mmlu:college_mathematics,0.1500000000,0.2300000000,NVIDIA H100 80GB HBM3
rewire_inspired,42,ep3,14305,rw_mmlu:college_medicine,0.2716763006,0.2774566474,NVIDIA H100 80GB HBM3
rewire_inspired,42,ep3,14305,rw_mmlu:college_physics,0.2450980392,0.2549019608,NVIDIA H100 80GB HBM3
rewire_inspired,42,ep3,14305,rw_mmlu:computer_security,0.2900000000,0.3700000000,NVIDIA H100 80GB HBM3
rewire_inspired,42,ep3,14305,rw_mmlu:conceptual_physics,0.3914893617,0.3234042553,NVIDIA H100 80GB HBM3
rewire_inspired,42,ep3,14305,rw_mmlu:econometrics,0.2456140351,0.2368421053,NVIDIA H100 80GB HBM3
rewire_inspired,42,ep3,14305,rw_mmlu:electrical_engineering,0.2827586207,0.3103448276,NVIDIA H100 80GB HBM3
rewire_inspired,42,ep3,14305,rw_mmlu:elementary_mathematics,0.2486772487,0.2513227513,NVIDIA H100 80GB HBM3
rewire_inspired,42,ep3,14305,rw_mmlu:formal_logic,0.3412698413,0.3253968254,NVIDIA H100 80GB HBM3
rewire_inspired,42,ep3,14305,rw_mmlu:global_facts,0.2100000000,0.2400000000,NVIDIA H100 80GB HBM3
rewire_inspired,42,ep3,14305,rw_mmlu:high_school_biology,0.3064516129,0.3548387097,NVIDIA H100 80GB HBM3
rewire_inspired,42,ep3,14305,rw_mmlu:high_school_chemistry,0.1921182266,0.2266009852,NVIDIA H100 80GB HBM3
rewire_inspired,42,ep3,14305,rw_mmlu:high_school_computer_science,0.2600000000,0.2400000000,NVIDIA H100 80GB HBM3
rewire_inspired,42,ep3,14305,rw_mmlu:high_school_european_history,0.2727272727,0.3696969697,NVIDIA H100 80GB HBM3
rewire_inspired,42,ep3,14305,rw_mmlu:high_school_geography,0.3434343434,0.3838383838,NVIDIA H100 80GB HBM3
rewire_inspired,42,ep3,14305,rw_mmlu:high_school_government_and_politics,0.3523316062,0.4093264249,NVIDIA H100 80GB HBM3
rewire_inspired,42,ep3,14305,rw_mmlu:high_school_macroeconomics,0.2769230769,0.3358974359,NVIDIA H100 80GB HBM3
rewire_inspired,42,ep3,14305,rw_mmlu:high_school_mathematics,0.1555555556,0.1481481481,NVIDIA H100 80GB HBM3
rewire_inspired,42,ep3,14305,rw_mmlu:high_school_microeconomics,0.2941176471,0.3151260504,NVIDIA H100 80GB HBM3
rewire_inspired,42,ep3,14305,rw_mmlu:high_school_physics,0.2516556291,0.1854304636,NVIDIA H100 80GB HBM3
rewire_inspired,42,ep3,14305,rw_mmlu:high_school_psychology,0.4055045872,0.3651376147,NVIDIA H100 80GB HBM3
rewire_inspired,42,ep3,14305,rw_mmlu:high_school_statistics,0.2731481481,0.2685185185,NVIDIA H100 80GB HBM3
rewire_inspired,42,ep3,14305,rw_mmlu:high_school_us_history,0.3137254902,0.3431372549,NVIDIA H100 80GB HBM3
rewire_inspired,42,ep3,14305,rw_mmlu:high_school_world_history,0.2869198312,0.3080168776,NVIDIA H100 80GB HBM3
rewire_inspired,42,ep3,14305,rw_mmlu:human_aging,0.4304932735,0.3452914798,NVIDIA H100 80GB HBM3
rewire_inspired,42,ep3,14305,rw_mmlu:human_sexuality,0.3664122137,0.3435114504,NVIDIA H100 80GB HBM3
rewire_inspired,42,ep3,14305,rw_mmlu:international_law,0.1900826446,0.2809917355,NVIDIA H100 80GB HBM3
rewire_inspired,42,ep3,14305,rw_mmlu:jurisprudence,0.1944444444,0.2314814815,NVIDIA H100 80GB HBM3
rewire_inspired,42,ep3,14305,rw_mmlu:logical_fallacies,0.3067484663,0.3312883436,NVIDIA H100 80GB HBM3
rewire_inspired,42,ep3,14305,rw_mmlu:machine_learning,0.2857142857,0.2410714286,NVIDIA H100 80GB HBM3
rewire_inspired,42,ep3,14305,rw_mmlu:management,0.3300970874,0.4271844660,NVIDIA H100 80GB HBM3
rewire_inspired,42,ep3,14305,rw_mmlu:marketing,0.4529914530,0.4230769231,NVIDIA H100 80GB HBM3
rewire_inspired,42,ep3,14305,rw_mmlu:medical_genetics,0.3000000000,0.3200000000,NVIDIA H100 80GB HBM3
rewire_inspired,42,ep3,14305,rw_mmlu:miscellaneous,0.4431673052,0.3882503193,NVIDIA H100 80GB HBM3
rewire_inspired,42,ep3,14305,rw_mmlu:moral_disputes,0.2687861272,0.2687861272,NVIDIA H100 80GB HBM3
rewire_inspired,42,ep3,14305,rw_mmlu:moral_scenarios,0.2379888268,0.2379888268,NVIDIA H100 80GB HBM3
rewire_inspired,42,ep3,14305,rw_mmlu:nutrition,0.2614379085,0.3104575163,NVIDIA H100 80GB HBM3
rewire_inspired,42,ep3,14305,rw_mmlu:philosophy,0.2733118971,0.2411575563,NVIDIA H100 80GB HBM3
rewire_inspired,42,ep3,14305,rw_mmlu:prehistory,0.3549382716,0.2870370370,NVIDIA H100 80GB HBM3
rewire_inspired,42,ep3,14305,rw_mmlu:professional_accounting,0.2482269504,0.2234042553,NVIDIA H100 80GB HBM3
rewire_inspired,42,ep3,14305,rw_mmlu:professional_law,0.2438070404,0.2640156454,NVIDIA H100 80GB HBM3
rewire_inspired,42,ep3,14305,rw_mmlu:professional_medicine,0.2463235294,0.3014705882,NVIDIA H100 80GB HBM3
rewire_inspired,42,ep3,14305,rw_mmlu:professional_psychology,0.2777777778,0.2843137255,NVIDIA H100 80GB HBM3
rewire_inspired,42,ep3,14305,rw_mmlu:public_relations,0.3727272727,0.2909090909,NVIDIA H100 80GB HBM3
rewire_inspired,42,ep3,14305,rw_mmlu:security_studies,0.3265306122,0.2734693878,NVIDIA H100 80GB HBM3
rewire_inspired,42,ep3,14305,rw_mmlu:sociology,0.2835820896,0.2686567164,NVIDIA H100 80GB HBM3
rewire_inspired,42,ep3,14305,rw_mmlu:us_foreign_policy,0.2800000000,0.2900000000,NVIDIA H100 80GB HBM3
rewire_inspired,42,ep3,14305,rw_mmlu:virology,0.2831325301,0.3313253012,NVIDIA H100 80GB HBM3
rewire_inspired,42,ep3,14305,rw_mmlu:world_religions,0.3450292398,0.4093567251,NVIDIA H100 80GB HBM3
rewire_inspired,42,ep3,14305,rw_openbookqa,0.1960000000,0.3160000000,NVIDIA H100 80GB HBM3
rewire_inspired,42,ep3,14305,rw_piqa,0.7198041349,0.7110990207,NVIDIA H100 80GB HBM3
rewire_inspired,42,ep3,14305,rw_siqa,0.3925281474,0.3981576254,NVIDIA H100 80GB HBM3
rewire_inspired,42,ep1,4768,rw_arc:easy,0.5475589226,0.4524410774,NVIDIA H100 80GB HBM3
rewire_inspired,42,ep1,4768,rw_commonsense_qa,0.3161343161,0.3013923014,NVIDIA H100 80GB HBM3
rewire_inspired,42,ep1,4768,rw_hellaswag,0.3442541326,0.4010157339,NVIDIA H100 80GB HBM3
rewire_inspired,42,ep1,4768,rw_mmlu:_average,0.2735669277,0.2822781803,NVIDIA H100 80GB HBM3
rewire_inspired,42,ep1,4768,rw_mmlu:abstract_algebra,0.2300000000,0.2700000000,NVIDIA H100 80GB HBM3
rewire_inspired,42,ep1,4768,rw_mmlu:anatomy,0.2888888889,0.2370370370,NVIDIA H100 80GB HBM3
rewire_inspired,42,ep1,4768,rw_mmlu:astronomy,0.2763157895,0.3618421053,NVIDIA H100 80GB HBM3
rewire_inspired,42,ep1,4768,rw_mmlu:business_ethics,0.4800000000,0.3300000000,NVIDIA H100 80GB HBM3
rewire_inspired,42,ep1,4768,rw_mmlu:clinical_knowledge,0.2452830189,0.3358490566,NVIDIA H100 80GB HBM3
rewire_inspired,42,ep1,4768,rw_mmlu:college_biology,0.3263888889,0.2986111111,NVIDIA H100 80GB HBM3
rewire_inspired,42,ep1,4768,rw_mmlu:college_chemistry,0.2800000000,0.2500000000,NVIDIA H100 80GB HBM3
rewire_inspired,42,ep1,4768,rw_mmlu:college_computer_science,0.2800000000,0.2400000000,NVIDIA H100 80GB HBM3
rewire_inspired,42,ep1,4768,rw_mmlu:college_mathematics,0.1700000000,0.2300000000,NVIDIA H100 80GB HBM3
rewire_inspired,42,ep1,4768,rw_mmlu:college_medicine,0.2774566474,0.2369942197,NVIDIA H100 80GB HBM3
rewire_inspired,42,ep1,4768,rw_mmlu:college_physics,0.1862745098,0.2450980392,NVIDIA H100 80GB HBM3
rewire_inspired,42,ep1,4768,rw_mmlu:computer_security,0.2600000000,0.3000000000,NVIDIA H100 80GB HBM3
rewire_inspired,42,ep1,4768,rw_mmlu:conceptual_physics,0.3702127660,0.2765957447,NVIDIA H100 80GB HBM3
rewire_inspired,42,ep1,4768,rw_mmlu:econometrics,0.2280701754,0.2280701754,NVIDIA H100 80GB HBM3
rewire_inspired,42,ep1,4768,rw_mmlu:electrical_engineering,0.2689655172,0.2965517241,NVIDIA H100 80GB HBM3
rewire_inspired,42,ep1,4768,rw_mmlu:elementary_mathematics,0.2222222222,0.2248677249,NVIDIA H100 80GB HBM3
rewire_inspired,42,ep1,4768,rw_mmlu:formal_logic,0.3253968254,0.3571428571,NVIDIA H100 80GB HBM3
rewire_inspired,42,ep1,4768,rw_mmlu:global_facts,0.2500000000,0.2700000000,NVIDIA H100 80GB HBM3
rewire_inspired,42,ep1,4768,rw_mmlu:high_school_biology,0.2903225806,0.3645161290,NVIDIA H100 80GB HBM3
rewire_inspired,42,ep1,4768,rw_mmlu:high_school_chemistry,0.1822660099,0.2019704433,NVIDIA H100 80GB HBM3
rewire_inspired,42,ep1,4768,rw_mmlu:high_school_computer_science,0.2800000000,0.2400000000,NVIDIA H100 80GB HBM3
rewire_inspired,42,ep1,4768,rw_mmlu:high_school_european_history,0.2606060606,0.3212121212,NVIDIA H100 80GB HBM3
rewire_inspired,42,ep1,4768,rw_mmlu:high_school_geography,0.2777777778,0.3484848485,NVIDIA H100 80GB HBM3
rewire_inspired,42,ep1,4768,rw_mmlu:high_school_government_and_politics,0.3367875648,0.3678756477,NVIDIA H100 80GB HBM3
rewire_inspired,42,ep1,4768,rw_mmlu:high_school_macroeconomics,0.2512820513,0.3000000000,NVIDIA H100 80GB HBM3
rewire_inspired,42,ep1,4768,rw_mmlu:high_school_mathematics,0.1444444444,0.1518518519,NVIDIA H100 80GB HBM3
rewire_inspired,42,ep1,4768,rw_mmlu:high_school_microeconomics,0.2815126050,0.3319327731,NVIDIA H100 80GB HBM3
rewire_inspired,42,ep1,4768,rw_mmlu:high_school_physics,0.2715231788,0.2317880795,NVIDIA H100 80GB HBM3
rewire_inspired,42,ep1,4768,rw_mmlu:high_school_psychology,0.3798165138,0.3247706422,NVIDIA H100 80GB HBM3
rewire_inspired,42,ep1,4768,rw_mmlu:high_school_statistics,0.2685185185,0.2638888889,NVIDIA H100 80GB HBM3
rewire_inspired,42,ep1,4768,rw_mmlu:high_school_us_history,0.2598039216,0.3137254902,NVIDIA H100 80GB HBM3
rewire_inspired,42,ep1,4768,rw_mmlu:high_school_world_history,0.2489451477,0.2827004219,NVIDIA H100 80GB HBM3
rewire_inspired,42,ep1,4768,rw_mmlu:human_aging,0.3542600897,0.3408071749,NVIDIA H100 80GB HBM3
rewire_inspired,42,ep1,4768,rw_mmlu:human_sexuality,0.3435114504,0.3816793893,NVIDIA H100 80GB HBM3
rewire_inspired,42,ep1,4768,rw_mmlu:international_law,0.1487603306,0.2396694215,NVIDIA H100 80GB HBM3
rewire_inspired,42,ep1,4768,rw_mmlu:jurisprudence,0.2037037037,0.2037037037,NVIDIA H100 80GB HBM3
rewire_inspired,42,ep1,4768,rw_mmlu:logical_fallacies,0.2883435583,0.2944785276,NVIDIA H100 80GB HBM3
rewire_inspired,42,ep1,4768,rw_mmlu:machine_learning,0.2232142857,0.2500000000,NVIDIA H100 80GB HBM3
rewire_inspired,42,ep1,4768,rw_mmlu:management,0.2233009709,0.3592233010,NVIDIA H100 80GB HBM3
rewire_inspired,42,ep1,4768,rw_mmlu:marketing,0.4230769231,0.3760683761,NVIDIA H100 80GB HBM3
rewire_inspired,42,ep1,4768,rw_mmlu:medical_genetics,0.1800000000,0.2700000000,NVIDIA H100 80GB HBM3
rewire_inspired,42,ep1,4768,rw_mmlu:miscellaneous,0.3690932312,0.3384418902,NVIDIA H100 80GB HBM3
rewire_inspired,42,ep1,4768,rw_mmlu:moral_disputes,0.2514450867,0.2312138728,NVIDIA H100 80GB HBM3
rewire_inspired,42,ep1,4768,rw_mmlu:moral_scenarios,0.2379888268,0.2379888268,NVIDIA H100 80GB HBM3
rewire_inspired,42,ep1,4768,rw_mmlu:nutrition,0.2679738562,0.3071895425,NVIDIA H100 80GB HBM3
rewire_inspired,42,ep1,4768,rw_mmlu:philosophy,0.2250803859,0.1832797428,NVIDIA H100 80GB HBM3
rewire_inspired,42,ep1,4768,rw_mmlu:prehistory,0.3302469136,0.2500000000,NVIDIA H100 80GB HBM3
rewire_inspired,42,ep1,4768,rw_mmlu:professional_accounting,0.2695035461,0.2056737589,NVIDIA H100 80GB HBM3
rewire_inspired,42,ep1,4768,rw_mmlu:professional_law,0.2477183833,0.2653194263,NVIDIA H100 80GB HBM3
rewire_inspired,42,ep1,4768,rw_mmlu:professional_medicine,0.2426470588,0.2904411765,NVIDIA H100 80GB HBM3
rewire_inspired,42,ep1,4768,rw_mmlu:professional_psychology,0.3055555556,0.2647058824,NVIDIA H100 80GB HBM3
rewire_inspired,42,ep1,4768,rw_mmlu:public_relations,0.3545454545,0.2818181818,NVIDIA H100 80GB HBM3
rewire_inspired,42,ep1,4768,rw_mmlu:security_studies,0.3142857143,0.2448979592,NVIDIA H100 80GB HBM3
rewire_inspired,42,ep1,4768,rw_mmlu:sociology,0.2736318408,0.2885572139,NVIDIA H100 80GB HBM3
rewire_inspired,42,ep1,4768,rw_mmlu:us_foreign_policy,0.3000000000,0.2700000000,NVIDIA H100 80GB HBM3
rewire_inspired,42,ep1,4768,rw_mmlu:virology,0.2590361446,0.3012048193,NVIDIA H100 80GB HBM3
rewire_inspired,42,ep1,4768,rw_mmlu:world_religions,0.2573099415,0.3801169591,NVIDIA H100 80GB HBM3
rewire_inspired,42,ep1,4768,rw_openbookqa,0.1940000000,0.3140000000,NVIDIA H100 80GB HBM3
rewire_inspired,42,ep1,4768,rw_piqa,0.6800870511,0.6838955386,NVIDIA H100 80GB HBM3
rewire_inspired,42,ep1,4768,rw_siqa,0.3781985670,0.3935516888,NVIDIA H100 80GB HBM3
rewire_inspired,42,ep2,9537,rw_arc:easy,0.5938552189,0.5054713805,NVIDIA H100 80GB HBM3
rewire_inspired,42,ep2,9537,rw_commonsense_qa,0.3570843571,0.3169533170,NVIDIA H100 80GB HBM3
rewire_inspired,42,ep2,9537,rw_hellaswag,0.3766182035,0.4590718980,NVIDIA H100 80GB HBM3
rewire_inspired,42,ep2,9537,rw_mmlu:_average,0.2843543760,0.2919551385,NVIDIA H100 80GB HBM3
rewire_inspired,42,ep2,9537,rw_mmlu:abstract_algebra,0.2500000000,0.2900000000,NVIDIA H100 80GB HBM3
rewire_inspired,42,ep2,9537,rw_mmlu:anatomy,0.3481481481,0.3259259259,NVIDIA H100 80GB HBM3
rewire_inspired,42,ep2,9537,rw_mmlu:astronomy,0.2697368421,0.3750000000,NVIDIA H100 80GB HBM3
rewire_inspired,42,ep2,9537,rw_mmlu:business_ethics,0.4500000000,0.3500000000,NVIDIA H100 80GB HBM3
rewire_inspired,42,ep2,9537,rw_mmlu:clinical_knowledge,0.2339622642,0.3509433962,NVIDIA H100 80GB HBM3
rewire_inspired,42,ep2,9537,rw_mmlu:college_biology,0.3472222222,0.2986111111,NVIDIA H100 80GB HBM3
rewire_inspired,42,ep2,9537,rw_mmlu:college_chemistry,0.2700000000,0.2500000000,NVIDIA H100 80GB HBM3
rewire_inspired,42,ep2,9537,rw_mmlu:college_computer_science,0.2700000000,0.2600000000,NVIDIA H100 80GB HBM3
rewire_inspired,42,ep2,9537,rw_mmlu:college_mathematics,0.1800000000,0.2100000000,NVIDIA H100 80GB HBM3
rewire_inspired,42,ep2,9537,rw_mmlu:college_medicine,0.2832369942,0.2658959538,NVIDIA H100 80GB HBM3
rewire_inspired,42,ep2,9537,rw_mmlu:college_physics,0.2352941176,0.2254901961,NVIDIA H100 80GB HBM3
rewire_inspired,42,ep2,9537,rw_mmlu:computer_security,0.3100000000,0.3100000000,NVIDIA H100 80GB HBM3
rewire_inspired,42,ep2,9537,rw_mmlu:conceptual_physics,0.3361702128,0.2723404255,NVIDIA H100 80GB HBM3
rewire_inspired,42,ep2,9537,rw_mmlu:econometrics,0.2368421053,0.2280701754,NVIDIA H100 80GB HBM3
rewire_inspired,42,ep2,9537,rw_mmlu:electrical_engineering,0.2551724138,0.3034482759,NVIDIA H100 80GB HBM3
rewire_inspired,42,ep2,9537,rw_mmlu:elementary_mathematics,0.2248677249,0.2380952381,NVIDIA H100 80GB HBM3
rewire_inspired,42,ep2,9537,rw_mmlu:formal_logic,0.3412698413,0.3888888889,NVIDIA H100 80GB HBM3
rewire_inspired,42,ep2,9537,rw_mmlu:global_facts,0.2100000000,0.2200000000,NVIDIA H100 80GB HBM3
rewire_inspired,42,ep2,9537,rw_mmlu:high_school_biology,0.2838709677,0.3419354839,NVIDIA H100 80GB HBM3
rewire_inspired,42,ep2,9537,rw_mmlu:high_school_chemistry,0.1527093596,0.1871921182,NVIDIA H100 80GB HBM3
rewire_inspired,42,ep2,9537,rw_mmlu:high_school_computer_science,0.2900000000,0.2800000000,NVIDIA H100 80GB HBM3
rewire_inspired,42,ep2,9537,rw_mmlu:high_school_european_history,0.2666666667,0.3575757576,NVIDIA H100 80GB HBM3
rewire_inspired,42,ep2,9537,rw_mmlu:high_school_geography,0.3383838384,0.3888888889,NVIDIA H100 80GB HBM3
rewire_inspired,42,ep2,9537,rw_mmlu:high_school_government_and_politics,0.3264248705,0.3989637306,NVIDIA H100 80GB HBM3
rewire_inspired,42,ep2,9537,rw_mmlu:high_school_macroeconomics,0.2564102564,0.3153846154,NVIDIA H100 80GB HBM3
rewire_inspired,42,ep2,9537,rw_mmlu:high_school_mathematics,0.1444444444,0.1518518519,NVIDIA H100 80GB HBM3
rewire_inspired,42,ep2,9537,rw_mmlu:high_school_microeconomics,0.2773109244,0.3361344538,NVIDIA H100 80GB HBM3
rewire_inspired,42,ep2,9537,rw_mmlu:high_school_physics,0.2582781457,0.2185430464,NVIDIA H100 80GB HBM3
rewire_inspired,42,ep2,9537,rw_mmlu:high_school_psychology,0.4073394495,0.3614678899,NVIDIA H100 80GB HBM3
rewire_inspired,42,ep2,9537,rw_mmlu:high_school_statistics,0.2731481481,0.2407407407,NVIDIA H100 80GB HBM3
rewire_inspired,42,ep2,9537,rw_mmlu:high_school_us_history,0.2696078431,0.3137254902,NVIDIA H100 80GB HBM3
rewire_inspired,42,ep2,9537,rw_mmlu:high_school_world_history,0.2784810127,0.2911392405,NVIDIA H100 80GB HBM3
rewire_inspired,42,ep2,9537,rw_mmlu:human_aging,0.3901345291,0.3497757848,NVIDIA H100 80GB HBM3
rewire_inspired,42,ep2,9537,rw_mmlu:human_sexuality,0.3206106870,0.3511450382,NVIDIA H100 80GB HBM3
rewire_inspired,42,ep2,9537,rw_mmlu:international_law,0.1735537190,0.2314049587,NVIDIA H100 80GB HBM3
rewire_inspired,42,ep2,9537,rw_mmlu:jurisprudence,0.2222222222,0.2314814815,NVIDIA H100 80GB HBM3
rewire_inspired,42,ep2,9537,rw_mmlu:logical_fallacies,0.2699386503,0.3190184049,NVIDIA H100 80GB HBM3
rewire_inspired,42,ep2,9537,rw_mmlu:machine_learning,0.2946428571,0.2589285714,NVIDIA H100 80GB HBM3
rewire_inspired,42,ep2,9537,rw_mmlu:management,0.3203883495,0.3786407767,NVIDIA H100 80GB HBM3
rewire_inspired,42,ep2,9537,rw_mmlu:marketing,0.4273504274,0.4059829060,NVIDIA H100 80GB HBM3
rewire_inspired,42,ep2,9537,rw_mmlu:medical_genetics,0.2800000000,0.2900000000,NVIDIA H100 80GB HBM3
rewire_inspired,42,ep2,9537,rw_mmlu:miscellaneous,0.4176245211,0.3780332056,NVIDIA H100 80GB HBM3
rewire_inspired,42,ep2,9537,rw_mmlu:moral_disputes,0.2601156069,0.2369942197,NVIDIA H100 80GB HBM3
rewire_inspired,42,ep2,9537,rw_mmlu:moral_scenarios,0.2379888268,0.2379888268,NVIDIA H100 80GB HBM3
rewire_inspired,42,ep2,9537,rw_mmlu:nutrition,0.2647058824,0.3169934641,NVIDIA H100 80GB HBM3
rewire_inspired,42,ep2,9537,rw_mmlu:philosophy,0.2636655949,0.2090032154,NVIDIA H100 80GB HBM3
rewire_inspired,42,ep2,9537,rw_mmlu:prehistory,0.3518518519,0.2530864198,NVIDIA H100 80GB HBM3
rewire_inspired,42,ep2,9537,rw_mmlu:professional_accounting,0.2553191489,0.2234042553,NVIDIA H100 80GB HBM3
rewire_inspired,42,ep2,9537,rw_mmlu:professional_law,0.2379400261,0.2535853977,NVIDIA H100 80GB HBM3
rewire_inspired,42,ep2,9537,rw_mmlu:professional_medicine,0.2463235294,0.3161764706,NVIDIA H100 80GB HBM3
rewire_inspired,42,ep2,9537,rw_mmlu:professional_psychology,0.2973856209,0.2712418301,NVIDIA H100 80GB HBM3
rewire_inspired,42,ep2,9537,rw_mmlu:public_relations,0.3727272727,0.2818181818,NVIDIA H100 80GB HBM3
rewire_inspired,42,ep2,9537,rw_mmlu:security_studies,0.3102040816,0.2612244898,NVIDIA H100 80GB HBM3
rewire_inspired,42,ep2,9537,rw_mmlu:sociology,0.2636815920,0.2487562189,NVIDIA H100 80GB HBM3
rewire_inspired,42,ep2,9537,rw_mmlu:us_foreign_policy,0.2800000000,0.2500000000,NVIDIA H100 80GB HBM3
rewire_inspired,42,ep2,9537,rw_mmlu:virology,0.2590361446,0.3253012048,NVIDIA H100 80GB HBM3
rewire_inspired,42,ep2,9537,rw_mmlu:world_religions,0.3157894737,0.4152046784,NVIDIA H100 80GB HBM3
rewire_inspired,42,ep2,9537,rw_openbookqa,0.1920000000,0.3080000000,NVIDIA H100 80GB HBM3
rewire_inspired,42,ep2,9537,rw_piqa,0.7089227421,0.6980413493,NVIDIA H100 80GB HBM3
rewire_inspired,42,ep2,9537,rw_siqa,0.3889457523,0.3986693961,NVIDIA H100 80GB HBM3
rewire_inspired,43,ep3,14305,rw_arc:easy,0.6115319865,0.5147306397,NVIDIA H100 80GB HBM3
rewire_inspired,43,ep3,14305,rw_commonsense_qa,0.3628173628,0.3226863227,NVIDIA H100 80GB HBM3
rewire_inspired,43,ep3,14305,rw_hellaswag,0.3934475204,0.4925313683,NVIDIA H100 80GB HBM3
rewire_inspired,43,ep3,14305,rw_mmlu:_average,0.2952091942,0.3116360139,NVIDIA H100 80GB HBM3
rewire_inspired,43,ep3,14305,rw_mmlu:abstract_algebra,0.2300000000,0.2700000000,NVIDIA H100 80GB HBM3
rewire_inspired,43,ep3,14305,rw_mmlu:anatomy,0.3481481481,0.3259259259,NVIDIA H100 80GB HBM3
rewire_inspired,43,ep3,14305,rw_mmlu:astronomy,0.2763157895,0.3750000000,NVIDIA H100 80GB HBM3
rewire_inspired,43,ep3,14305,rw_mmlu:business_ethics,0.4600000000,0.3600000000,NVIDIA H100 80GB HBM3
rewire_inspired,43,ep3,14305,rw_mmlu:clinical_knowledge,0.2716981132,0.3811320755,NVIDIA H100 80GB HBM3
rewire_inspired,43,ep3,14305,rw_mmlu:college_biology,0.4027777778,0.3333333333,NVIDIA H100 80GB HBM3
rewire_inspired,43,ep3,14305,rw_mmlu:college_chemistry,0.2800000000,0.3000000000,NVIDIA H100 80GB HBM3
rewire_inspired,43,ep3,14305,rw_mmlu:college_computer_science,0.2900000000,0.2800000000,NVIDIA H100 80GB HBM3
rewire_inspired,43,ep3,14305,rw_mmlu:college_mathematics,0.1600000000,0.2500000000,NVIDIA H100 80GB HBM3
rewire_inspired,43,ep3,14305,rw_mmlu:college_medicine,0.2716763006,0.2658959538,NVIDIA H100 80GB HBM3
rewire_inspired,43,ep3,14305,rw_mmlu:college_physics,0.1862745098,0.2156862745,NVIDIA H100 80GB HBM3
rewire_inspired,43,ep3,14305,rw_mmlu:computer_security,0.3600000000,0.4000000000,NVIDIA H100 80GB HBM3
rewire_inspired,43,ep3,14305,rw_mmlu:conceptual_physics,0.3829787234,0.3574468085,NVIDIA H100 80GB HBM3
rewire_inspired,43,ep3,14305,rw_mmlu:econometrics,0.2192982456,0.2368421053,NVIDIA H100 80GB HBM3
rewire_inspired,43,ep3,14305,rw_mmlu:electrical_engineering,0.2689655172,0.3241379310,NVIDIA H100 80GB HBM3
rewire_inspired,43,ep3,14305,rw_mmlu:elementary_mathematics,0.2328042328,0.2407407407,NVIDIA H100 80GB HBM3
rewire_inspired,43,ep3,14305,rw_mmlu:formal_logic,0.3253968254,0.3571428571,NVIDIA H100 80GB HBM3
rewire_inspired,43,ep3,14305,rw_mmlu:global_facts,0.2600000000,0.2500000000,NVIDIA H100 80GB HBM3
rewire_inspired,43,ep3,14305,rw_mmlu:high_school_biology,0.3000000000,0.3548387097,NVIDIA H100 80GB HBM3
rewire_inspired,43,ep3,14305,rw_mmlu:high_school_chemistry,0.1477832512,0.2167487685,NVIDIA H100 80GB HBM3
rewire_inspired,43,ep3,14305,rw_mmlu:high_school_computer_science,0.2600000000,0.2600000000,NVIDIA H100 80GB HBM3
rewire_inspired,43,ep3,14305,rw_mmlu:high_school_european_history,0.2727272727,0.4060606061,NVIDIA H100 80GB HBM3
rewire_inspired,43,ep3,14305,rw_mmlu:high_school_geography,0.3131313131,0.3787878788,NVIDIA H100 80GB HBM3
rewire_inspired,43,ep3,14305,rw_mmlu:high_school_government_and_politics,0.3626943005,0.3937823834,NVIDIA H100 80GB HBM3
rewire_inspired,43,ep3,14305,rw_mmlu:high_school_macroeconomics,0.2666666667,0.3051282051,NVIDIA H100 80GB HBM3
rewire_inspired,43,ep3,14305,rw_mmlu:high_school_mathematics,0.1518518519,0.1481481481,NVIDIA H100 80GB HBM3
rewire_inspired,43,ep3,14305,rw_mmlu:high_school_microeconomics,0.3025210084,0.3319327731,NVIDIA H100 80GB HBM3
rewire_inspired,43,ep3,14305,rw_mmlu:high_school_physics,0.2384105960,0.2119205298,NVIDIA H100 80GB HBM3
rewire_inspired,43,ep3,14305,rw_mmlu:high_school_psychology,0.4165137615,0.3926605505,NVIDIA H100 80GB HBM3
rewire_inspired,43,ep3,14305,rw_mmlu:high_school_statistics,0.2824074074,0.2500000000,NVIDIA H100 80GB HBM3
rewire_inspired,43,ep3,14305,rw_mmlu:high_school_us_history,0.2941176471,0.3333333333,NVIDIA H100 80GB HBM3
rewire_inspired,43,ep3,14305,rw_mmlu:high_school_world_history,0.2953586498,0.3164556962,NVIDIA H100 80GB HBM3
rewire_inspired,43,ep3,14305,rw_mmlu:human_aging,0.3677130045,0.3497757848,NVIDIA H100 80GB HBM3
rewire_inspired,43,ep3,14305,rw_mmlu:human_sexuality,0.3511450382,0.3969465649,NVIDIA H100 80GB HBM3
rewire_inspired,43,ep3,14305,rw_mmlu:international_law,0.1652892562,0.2809917355,NVIDIA H100 80GB HBM3
rewire_inspired,43,ep3,14305,rw_mmlu:jurisprudence,0.2129629630,0.2500000000,NVIDIA H100 80GB HBM3
rewire_inspired,43,ep3,14305,rw_mmlu:logical_fallacies,0.2944785276,0.3312883436,NVIDIA H100 80GB HBM3
rewire_inspired,43,ep3,14305,rw_mmlu:machine_learning,0.2232142857,0.2232142857,NVIDIA H100 80GB HBM3
rewire_inspired,43,ep3,14305,rw_mmlu:management,0.3203883495,0.4563106796,NVIDIA H100 80GB HBM3
rewire_inspired,43,ep3,14305,rw_mmlu:marketing,0.5000000000,0.4615384615,NVIDIA H100 80GB HBM3
rewire_inspired,43,ep3,14305,rw_mmlu:medical_genetics,0.3400000000,0.3500000000,NVIDIA H100 80GB HBM3
rewire_inspired,43,ep3,14305,rw_mmlu:miscellaneous,0.4342273308,0.3997445722,NVIDIA H100 80GB HBM3
rewire_inspired,43,ep3,14305,rw_mmlu:moral_disputes,0.2890173410,0.2514450867,NVIDIA H100 80GB HBM3
rewire_inspired,43,ep3,14305,rw_mmlu:moral_scenarios,0.2391061453,0.2391061453,NVIDIA H100 80GB HBM3
rewire_inspired,43,ep3,14305,rw_mmlu:nutrition,0.2647058824,0.3104575163,NVIDIA H100 80GB HBM3
rewire_inspired,43,ep3,14305,rw_mmlu:philosophy,0.2926045016,0.2347266881,NVIDIA H100 80GB HBM3
rewire_inspired,43,ep3,14305,rw_mmlu:prehistory,0.3703703704,0.2777777778,NVIDIA H100 80GB HBM3
rewire_inspired,43,ep3,14305,rw_mmlu:professional_accounting,0.2553191489,0.2269503546,NVIDIA H100 80GB HBM3
rewire_inspired,43,ep3,14305,rw_mmlu:professional_law,0.2366362451,0.2627118644,NVIDIA H100 80GB HBM3
rewire_inspired,43,ep3,14305,rw_mmlu:professional_medicine,0.2757352941,0.2830882353,NVIDIA H100 80GB HBM3
rewire_inspired,43,ep3,14305,rw_mmlu:professional_psychology,0.2973856209,0.2859477124,NVIDIA H100 80GB HBM3
rewire_inspired,43,ep3,14305,rw_mmlu:public_relations,0.4000000000,0.3363636364,NVIDIA H100 80GB HBM3
rewire_inspired,43,ep3,14305,rw_mmlu:security_studies,0.3061224490,0.2612244898,NVIDIA H100 80GB HBM3
rewire_inspired,43,ep3,14305,rw_mmlu:sociology,0.2786069652,0.3233830846,NVIDIA H100 80GB HBM3
rewire_inspired,43,ep3,14305,rw_mmlu:us_foreign_policy,0.3300000000,0.3000000000,NVIDIA H100 80GB HBM3
rewire_inspired,43,ep3,14305,rw_mmlu:virology,0.2771084337,0.3734939759,NVIDIA H100 80GB HBM3
rewire_inspired,43,ep3,14305,rw_mmlu:world_religions,0.3742690058,0.4736842105,NVIDIA H100 80GB HBM3
rewire_inspired,43,ep3,14305,rw_openbookqa,0.1840000000,0.3200000000,NVIDIA H100 80GB HBM3
rewire_inspired,43,ep3,14305,rw_piqa,0.7083786725,0.7154515778,NVIDIA H100 80GB HBM3
rewire_inspired,43,ep3,14305,rw_siqa,0.3894575230,0.4032753327,NVIDIA H100 80GB HBM3
rewire_inspired,43,ep1,4768,rw_arc:easy,0.5412457912,0.4423400673,NVIDIA H100 80GB HBM3
rewire_inspired,43,ep1,4768,rw_commonsense_qa,0.3374283374,0.3087633088,NVIDIA H100 80GB HBM3
rewire_inspired,43,ep1,4768,rw_hellaswag,0.3420633340,0.4028082055,NVIDIA H100 80GB HBM3
rewire_inspired,43,ep1,4768,rw_mmlu:_average,0.2762814410,0.2841103720,NVIDIA H100 80GB HBM3
rewire_inspired,43,ep1,4768,rw_mmlu:abstract_algebra,0.2300000000,0.2300000000,NVIDIA H100 80GB HBM3
rewire_inspired,43,ep1,4768,rw_mmlu:anatomy,0.2888888889,0.2518518519,NVIDIA H100 80GB HBM3
rewire_inspired,43,ep1,4768,rw_mmlu:astronomy,0.2828947368,0.3618421053,NVIDIA H100 80GB HBM3
rewire_inspired,43,ep1,4768,rw_mmlu:business_ethics,0.4600000000,0.3500000000,NVIDIA H100 80GB HBM3
rewire_inspired,43,ep1,4768,rw_mmlu:clinical_knowledge,0.2339622642,0.3433962264,NVIDIA H100 80GB HBM3
rewire_inspired,43,ep1,4768,rw_mmlu:college_biology,0.3680555556,0.3194444444,NVIDIA H100 80GB HBM3
rewire_inspired,43,ep1,4768,rw_mmlu:college_chemistry,0.2600000000,0.2600000000,NVIDIA H100 80GB HBM3
rewire_inspired,43,ep1,4768,rw_mmlu:college_computer_science,0.2900000000,0.2700000000,NVIDIA H100 80GB HBM3
rewire_inspired,43,ep1,4768,rw_mmlu:college_mathematics,0.1700000000,0.2200000000,NVIDIA H100 80GB HBM3
rewire_inspired,43,ep1,4768,rw_mmlu:college_medicine,0.2774566474,0.2543352601,NVIDIA H100 80GB HBM3
rewire_inspired,43,ep1,4768,rw_mmlu:college_physics,0.1960784314,0.2745098039,NVIDIA H100 80GB HBM3
rewire_inspired,43,ep1,4768,rw_mmlu:computer_security,0.2300000000,0.3300000000,NVIDIA H100 80GB HBM3
rewire_inspired,43,ep1,4768,rw_mmlu:conceptual_physics,0.3957446809,0.3063829787,NVIDIA H100 80GB HBM3
rewire_inspired,43,ep1,4768,rw_mmlu:econometrics,0.2192982456,0.2192982456,NVIDIA H100 80GB HBM3
rewire_inspired,43,ep1,4768,rw_mmlu:electrical_engineering,0.2620689655,0.3034482759,NVIDIA H100 80GB HBM3
rewire_inspired,43,ep1,4768,rw_mmlu:elementary_mathematics,0.2433862434,0.2275132275,NVIDIA H100 80GB HBM3
rewire_inspired,43,ep1,4768,rw_mmlu:formal_logic,0.3253968254,0.3253968254,NVIDIA H100 80GB HBM3
rewire_inspired,43,ep1,4768,rw_mmlu:global_facts,0.2400000000,0.2400000000,NVIDIA H100 80GB HBM3
rewire_inspired,43,ep1,4768,rw_mmlu:high_school_biology,0.2870967742,0.3387096774,NVIDIA H100 80GB HBM3
rewire_inspired,43,ep1,4768,rw_mmlu:high_school_chemistry,0.1822660099,0.2167487685,NVIDIA H100 80GB HBM3
rewire_inspired,43,ep1,4768,rw_mmlu:high_school_computer_science,0.2300000000,0.2400000000,NVIDIA H100 80GB HBM3
rewire_inspired,43,ep1,4768,rw_mmlu:high_school_european_history,0.2666666667,0.3212121212,NVIDIA H100 80GB HBM3
rewire_inspired,43,ep1,4768,rw_mmlu:high_school_geography,0.3080808081,0.3232323232,NVIDIA H100 80GB HBM3
rewire_inspired,43,ep1,4768,rw_mmlu:high_school_government_and_politics,0.3212435233,0.3730569948,NVIDIA H100 80GB HBM3
rewire_inspired,43,ep1,4768,rw_mmlu:high_school_macroeconomics,0.2743589744,0.2948717949,NVIDIA H100 80GB HBM3
rewire_inspired,43,ep1,4768,rw_mmlu:high_school_mathematics,0.1481481481,0.1481481481,NVIDIA H100 80GB HBM3
rewire_inspired,43,ep1,4768,rw_mmlu:high_school_microeconomics,0.2647058824,0.3319327731,NVIDIA H100 80GB HBM3
rewire_inspired,43,ep1,4768,rw_mmlu:high_school_physics,0.2582781457,0.2317880795,NVIDIA H100 80GB HBM3
rewire_inspired,43,ep1,4768,rw_mmlu:high_school_psychology,0.3743119266,0.3229357798,NVIDIA H100 80GB HBM3
rewire_inspired,43,ep1,4768,rw_mmlu:high_school_statistics,0.2638888889,0.2361111111,NVIDIA H100 80GB HBM3
rewire_inspired,43,ep1,4768,rw_mmlu:high_school_us_history,0.2598039216,0.3382352941,NVIDIA H100 80GB HBM3
rewire_inspired,43,ep1,4768,rw_mmlu:high_school_world_history,0.2616033755,0.3248945148,NVIDIA H100 80GB HBM3
rewire_inspired,43,ep1,4768,rw_mmlu:human_aging,0.3587443946,0.3542600897,NVIDIA H100 80GB HBM3
rewire_inspired,43,ep1,4768,rw_mmlu:human_sexuality,0.3587786260,0.3664122137,NVIDIA H100 80GB HBM3
rewire_inspired,43,ep1,4768,rw_mmlu:international_law,0.1322314050,0.2314049587,NVIDIA H100 80GB HBM3
rewire_inspired,43,ep1,4768,rw_mmlu:jurisprudence,0.1944444444,0.2314814815,NVIDIA H100 80GB HBM3
rewire_inspired,43,ep1,4768,rw_mmlu:logical_fallacies,0.3006134969,0.3190184049,NVIDIA H100 80GB HBM3
rewire_inspired,43,ep1,4768,rw_mmlu:machine_learning,0.2589285714,0.2232142857,NVIDIA H100 80GB HBM3
rewire_inspired,43,ep1,4768,rw_mmlu:management,0.2815533981,0.4077669903,NVIDIA H100 80GB HBM3
rewire_inspired,43,ep1,4768,rw_mmlu:marketing,0.4102564103,0.4017094017,NVIDIA H100 80GB HBM3
rewire_inspired,43,ep1,4768,rw_mmlu:medical_genetics,0.2700000000,0.2500000000,NVIDIA H100 80GB HBM3
rewire_inspired,43,ep1,4768,rw_mmlu:miscellaneous,0.3805874840,0.3397190294,NVIDIA H100 80GB HBM3
rewire_inspired,43,ep1,4768,rw_mmlu:moral_disputes,0.2398843931,0.2456647399,NVIDIA H100 80GB HBM3
rewire_inspired,43,ep1,4768,rw_mmlu:moral_scenarios,0.2379888268,0.2379888268,NVIDIA H100 80GB HBM3
rewire_inspired,43,ep1,4768,rw_mmlu:nutrition,0.2516339869,0.3039215686,NVIDIA H100 80GB HBM3
rewire_inspired,43,ep1,4768,rw_mmlu:philosophy,0.2379421222,0.2090032154,NVIDIA H100 80GB HBM3
rewire_inspired,43,ep1,4768,rw_mmlu:prehistory,0.3148148148,0.2283950617,NVIDIA H100 80GB HBM3
rewire_inspired,43,ep1,4768,rw_mmlu:professional_accounting,0.2624113475,0.2198581560,NVIDIA H100 80GB HBM3
rewire_inspired,43,ep1,4768,rw_mmlu:professional_law,0.2451108214,0.2548891786,NVIDIA H100 80GB HBM3
rewire_inspired,43,ep1,4768,rw_mmlu:professional_medicine,0.2683823529,0.2904411765,NVIDIA H100 80GB HBM3
rewire_inspired,43,ep1,4768,rw_mmlu:professional_psychology,0.2859477124,0.2810457516,NVIDIA H100 80GB HBM3
rewire_inspired,43,ep1,4768,rw_mmlu:public_relations,0.3909090909,0.2818181818,NVIDIA H100 80GB HBM3
rewire_inspired,43,ep1,4768,rw_mmlu:security_studies,0.3346938776,0.2571428571,NVIDIA H100 80GB HBM3
rewire_inspired,43,ep1,4768,rw_mmlu:sociology,0.2587064677,0.2437810945,NVIDIA H100 80GB HBM3
rewire_inspired,43,ep1,4768,rw_mmlu:us_foreign_policy,0.2900000000,0.2400000000,NVIDIA H100 80GB HBM3
rewire_inspired,43,ep1,4768,rw_mmlu:virology,0.2349397590,0.2951807229,NVIDIA H100 80GB HBM3
rewire_inspired,43,ep1,4768,rw_mmlu:world_religions,0.2748538012,0.3508771930,NVIDIA H100 80GB HBM3
rewire_inspired,43,ep1,4768,rw_openbookqa,0.1720000000,0.3020000000,NVIDIA H100 80GB HBM3
rewire_inspired,43,ep1,4768,rw_piqa,0.6877040261,0.6838955386,NVIDIA H100 80GB HBM3
rewire_inspired,43,ep1,4768,rw_siqa,0.3781985670,0.3961105425,NVIDIA H100 80GB HBM3
rewire_inspired,43,ep2,9537,rw_arc:easy,0.5900673401,0.4962121212,NVIDIA H100 80GB HBM3
rewire_inspired,43,ep2,9537,rw_commonsense_qa,0.3497133497,0.3210483210,NVIDIA H100 80GB HBM3
rewire_inspired,43,ep2,9537,rw_hellaswag,0.3765186218,0.4662417845,NVIDIA H100 80GB HBM3
rewire_inspired,43,ep2,9537,rw_mmlu:_average,0.2887448178,0.2995586048,NVIDIA H100 80GB HBM3
rewire_inspired,43,ep2,9537,rw_mmlu:abstract_algebra,0.2200000000,0.2400000000,NVIDIA H100 80GB HBM3
rewire_inspired,43,ep2,9537,rw_mmlu:anatomy,0.3185185185,0.3407407407,NVIDIA H100 80GB HBM3
rewire_inspired,43,ep2,9537,rw_mmlu:astronomy,0.2828947368,0.3684210526,NVIDIA H100 80GB HBM3
rewire_inspired,43,ep2,9537,rw_mmlu:business_ethics,0.4900000000,0.3600000000,NVIDIA H100 80GB HBM3
rewire_inspired,43,ep2,9537,rw_mmlu:clinical_knowledge,0.2528301887,0.3547169811,NVIDIA H100 80GB HBM3
rewire_inspired,43,ep2,9537,rw_mmlu:college_biology,0.3958333333,0.3750000000,NVIDIA H100 80GB HBM3
rewire_inspired,43,ep2,9537,rw_mmlu:college_chemistry,0.2900000000,0.2900000000,NVIDIA H100 80GB HBM3
rewire_inspired,43,ep2,9537,rw_mmlu:college_computer_science,0.2700000000,0.2600000000,NVIDIA H100 80GB HBM3
rewire_inspired,43,ep2,9537,rw_mmlu:college_mathematics,0.1500000000,0.2100000000,NVIDIA H100 80GB HBM3
rewire_inspired,43,ep2,9537,rw_mmlu:college_medicine,0.2601156069,0.2543352601,NVIDIA H100 80GB HBM3
rewire_inspired,43,ep2,9537,rw_mmlu:college_physics,0.2156862745,0.2549019608,NVIDIA H100 80GB HBM3
rewire_inspired,43,ep2,9537,rw_mmlu:computer_security,0.3300000000,0.3900000000,NVIDIA H100 80GB HBM3
rewire_inspired,43,ep2,9537,rw_mmlu:conceptual_physics,0.3659574468,0.3276595745,NVIDIA H100 80GB HBM3
rewire_inspired,43,ep2,9537,rw_mmlu:econometrics,0.2456140351,0.2368421053,NVIDIA H100 80GB HBM3
rewire_inspired,43,ep2,9537,rw_mmlu:electrical_engineering,0.2551724138,0.2965517241,NVIDIA H100 80GB HBM3
rewire_inspired,43,ep2,9537,rw_mmlu:elementary_mathematics,0.2433862434,0.2486772487,NVIDIA H100 80GB HBM3
rewire_inspired,43,ep2,9537,rw_mmlu:formal_logic,0.3730158730,0.3650793651,NVIDIA H100 80GB HBM3
rewire_inspired,43,ep2,9537,rw_mmlu:global_facts,0.2400000000,0.2300000000,NVIDIA H100 80GB HBM3
rewire_inspired,43,ep2,9537,rw_mmlu:high_school_biology,0.3129032258,0.3709677419,NVIDIA H100 80GB HBM3
rewire_inspired,43,ep2,9537,rw_mmlu:high_school_chemistry,0.1576354680,0.1921182266,NVIDIA H100 80GB HBM3
rewire_inspired,43,ep2,9537,rw_mmlu:high_school_computer_science,0.2500000000,0.2600000000,NVIDIA H100 80GB HBM3
rewire_inspired,43,ep2,9537,rw_mmlu:high_school_european_history,0.2848484848,0.3818181818,NVIDIA H100 80GB HBM3
rewire_inspired,43,ep2,9537,rw_mmlu:high_school_geography,0.3181818182,0.3434343434,NVIDIA H100 80GB HBM3
rewire_inspired,43,ep2,9537,rw_mmlu:high_school_government_and_politics,0.3471502591,0.3834196891,NVIDIA H100 80GB HBM3
rewire_inspired,43,ep2,9537,rw_mmlu:high_school_macroeconomics,0.2666666667,0.3051282051,NVIDIA H100 80GB HBM3
rewire_inspired,43,ep2,9537,rw_mmlu:high_school_mathematics,0.1407407407,0.1370370370,NVIDIA H100 80GB HBM3
rewire_inspired,43,ep2,9537,rw_mmlu:high_school_microeconomics,0.2857142857,0.3235294118,NVIDIA H100 80GB HBM3
rewire_inspired,43,ep2,9537,rw_mmlu:high_school_physics,0.2649006623,0.2450331126,NVIDIA H100 80GB HBM3
rewire_inspired,43,ep2,9537,rw_mmlu:high_school_psychology,0.4055045872,0.3614678899,NVIDIA H100 80GB HBM3
rewire_inspired,43,ep2,9537,rw_mmlu:high_school_statistics,0.3009259259,0.2500000000,NVIDIA H100 80GB HBM3
rewire_inspired,43,ep2,9537,rw_mmlu:high_school_us_history,0.2745098039,0.3431372549,NVIDIA H100 80GB HBM3
rewire_inspired,43,ep2,9537,rw_mmlu:high_school_world_history,0.2700421941,0.3206751055,NVIDIA H100 80GB HBM3
rewire_inspired,43,ep2,9537,rw_mmlu:human_aging,0.3677130045,0.3408071749,NVIDIA H100 80GB HBM3
rewire_inspired,43,ep2,9537,rw_mmlu:human_sexuality,0.3664122137,0.3969465649,NVIDIA H100 80GB HBM3
rewire_inspired,43,ep2,9537,rw_mmlu:international_law,0.1735537190,0.2644628099,NVIDIA H100 80GB HBM3
rewire_inspired,43,ep2,9537,rw_mmlu:jurisprudence,0.2222222222,0.2314814815,NVIDIA H100 80GB HBM3
rewire_inspired,43,ep2,9537,rw_mmlu:logical_fallacies,0.3067484663,0.3312883436,NVIDIA H100 80GB HBM3
rewire_inspired,43,ep2,9537,rw_mmlu:machine_learning,0.2142857143,0.1696428571,NVIDIA H100 80GB HBM3
rewire_inspired,43,ep2,9537,rw_mmlu:management,0.2912621359,0.4077669903,NVIDIA H100 80GB HBM3
rewire_inspired,43,ep2,9537,rw_mmlu:marketing,0.4017094017,0.4145299145,NVIDIA H100 80GB HBM3
rewire_inspired,43,ep2,9537,rw_mmlu:medical_genetics,0.2800000000,0.3400000000,NVIDIA H100 80GB HBM3
rewire_inspired,43,ep2,9537,rw_mmlu:miscellaneous,0.4137931034,0.3856960409,NVIDIA H100 80GB HBM3
rewire_inspired,43,ep2,9537,rw_mmlu:moral_disputes,0.2630057803,0.2254335260,NVIDIA H100 80GB HBM3
rewire_inspired,43,ep2,9537,rw_mmlu:moral_scenarios,0.2379888268,0.2379888268,NVIDIA H100 80GB HBM3
rewire_inspired,43,ep2,9537,rw_mmlu:nutrition,0.2679738562,0.3104575163,NVIDIA H100 80GB HBM3
rewire_inspired,43,ep2,9537,rw_mmlu:philosophy,0.2668810289,0.2379421222,NVIDIA H100 80GB HBM3
rewire_inspired,43,ep2,9537,rw_mmlu:prehistory,0.3487654321,0.2561728395,NVIDIA H100 80GB HBM3
rewire_inspired,43,ep2,9537,rw_mmlu:professional_accounting,0.2624113475,0.2163120567,NVIDIA H100 80GB HBM3
rewire_inspired,43,ep2,9537,rw_mmlu:professional_law,0.2444589309,0.2555410691,NVIDIA H100 80GB HBM3
rewire_inspired,43,ep2,9537,rw_mmlu:professional_medicine,0.2757352941,0.2794117647,NVIDIA H100 80GB HBM3
rewire_inspired,43,ep2,9537,rw_mmlu:professional_psychology,0.2892156863,0.2859477124,NVIDIA H100 80GB HBM3
rewire_inspired,43,ep2,9537,rw_mmlu:public_relations,0.4090909091,0.3000000000,NVIDIA H100 80GB HBM3
rewire_inspired,43,ep2,9537,rw_mmlu:security_studies,0.3224489796,0.2408163265,NVIDIA H100 80GB HBM3
rewire_inspired,43,ep2,9537,rw_mmlu:sociology,0.2935323383,0.2935323383,NVIDIA H100 80GB HBM3
rewire_inspired,43,ep2,9537,rw_mmlu:us_foreign_policy,0.2800000000,0.2500000000,NVIDIA H100 80GB HBM3
rewire_inspired,43,ep2,9537,rw_mmlu:virology,0.2530120482,0.3433734940,NVIDIA H100 80GB HBM3
rewire_inspired,43,ep2,9537,rw_mmlu:world_religions,0.3274853801,0.4385964912,NVIDIA H100 80GB HBM3
rewire_inspired,43,ep2,9537,rw_openbookqa,0.1740000000,0.3260000000,NVIDIA H100 80GB HBM3
rewire_inspired,43,ep2,9537,rw_piqa,0.7100108814,0.7040261153,NVIDIA H100 80GB HBM3
rewire_inspired,43,ep2,9537,rw_siqa,0.3940634596,0.4048106448,NVIDIA H100 80GB HBM3
rewire_inspired,44,ep3,14305,rw_arc:easy,0.5980639731,0.5012626263,NVIDIA H100 80GB HBM3
rewire_inspired,44,ep3,14305,rw_commonsense_qa,0.3701883702,0.3276003276,NVIDIA H100 80GB HBM3
rewire_inspired,44,ep3,14305,rw_hellaswag,0.3894642501,0.4872535352,NVIDIA H100 80GB HBM3
rewire_inspired,44,ep3,14305,rw_mmlu:_average,0.2916355427,0.3024755073,NVIDIA H100 80GB HBM3
rewire_inspired,44,ep3,14305,rw_mmlu:abstract_algebra,0.1700000000,0.2100000000,NVIDIA H100 80GB HBM3
rewire_inspired,44,ep3,14305,rw_mmlu:anatomy,0.3259259259,0.3481481481,NVIDIA H100 80GB HBM3
rewire_inspired,44,ep3,14305,rw_mmlu:astronomy,0.2697368421,0.3815789474,NVIDIA H100 80GB HBM3
rewire_inspired,44,ep3,14305,rw_mmlu:business_ethics,0.4800000000,0.4000000000,NVIDIA H100 80GB HBM3
rewire_inspired,44,ep3,14305,rw_mmlu:clinical_knowledge,0.2867924528,0.3547169811,NVIDIA H100 80GB HBM3
rewire_inspired,44,ep3,14305,rw_mmlu:college_biology,0.3541666667,0.2916666667,NVIDIA H100 80GB HBM3
rewire_inspired,44,ep3,14305,rw_mmlu:college_chemistry,0.2700000000,0.2600000000,NVIDIA H100 80GB HBM3
rewire_inspired,44,ep3,14305,rw_mmlu:college_computer_science,0.3100000000,0.2600000000,NVIDIA H100 80GB HBM3
rewire_inspired,44,ep3,14305,rw_mmlu:college_mathematics,0.1200000000,0.2000000000,NVIDIA H100 80GB HBM3
rewire_inspired,44,ep3,14305,rw_mmlu:college_medicine,0.2890173410,0.2774566474,NVIDIA H100 80GB HBM3
rewire_inspired,44,ep3,14305,rw_mmlu:college_physics,0.1372549020,0.2156862745,NVIDIA H100 80GB HBM3
rewire_inspired,44,ep3,14305,rw_mmlu:computer_security,0.3200000000,0.3400000000,NVIDIA H100 80GB HBM3
rewire_inspired,44,ep3,14305,rw_mmlu:conceptual_physics,0.3617021277,0.2510638298,NVIDIA H100 80GB HBM3
rewire_inspired,44,ep3,14305,rw_mmlu:econometrics,0.2192982456,0.2192982456,NVIDIA H100 80GB HBM3
rewire_inspired,44,ep3,14305,rw_mmlu:electrical_engineering,0.2620689655,0.2689655172,NVIDIA H100 80GB HBM3
rewire_inspired,44,ep3,14305,rw_mmlu:elementary_mathematics,0.2566137566,0.2698412698,NVIDIA H100 80GB HBM3
rewire_inspired,44,ep3,14305,rw_mmlu:formal_logic,0.3253968254,0.3333333333,NVIDIA H100 80GB HBM3
rewire_inspired,44,ep3,14305,rw_mmlu:global_facts,0.2200000000,0.2200000000,NVIDIA H100 80GB HBM3
rewire_inspired,44,ep3,14305,rw_mmlu:high_school_biology,0.3032258065,0.3645161290,NVIDIA H100 80GB HBM3
rewire_inspired,44,ep3,14305,rw_mmlu:high_school_chemistry,0.2167487685,0.2857142857,NVIDIA H100 80GB HBM3
rewire_inspired,44,ep3,14305,rw_mmlu:high_school_computer_science,0.2900000000,0.2300000000,NVIDIA H100 80GB HBM3
rewire_inspired,44,ep3,14305,rw_mmlu:high_school_european_history,0.2606060606,0.3575757576,NVIDIA H100 80GB HBM3
rewire_inspired,44,ep3,14305,rw_mmlu:high_school_geography,0.3333333333,0.3838383838,NVIDIA H100 80GB HBM3
rewire_inspired,44,ep3,14305,rw_mmlu:high_school_government_and_politics,0.3678756477,0.3730569948,NVIDIA H100 80GB HBM3
rewire_inspired,44,ep3,14305,rw_mmlu:high_school_macroeconomics,0.2846153846,0.3102564103,NVIDIA H100 80GB HBM3
rewire_inspired,44,ep3,14305,rw_mmlu:high_school_mathematics,0.1407407407,0.1444444444,NVIDIA H100 80GB HBM3
rewire_inspired,44,ep3,14305,rw_mmlu:high_school_microeconomics,0.3277310924,0.3403361345,NVIDIA H100 80GB HBM3
rewire_inspired,44,ep3,14305,rw_mmlu:high_school_physics,0.2450331126,0.1854304636,NVIDIA H100 80GB HBM3
rewire_inspired,44,ep3,14305,rw_mmlu:high_school_psychology,0.4165137615,0.3614678899,NVIDIA H100 80GB HBM3
rewire_inspired,44,ep3,14305,rw_mmlu:high_school_statistics,0.2777777778,0.2407407407,NVIDIA H100 80GB HBM3
rewire_inspired,44,ep3,14305,rw_mmlu:high_school_us_history,0.2843137255,0.3235294118,NVIDIA H100 80GB HBM3
rewire_inspired,44,ep3,14305,rw_mmlu:high_school_world_history,0.2658227848,0.3248945148,NVIDIA H100 80GB HBM3
rewire_inspired,44,ep3,14305,rw_mmlu:human_aging,0.3721973094,0.3632286996,NVIDIA H100 80GB HBM3
rewire_inspired,44,ep3,14305,rw_mmlu:human_sexuality,0.4122137405,0.4427480916,NVIDIA H100 80GB HBM3
rewire_inspired,44,ep3,14305,rw_mmlu:international_law,0.1735537190,0.2644628099,NVIDIA H100 80GB HBM3
rewire_inspired,44,ep3,14305,rw_mmlu:jurisprudence,0.2037037037,0.2685185185,NVIDIA H100 80GB HBM3
rewire_inspired,44,ep3,14305,rw_mmlu:logical_fallacies,0.3006134969,0.3435582822,NVIDIA H100 80GB HBM3
rewire_inspired,44,ep3,14305,rw_mmlu:machine_learning,0.2946428571,0.2857142857,NVIDIA H100 80GB HBM3
rewire_inspired,44,ep3,14305,rw_mmlu:management,0.2815533981,0.4174757282,NVIDIA H100 80GB HBM3
rewire_inspired,44,ep3,14305,rw_mmlu:marketing,0.4145299145,0.4444444444,NVIDIA H100 80GB HBM3
rewire_inspired,44,ep3,14305,rw_mmlu:medical_genetics,0.3400000000,0.3700000000,NVIDIA H100 80GB HBM3
rewire_inspired,44,ep3,14305,rw_mmlu:miscellaneous,0.4355044700,0.3997445722,NVIDIA H100 80GB HBM3
rewire_inspired,44,ep3,14305,rw_mmlu:moral_disputes,0.2456647399,0.2456647399,NVIDIA H100 80GB HBM3
rewire_inspired,44,ep3,14305,rw_mmlu:moral_scenarios,0.2379888268,0.2379888268,NVIDIA H100 80GB HBM3
rewire_inspired,44,ep3,14305,rw_mmlu:nutrition,0.2647058824,0.3300653595,NVIDIA H100 80GB HBM3
rewire_inspired,44,ep3,14305,rw_mmlu:philosophy,0.2829581994,0.2282958199,NVIDIA H100 80GB HBM3
rewire_inspired,44,ep3,14305,rw_mmlu:prehistory,0.3734567901,0.2839506173,NVIDIA H100 80GB HBM3
rewire_inspired,44,ep3,14305,rw_mmlu:professional_accounting,0.2411347518,0.2304964539,NVIDIA H100 80GB HBM3
rewire_inspired,44,ep3,14305,rw_mmlu:professional_law,0.2535853977,0.2555410691,NVIDIA H100 80GB HBM3
rewire_inspired,44,ep3,14305,rw_mmlu:professional_medicine,0.2794117647,0.3051470588,NVIDIA H100 80GB HBM3
rewire_inspired,44,ep3,14305,rw_mmlu:professional_psychology,0.3006535948,0.2728758170,NVIDIA H100 80GB HBM3
rewire_inspired,44,ep3,14305,rw_mmlu:public_relations,0.4000000000,0.3000000000,NVIDIA H100 80GB HBM3
rewire_inspired,44,ep3,14305,rw_mmlu:security_studies,0.3224489796,0.2734693878,NVIDIA H100 80GB HBM3
rewire_inspired,44,ep3,14305,rw_mmlu:sociology,0.2786069652,0.2636815920,NVIDIA H100 80GB HBM3
rewire_inspired,44,ep3,14305,rw_mmlu:us_foreign_policy,0.3000000000,0.3100000000,NVIDIA H100 80GB HBM3
rewire_inspired,44,ep3,14305,rw_mmlu:virology,0.2650602410,0.3554216867,NVIDIA H100 80GB HBM3
rewire_inspired,44,ep3,14305,rw_mmlu:world_religions,0.3567251462,0.4210526316,NVIDIA H100 80GB HBM3
rewire_inspired,44,ep3,14305,rw_openbookqa,0.1940000000,0.3240000000,NVIDIA H100 80GB HBM3
rewire_inspired,44,ep3,14305,rw_piqa,0.7067464635,0.7078346028,NVIDIA H100 80GB HBM3
rewire_inspired,44,ep3,14305,rw_siqa,0.3950870010,0.3991811668,NVIDIA H100 80GB HBM3
rewire_inspired,44,ep1,4768,rw_arc:easy,0.5408249158,0.4469696970,NVIDIA H100 80GB HBM3
rewire_inspired,44,ep1,4768,rw_commonsense_qa,0.3144963145,0.2997542998,NVIDIA H100 80GB HBM3
rewire_inspired,44,ep1,4768,rw_hellaswag,0.3389762995,0.3990240988,NVIDIA H100 80GB HBM3
rewire_inspired,44,ep1,4768,rw_mmlu:_average,0.2708989418,0.2794319224,NVIDIA H100 80GB HBM3
rewire_inspired,44,ep1,4768,rw_mmlu:abstract_algebra,0.2600000000,0.2700000000,NVIDIA H100 80GB HBM3
rewire_inspired,44,ep1,4768,rw_mmlu:anatomy,0.3185185185,0.2740740741,NVIDIA H100 80GB HBM3
rewire_inspired,44,ep1,4768,rw_mmlu:astronomy,0.2434210526,0.3552631579,NVIDIA H100 80GB HBM3
rewire_inspired,44,ep1,4768,rw_mmlu:business_ethics,0.5200000000,0.4000000000,NVIDIA H100 80GB HBM3
rewire_inspired,44,ep1,4768,rw_mmlu:clinical_knowledge,0.2528301887,0.3358490566,NVIDIA H100 80GB HBM3
rewire_inspired,44,ep1,4768,rw_mmlu:college_biology,0.3194444444,0.2916666667,NVIDIA H100 80GB HBM3
rewire_inspired,44,ep1,4768,rw_mmlu:college_chemistry,0.2600000000,0.2500000000,NVIDIA H100 80GB HBM3
rewire_inspired,44,ep1,4768,rw_mmlu:college_computer_science,0.2700000000,0.2300000000,NVIDIA H100 80GB HBM3
rewire_inspired,44,ep1,4768,rw_mmlu:college_mathematics,0.1700000000,0.2400000000,NVIDIA H100 80GB HBM3
rewire_inspired,44,ep1,4768,rw_mmlu:college_medicine,0.2601156069,0.2485549133,NVIDIA H100 80GB HBM3
rewire_inspired,44,ep1,4768,rw_mmlu:college_physics,0.1862745098,0.2352941176,NVIDIA H100 80GB HBM3
rewire_inspired,44,ep1,4768,rw_mmlu:computer_security,0.2800000000,0.3200000000,NVIDIA H100 80GB HBM3
rewire_inspired,44,ep1,4768,rw_mmlu:conceptual_physics,0.3446808511,0.2595744681,NVIDIA H100 80GB HBM3
rewire_inspired,44,ep1,4768,rw_mmlu:econometrics,0.1666666667,0.1929824561,NVIDIA H100 80GB HBM3
rewire_inspired,44,ep1,4768,rw_mmlu:electrical_engineering,0.2482758621,0.3103448276,NVIDIA H100 80GB HBM3
rewire_inspired,44,ep1,4768,rw_mmlu:elementary_mathematics,0.2539682540,0.2460317460,NVIDIA H100 80GB HBM3
rewire_inspired,44,ep1,4768,rw_mmlu:formal_logic,0.3412698413,0.3412698413,NVIDIA H100 80GB HBM3
rewire_inspired,44,ep1,4768,rw_mmlu:global_facts,0.2000000000,0.2100000000,NVIDIA H100 80GB HBM3
rewire_inspired,44,ep1,4768,rw_mmlu:high_school_biology,0.2838709677,0.3419354839,NVIDIA H100 80GB HBM3
rewire_inspired,44,ep1,4768,rw_mmlu:high_school_chemistry,0.1773399015,0.2413793103,NVIDIA H100 80GB HBM3
rewire_inspired,44,ep1,4768,rw_mmlu:high_school_computer_science,0.1900000000,0.2600000000,NVIDIA H100 80GB HBM3
rewire_inspired,44,ep1,4768,rw_mmlu:high_school_european_history,0.2848484848,0.3333333333,NVIDIA H100 80GB HBM3
rewire_inspired,44,ep1,4768,rw_mmlu:high_school_geography,0.3484848485,0.3787878788,NVIDIA H100 80GB HBM3
rewire_inspired,44,ep1,4768,rw_mmlu:high_school_government_and_politics,0.2953367876,0.3523316062,NVIDIA H100 80GB HBM3
rewire_inspired,44,ep1,4768,rw_mmlu:high_school_macroeconomics,0.2410256410,0.2871794872,NVIDIA H100 80GB HBM3
rewire_inspired,44,ep1,4768,rw_mmlu:high_school_mathematics,0.1592592593,0.1629629630,NVIDIA H100 80GB HBM3
rewire_inspired,44,ep1,4768,rw_mmlu:high_school_microeconomics,0.2857142857,0.3403361345,NVIDIA H100 80GB HBM3
rewire_inspired,44,ep1,4768,rw_mmlu:high_school_physics,0.2649006623,0.2450331126,NVIDIA H100 80GB HBM3
rewire_inspired,44,ep1,4768,rw_mmlu:high_school_psychology,0.3798165138,0.3229357798,NVIDIA H100 80GB HBM3
rewire_inspired,44,ep1,4768,rw_mmlu:high_school_statistics,0.2500000000,0.2453703704,NVIDIA H100 80GB HBM3
rewire_inspired,44,ep1,4768,rw_mmlu:high_school_us_history,0.2745098039,0.3186274510,NVIDIA H100 80GB HBM3
rewire_inspired,44,ep1,4768,rw_mmlu:high_school_world_history,0.2573839662,0.2742616034,NVIDIA H100 80GB HBM3
rewire_inspired,44,ep1,4768,rw_mmlu:human_aging,0.3363228700,0.3139013453,NVIDIA H100 80GB HBM3
rewire_inspired,44,ep1,4768,rw_mmlu:human_sexuality,0.3664122137,0.3587786260,NVIDIA H100 80GB HBM3
rewire_inspired,44,ep1,4768,rw_mmlu:international_law,0.1157024793,0.2231404959,NVIDIA H100 80GB HBM3
rewire_inspired,44,ep1,4768,rw_mmlu:jurisprudence,0.1666666667,0.2314814815,NVIDIA H100 80GB HBM3
rewire_inspired,44,ep1,4768,rw_mmlu:logical_fallacies,0.2760736196,0.3006134969,NVIDIA H100 80GB HBM3
rewire_inspired,44,ep1,4768,rw_mmlu:machine_learning,0.2321428571,0.1875000000,NVIDIA H100 80GB HBM3
rewire_inspired,44,ep1,4768,rw_mmlu:management,0.2815533981,0.3980582524,NVIDIA H100 80GB HBM3
rewire_inspired,44,ep1,4768,rw_mmlu:marketing,0.4230769231,0.3888888889,NVIDIA H100 80GB HBM3
rewire_inspired,44,ep1,4768,rw_mmlu:medical_genetics,0.2900000000,0.2700000000,NVIDIA H100 80GB HBM3
rewire_inspired,44,ep1,4768,rw_mmlu:miscellaneous,0.3665389527,0.3435504470,NVIDIA H100 80GB HBM3
rewire_inspired,44,ep1,4768,rw_mmlu:moral_disputes,0.2225433526,0.2283236994,NVIDIA H100 80GB HBM3
rewire_inspired,44,ep1,4768,rw_mmlu:moral_scenarios,0.2379888268,0.2379888268,NVIDIA H100 80GB HBM3
rewire_inspired,44,ep1,4768,rw_mmlu:nutrition,0.2450980392,0.2941176471,NVIDIA H100 80GB HBM3
rewire_inspired,44,ep1,4768,rw_mmlu:philosophy,0.2411575563,0.1929260450,NVIDIA H100 80GB HBM3
rewire_inspired,44,ep1,4768,rw_mmlu:prehistory,0.3086419753,0.2345679012,NVIDIA H100 80GB HBM3
rewire_inspired,44,ep1,4768,rw_mmlu:professional_accounting,0.2517730496,0.1950354610,NVIDIA H100 80GB HBM3
rewire_inspired,44,ep1,4768,rw_mmlu:professional_law,0.2398956975,0.2535853977,NVIDIA H100 80GB HBM3
rewire_inspired,44,ep1,4768,rw_mmlu:professional_medicine,0.2683823529,0.2757352941,NVIDIA H100 80GB HBM3
rewire_inspired,44,ep1,4768,rw_mmlu:professional_psychology,0.2794117647,0.2532679739,NVIDIA H100 80GB HBM3
rewire_inspired,44,ep1,4768,rw_mmlu:public_relations,0.3363636364,0.2727272727,NVIDIA H100 80GB HBM3
rewire_inspired,44,ep1,4768,rw_mmlu:security_studies,0.3265306122,0.2489795918,NVIDIA H100 80GB HBM3
rewire_inspired,44,ep1,4768,rw_mmlu:sociology,0.2487562189,0.2388059701,NVIDIA H100 80GB HBM3
rewire_inspired,44,ep1,4768,rw_mmlu:us_foreign_policy,0.3000000000,0.2600000000,NVIDIA H100 80GB HBM3
rewire_inspired,44,ep1,4768,rw_mmlu:virology,0.2349397590,0.2710843373,NVIDIA H100 80GB HBM3
rewire_inspired,44,ep1,4768,rw_mmlu:world_religions,0.2573099415,0.3391812865,NVIDIA H100 80GB HBM3
rewire_inspired,44,ep1,4768,rw_openbookqa,0.1600000000,0.3080000000,NVIDIA H100 80GB HBM3
rewire_inspired,44,ep1,4768,rw_piqa,0.6882480958,0.6817192601,NVIDIA H100 80GB HBM3
rewire_inspired,44,ep1,4768,rw_siqa,0.3761514841,0.3935516888,NVIDIA H100 80GB HBM3
rewire_inspired,44,ep2,9537,rw_arc:easy,0.5900673401,0.4768518519,NVIDIA H100 80GB HBM3
rewire_inspired,44,ep2,9537,rw_commonsense_qa,0.3619983620,0.3095823096,NVIDIA H100 80GB HBM3
rewire_inspired,44,ep2,9537,rw_hellaswag,0.3713403704,0.4574785899,NVIDIA H100 80GB HBM3
rewire_inspired,44,ep2,9537,rw_mmlu:_average,0.2859698332,0.2950142924,NVIDIA H100 80GB HBM3
rewire_inspired,44,ep2,9537,rw_mmlu:abstract_algebra,0.1700000000,0.1900000000,NVIDIA H100 80GB HBM3
rewire_inspired,44,ep2,9537,rw_mmlu:anatomy,0.3407407407,0.3111111111,NVIDIA H100 80GB HBM3
rewire_inspired,44,ep2,9537,rw_mmlu:astronomy,0.2697368421,0.3684210526,NVIDIA H100 80GB HBM3
rewire_inspired,44,ep2,9537,rw_mmlu:business_ethics,0.5200000000,0.4200000000,NVIDIA H100 80GB HBM3
rewire_inspired,44,ep2,9537,rw_mmlu:clinical_knowledge,0.2603773585,0.3509433962,NVIDIA H100 80GB HBM3
rewire_inspired,44,ep2,9537,rw_mmlu:college_biology,0.3472222222,0.3402777778,NVIDIA H100 80GB HBM3
rewire_inspired,44,ep2,9537,rw_mmlu:college_chemistry,0.2800000000,0.2700000000,NVIDIA H100 80GB HBM3
rewire_inspired,44,ep2,9537,rw_mmlu:college_computer_science,0.2800000000,0.2500000000,NVIDIA H100 80GB HBM3
rewire_inspired,44,ep2,9537,rw_mmlu:college_mathematics,0.1200000000,0.1700000000,NVIDIA H100 80GB HBM3
rewire_inspired,44,ep2,9537,rw_mmlu:college_medicine,0.2658959538,0.2485549133,NVIDIA H100 80GB HBM3
rewire_inspired,44,ep2,9537,rw_mmlu:college_physics,0.1862745098,0.2352941176,NVIDIA H100 80GB HBM3
rewire_inspired,44,ep2,9537,rw_mmlu:computer_security,0.3100000000,0.3600000000,NVIDIA H100 80GB HBM3
rewire_inspired,44,ep2,9537,rw_mmlu:conceptual_physics,0.3617021277,0.2638297872,NVIDIA H100 80GB HBM3
rewire_inspired,44,ep2,9537,rw_mmlu:econometrics,0.1929824561,0.2017543860,NVIDIA H100 80GB HBM3
rewire_inspired,44,ep2,9537,rw_mmlu:electrical_engineering,0.2827586207,0.2827586207,NVIDIA H100 80GB HBM3
rewire_inspired,44,ep2,9537,rw_mmlu:elementary_mathematics,0.2513227513,0.2513227513,NVIDIA H100 80GB HBM3
rewire_inspired,44,ep2,9537,rw_mmlu:formal_logic,0.3412698413,0.3412698413,NVIDIA H100 80GB HBM3
rewire_inspired,44,ep2,9537,rw_mmlu:global_facts,0.2100000000,0.2100000000,NVIDIA H100 80GB HBM3
rewire_inspired,44,ep2,9537,rw_mmlu:high_school_biology,0.3290322581,0.3483870968,NVIDIA H100 80GB HBM3
rewire_inspired,44,ep2,9537,rw_mmlu:high_school_chemistry,0.1724137931,0.2561576355,NVIDIA H100 80GB HBM3
rewire_inspired,44,ep2,9537,rw_mmlu:high_school_computer_science,0.2200000000,0.2600000000,NVIDIA H100 80GB HBM3
rewire_inspired,44,ep2,9537,rw_mmlu:high_school_european_history,0.2727272727,0.3575757576,NVIDIA H100 80GB HBM3
rewire_inspired,44,ep2,9537,rw_mmlu:high_school_geography,0.3484848485,0.3535353535,NVIDIA H100 80GB HBM3
rewire_inspired,44,ep2,9537,rw_mmlu:high_school_government_and_politics,0.3264248705,0.3575129534,NVIDIA H100 80GB HBM3
rewire_inspired,44,ep2,9537,rw_mmlu:high_school_macroeconomics,0.2692307692,0.3076923077,NVIDIA H100 80GB HBM3
rewire_inspired,44,ep2,9537,rw_mmlu:high_school_mathematics,0.1555555556,0.1703703704,NVIDIA H100 80GB HBM3
rewire_inspired,44,ep2,9537,rw_mmlu:high_school_microeconomics,0.2983193277,0.3403361345,NVIDIA H100 80GB HBM3
rewire_inspired,44,ep2,9537,rw_mmlu:high_school_physics,0.2582781457,0.2251655629,NVIDIA H100 80GB HBM3
rewire_inspired,44,ep2,9537,rw_mmlu:high_school_psychology,0.4238532110,0.3376146789,NVIDIA H100 80GB HBM3
rewire_inspired,44,ep2,9537,rw_mmlu:high_school_statistics,0.2685185185,0.2453703704,NVIDIA H100 80GB HBM3
rewire_inspired,44,ep2,9537,rw_mmlu:high_school_us_history,0.2745098039,0.3186274510,NVIDIA H100 80GB HBM3
rewire_inspired,44,ep2,9537,rw_mmlu:high_school_world_history,0.2573839662,0.2784810127,NVIDIA H100 80GB HBM3
rewire_inspired,44,ep2,9537,rw_mmlu:human_aging,0.3811659193,0.3632286996,NVIDIA H100 80GB HBM3
rewire_inspired,44,ep2,9537,rw_mmlu:human_sexuality,0.3664122137,0.4198473282,NVIDIA H100 80GB HBM3
rewire_inspired,44,ep2,9537,rw_mmlu:international_law,0.1570247934,0.2479338843,NVIDIA H100 80GB HBM3
rewire_inspired,44,ep2,9537,rw_mmlu:jurisprudence,0.1851851852,0.2685185185,NVIDIA H100 80GB HBM3
rewire_inspired,44,ep2,9537,rw_mmlu:logical_fallacies,0.2883435583,0.3067484663,NVIDIA H100 80GB HBM3
rewire_inspired,44,ep2,9537,rw_mmlu:machine_learning,0.2857142857,0.2678571429,NVIDIA H100 80GB HBM3
rewire_inspired,44,ep2,9537,rw_mmlu:management,0.2912621359,0.4660194175,NVIDIA H100 80GB HBM3
rewire_inspired,44,ep2,9537,rw_mmlu:marketing,0.4358974359,0.4059829060,NVIDIA H100 80GB HBM3
rewire_inspired,44,ep2,9537,rw_mmlu:medical_genetics,0.3100000000,0.3400000000,NVIDIA H100 80GB HBM3
rewire_inspired,44,ep2,9537,rw_mmlu:miscellaneous,0.4189016603,0.3780332056,NVIDIA H100 80GB HBM3
rewire_inspired,44,ep2,9537,rw_mmlu:moral_disputes,0.2456647399,0.2514450867,NVIDIA H100 80GB HBM3
rewire_inspired,44,ep2,9537,rw_mmlu:moral_scenarios,0.2379888268,0.2379888268,NVIDIA H100 80GB HBM3
rewire_inspired,44,ep2,9537,rw_mmlu:nutrition,0.2581699346,0.3202614379,NVIDIA H100 80GB HBM3
rewire_inspired,44,ep2,9537,rw_mmlu:philosophy,0.2668810289,0.2122186495,NVIDIA H100 80GB HBM3
rewire_inspired,44,ep2,9537,rw_mmlu:prehistory,0.3611111111,0.2500000000,NVIDIA H100 80GB HBM3
rewire_inspired,44,ep2,9537,rw_mmlu:professional_accounting,0.2482269504,0.2198581560,NVIDIA H100 80GB HBM3
rewire_inspired,44,ep2,9537,rw_mmlu:professional_law,0.2470664928,0.2640156454,NVIDIA H100 80GB HBM3
rewire_inspired,44,ep2,9537,rw_mmlu:professional_medicine,0.2610294118,0.3161764706,NVIDIA H100 80GB HBM3
rewire_inspired,44,ep2,9537,rw_mmlu:professional_psychology,0.3039215686,0.2679738562,NVIDIA H100 80GB HBM3
rewire_inspired,44,ep2,9537,rw_mmlu:public_relations,0.4000000000,0.2818181818,NVIDIA H100 80GB HBM3
rewire_inspired,44,ep2,9537,rw_mmlu:security_studies,0.3224489796,0.2530612245,NVIDIA H100 80GB HBM3
rewire_inspired,44,ep2,9537,rw_mmlu:sociology,0.2786069652,0.2437810945,NVIDIA H100 80GB HBM3
rewire_inspired,44,ep2,9537,rw_mmlu:us_foreign_policy,0.2800000000,0.2700000000,NVIDIA H100 80GB HBM3
rewire_inspired,44,ep2,9537,rw_mmlu:virology,0.2650602410,0.3313253012,NVIDIA H100 80GB HBM3
rewire_inspired,44,ep2,9537,rw_mmlu:world_religions,0.3391812865,0.4093567251,NVIDIA H100 80GB HBM3
rewire_inspired,44,ep2,9537,rw_openbookqa,0.1720000000,0.3340000000,NVIDIA H100 80GB HBM3
rewire_inspired,44,ep2,9537,rw_piqa,0.7062023939,0.7018498368,NVIDIA H100 80GB HBM3
rewire_inspired,44,ep2,9537,rw_siqa,0.3955987718,0.4053224156,NVIDIA H100 80GB HBM3
disagreement_aware,42,ep3,14305,rw_arc:easy,0.6115319865,0.5101010101,NVIDIA H100 80GB HBM3
disagreement_aware,42,ep3,14305,rw_commonsense_qa,0.3513513514,0.3169533170,NVIDIA H100 80GB HBM3
disagreement_aware,42,ep3,14305,rw_hellaswag,0.3855805616,0.4768970325,NVIDIA H100 80GB HBM3
disagreement_aware,42,ep3,14305,rw_mmlu:_average,0.3035707230,0.3153601686,NVIDIA H100 80GB HBM3
disagreement_aware,42,ep3,14305,rw_mmlu:abstract_algebra,0.2400000000,0.2500000000,NVIDIA H100 80GB HBM3
disagreement_aware,42,ep3,14305,rw_mmlu:anatomy,0.3925925926,0.3925925926,NVIDIA H100 80GB HBM3
disagreement_aware,42,ep3,14305,rw_mmlu:astronomy,0.2894736842,0.3750000000,NVIDIA H100 80GB HBM3
disagreement_aware,42,ep3,14305,rw_mmlu:business_ethics,0.5200000000,0.4500000000,NVIDIA H100 80GB HBM3
disagreement_aware,42,ep3,14305,rw_mmlu:clinical_knowledge,0.2792452830,0.4037735849,NVIDIA H100 80GB HBM3
disagreement_aware,42,ep3,14305,rw_mmlu:college_biology,0.3472222222,0.3819444444,NVIDIA H100 80GB HBM3
disagreement_aware,42,ep3,14305,rw_mmlu:college_chemistry,0.2700000000,0.2400000000,NVIDIA H100 80GB HBM3
disagreement_aware,42,ep3,14305,rw_mmlu:college_computer_science,0.2800000000,0.2500000000,NVIDIA H100 80GB HBM3
disagreement_aware,42,ep3,14305,rw_mmlu:college_mathematics,0.1500000000,0.2400000000,NVIDIA H100 80GB HBM3
disagreement_aware,42,ep3,14305,rw_mmlu:college_medicine,0.3236994220,0.2716763006,NVIDIA H100 80GB HBM3
disagreement_aware,42,ep3,14305,rw_mmlu:college_physics,0.1666666667,0.1862745098,NVIDIA H100 80GB HBM3
disagreement_aware,42,ep3,14305,rw_mmlu:computer_security,0.3500000000,0.3800000000,NVIDIA H100 80GB HBM3
disagreement_aware,42,ep3,14305,rw_mmlu:conceptual_physics,0.3617021277,0.2723404255,NVIDIA H100 80GB HBM3
disagreement_aware,42,ep3,14305,rw_mmlu:econometrics,0.2368421053,0.2280701754,NVIDIA H100 80GB HBM3
disagreement_aware,42,ep3,14305,rw_mmlu:electrical_engineering,0.2620689655,0.3034482759,NVIDIA H100 80GB HBM3
disagreement_aware,42,ep3,14305,rw_mmlu:elementary_mathematics,0.2169312169,0.2539682540,NVIDIA H100 80GB HBM3
disagreement_aware,42,ep3,14305,rw_mmlu:formal_logic,0.3253968254,0.3571428571,NVIDIA H100 80GB HBM3
disagreement_aware,42,ep3,14305,rw_mmlu:global_facts,0.2400000000,0.2100000000,NVIDIA H100 80GB HBM3
disagreement_aware,42,ep3,14305,rw_mmlu:high_school_biology,0.3225806452,0.3612903226,NVIDIA H100 80GB HBM3
disagreement_aware,42,ep3,14305,rw_mmlu:high_school_chemistry,0.2118226601,0.2660098522,NVIDIA H100 80GB HBM3
disagreement_aware,42,ep3,14305,rw_mmlu:high_school_computer_science,0.2700000000,0.2900000000,NVIDIA H100 80GB HBM3
disagreement_aware,42,ep3,14305,rw_mmlu:high_school_european_history,0.2909090909,0.3878787879,NVIDIA H100 80GB HBM3
disagreement_aware,42,ep3,14305,rw_mmlu:high_school_geography,0.3686868687,0.3838383838,NVIDIA H100 80GB HBM3
disagreement_aware,42,ep3,14305,rw_mmlu:high_school_government_and_politics,0.3886010363,0.4145077720,NVIDIA H100 80GB HBM3
disagreement_aware,42,ep3,14305,rw_mmlu:high_school_macroeconomics,0.2615384615,0.3051282051,NVIDIA H100 80GB HBM3
disagreement_aware,42,ep3,14305,rw_mmlu:high_school_mathematics,0.1555555556,0.1703703704,NVIDIA H100 80GB HBM3
disagreement_aware,42,ep3,14305,rw_mmlu:high_school_microeconomics,0.2941176471,0.3193277311,NVIDIA H100 80GB HBM3
disagreement_aware,42,ep3,14305,rw_mmlu:high_school_physics,0.2715231788,0.2384105960,NVIDIA H100 80GB HBM3
disagreement_aware,42,ep3,14305,rw_mmlu:high_school_psychology,0.4458715596,0.4000000000,NVIDIA H100 80GB HBM3
disagreement_aware,42,ep3,14305,rw_mmlu:high_school_statistics,0.2824074074,0.2824074074,NVIDIA H100 80GB HBM3
disagreement_aware,42,ep3,14305,rw_mmlu:high_school_us_history,0.3235294118,0.3431372549,NVIDIA H100 80GB HBM3
disagreement_aware,42,ep3,14305,rw_mmlu:high_school_world_history,0.2953586498,0.3248945148,NVIDIA H100 80GB HBM3
disagreement_aware,42,ep3,14305,rw_mmlu:human_aging,0.4125560538,0.3946188341,NVIDIA H100 80GB HBM3
disagreement_aware,42,ep3,14305,rw_mmlu:human_sexuality,0.3893129771,0.3969465649,NVIDIA H100 80GB HBM3
disagreement_aware,42,ep3,14305,rw_mmlu:international_law,0.1818181818,0.3057851240,NVIDIA H100 80GB HBM3
disagreement_aware,42,ep3,14305,rw_mmlu:jurisprudence,0.2407407407,0.3333333333,NVIDIA H100 80GB HBM3
disagreement_aware,42,ep3,14305,rw_mmlu:logical_fallacies,0.3251533742,0.3312883436,NVIDIA H100 80GB HBM3
disagreement_aware,42,ep3,14305,rw_mmlu:machine_learning,0.2946428571,0.2857142857,NVIDIA H100 80GB HBM3
disagreement_aware,42,ep3,14305,rw_mmlu:management,0.3398058252,0.4077669903,NVIDIA H100 80GB HBM3
disagreement_aware,42,ep3,14305,rw_mmlu:marketing,0.4615384615,0.4444444444,NVIDIA H100 80GB HBM3
disagreement_aware,42,ep3,14305,rw_mmlu:medical_genetics,0.3200000000,0.3100000000,NVIDIA H100 80GB HBM3
disagreement_aware,42,ep3,14305,rw_mmlu:miscellaneous,0.4469987229,0.4112388250,NVIDIA H100 80GB HBM3
disagreement_aware,42,ep3,14305,rw_mmlu:moral_disputes,0.2687861272,0.2369942197,NVIDIA H100 80GB HBM3
disagreement_aware,42,ep3,14305,rw_mmlu:moral_scenarios,0.2379888268,0.2379888268,NVIDIA H100 80GB HBM3
disagreement_aware,42,ep3,14305,rw_mmlu:nutrition,0.2843137255,0.3431372549,NVIDIA H100 80GB HBM3
disagreement_aware,42,ep3,14305,rw_mmlu:philosophy,0.2926045016,0.2668810289,NVIDIA H100 80GB HBM3
disagreement_aware,42,ep3,14305,rw_mmlu:prehistory,0.3672839506,0.3117283951,NVIDIA H100 80GB HBM3
disagreement_aware,42,ep3,14305,rw_mmlu:professional_accounting,0.2375886525,0.2127659574,NVIDIA H100 80GB HBM3
disagreement_aware,42,ep3,14305,rw_mmlu:professional_law,0.2509778357,0.2646675359,NVIDIA H100 80GB HBM3
disagreement_aware,42,ep3,14305,rw_mmlu:professional_medicine,0.2683823529,0.2904411765,NVIDIA H100 80GB HBM3
disagreement_aware,42,ep3,14305,rw_mmlu:professional_psychology,0.3022875817,0.3071895425,NVIDIA H100 80GB HBM3
disagreement_aware,42,ep3,14305,rw_mmlu:public_relations,0.4181818182,0.3181818182,NVIDIA H100 80GB HBM3
disagreement_aware,42,ep3,14305,rw_mmlu:security_studies,0.3183673469,0.2816326531,NVIDIA H100 80GB HBM3
disagreement_aware,42,ep3,14305,rw_mmlu:sociology,0.2686567164,0.2835820896,NVIDIA H100 80GB HBM3
disagreement_aware,42,ep3,14305,rw_mmlu:us_foreign_policy,0.2900000000,0.2900000000,NVIDIA H100 80GB HBM3
disagreement_aware,42,ep3,14305,rw_mmlu:virology,0.2710843373,0.3313253012,NVIDIA H100 80GB HBM3
disagreement_aware,42,ep3,14305,rw_mmlu:world_religions,0.3801169591,0.4444444444,NVIDIA H100 80GB HBM3
disagreement_aware,42,ep3,14305,rw_openbookqa,0.2100000000,0.3440000000,NVIDIA H100 80GB HBM3
disagreement_aware,42,ep3,14305,rw_piqa,0.7045701850,0.7072905332,NVIDIA H100 80GB HBM3
disagreement_aware,42,ep3,14305,rw_siqa,0.3945752303,0.4042988741,NVIDIA H100 80GB HBM3
disagreement_aware,42,ep1,4768,rw_arc:easy,0.5517676768,0.4595959596,NVIDIA H100 80GB HBM3
disagreement_aware,42,ep1,4768,rw_commonsense_qa,0.3046683047,0.2874692875,NVIDIA H100 80GB HBM3
disagreement_aware,42,ep1,4768,rw_hellaswag,0.3360884286,0.3960366461,NVIDIA H100 80GB HBM3
disagreement_aware,42,ep1,4768,rw_mmlu:_average,0.2793534023,0.2825216501,NVIDIA H100 80GB HBM3
disagreement_aware,42,ep1,4768,rw_mmlu:abstract_algebra,0.1700000000,0.1800000000,NVIDIA H100 80GB HBM3
disagreement_aware,42,ep1,4768,rw_mmlu:anatomy,0.3259259259,0.2888888889,NVIDIA H100 80GB HBM3
disagreement_aware,42,ep1,4768,rw_mmlu:astronomy,0.2697368421,0.3289473684,NVIDIA H100 80GB HBM3
disagreement_aware,42,ep1,4768,rw_mmlu:business_ethics,0.4600000000,0.3800000000,NVIDIA H100 80GB HBM3
disagreement_aware,42,ep1,4768,rw_mmlu:clinical_knowledge,0.2490566038,0.3283018868,NVIDIA H100 80GB HBM3
disagreement_aware,42,ep1,4768,rw_mmlu:college_biology,0.3402777778,0.3125000000,NVIDIA H100 80GB HBM3
disagreement_aware,42,ep1,4768,rw_mmlu:college_chemistry,0.3000000000,0.2500000000,NVIDIA H100 80GB HBM3
disagreement_aware,42,ep1,4768,rw_mmlu:college_computer_science,0.3000000000,0.2300000000,NVIDIA H100 80GB HBM3
disagreement_aware,42,ep1,4768,rw_mmlu:college_mathematics,0.2000000000,0.2400000000,NVIDIA H100 80GB HBM3
disagreement_aware,42,ep1,4768,rw_mmlu:college_medicine,0.2601156069,0.2254335260,NVIDIA H100 80GB HBM3
disagreement_aware,42,ep1,4768,rw_mmlu:college_physics,0.1764705882,0.2156862745,NVIDIA H100 80GB HBM3
disagreement_aware,42,ep1,4768,rw_mmlu:computer_security,0.3000000000,0.3300000000,NVIDIA H100 80GB HBM3
disagreement_aware,42,ep1,4768,rw_mmlu:conceptual_physics,0.3446808511,0.2553191489,NVIDIA H100 80GB HBM3
disagreement_aware,42,ep1,4768,rw_mmlu:econometrics,0.2280701754,0.2280701754,NVIDIA H100 80GB HBM3
disagreement_aware,42,ep1,4768,rw_mmlu:electrical_engineering,0.2965517241,0.2896551724,NVIDIA H100 80GB HBM3
disagreement_aware,42,ep1,4768,rw_mmlu:elementary_mathematics,0.2195767196,0.2222222222,NVIDIA H100 80GB HBM3
disagreement_aware,42,ep1,4768,rw_mmlu:formal_logic,0.3253968254,0.3095238095,NVIDIA H100 80GB HBM3
disagreement_aware,42,ep1,4768,rw_mmlu:global_facts,0.2600000000,0.2400000000,NVIDIA H100 80GB HBM3
disagreement_aware,42,ep1,4768,rw_mmlu:high_school_biology,0.2903225806,0.3419354839,NVIDIA H100 80GB HBM3
disagreement_aware,42,ep1,4768,rw_mmlu:high_school_chemistry,0.2068965517,0.2216748768,NVIDIA H100 80GB HBM3
disagreement_aware,42,ep1,4768,rw_mmlu:high_school_computer_science,0.2600000000,0.2100000000,NVIDIA H100 80GB HBM3
disagreement_aware,42,ep1,4768,rw_mmlu:high_school_european_history,0.2787878788,0.3393939394,NVIDIA H100 80GB HBM3
disagreement_aware,42,ep1,4768,rw_mmlu:high_school_geography,0.3333333333,0.3939393939,NVIDIA H100 80GB HBM3
disagreement_aware,42,ep1,4768,rw_mmlu:high_school_government_and_politics,0.3212435233,0.3782383420,NVIDIA H100 80GB HBM3
disagreement_aware,42,ep1,4768,rw_mmlu:high_school_macroeconomics,0.2512820513,0.2871794872,NVIDIA H100 80GB HBM3
disagreement_aware,42,ep1,4768,rw_mmlu:high_school_mathematics,0.1555555556,0.1481481481,NVIDIA H100 80GB HBM3
disagreement_aware,42,ep1,4768,rw_mmlu:high_school_microeconomics,0.2983193277,0.3445378151,NVIDIA H100 80GB HBM3
disagreement_aware,42,ep1,4768,rw_mmlu:high_school_physics,0.2384105960,0.2251655629,NVIDIA H100 80GB HBM3
disagreement_aware,42,ep1,4768,rw_mmlu:high_school_psychology,0.3853211009,0.3412844037,NVIDIA H100 80GB HBM3
disagreement_aware,42,ep1,4768,rw_mmlu:high_school_statistics,0.2592592593,0.2453703704,NVIDIA H100 80GB HBM3
disagreement_aware,42,ep1,4768,rw_mmlu:high_school_us_history,0.2647058824,0.3333333333,NVIDIA H100 80GB HBM3
disagreement_aware,42,ep1,4768,rw_mmlu:high_school_world_history,0.2700421941,0.2827004219,NVIDIA H100 80GB HBM3
disagreement_aware,42,ep1,4768,rw_mmlu:human_aging,0.3632286996,0.3363228700,NVIDIA H100 80GB HBM3
disagreement_aware,42,ep1,4768,rw_mmlu:human_sexuality,0.3664122137,0.3740458015,NVIDIA H100 80GB HBM3
disagreement_aware,42,ep1,4768,rw_mmlu:international_law,0.1570247934,0.2644628099,NVIDIA H100 80GB HBM3
disagreement_aware,42,ep1,4768,rw_mmlu:jurisprudence,0.2037037037,0.2222222222,NVIDIA H100 80GB HBM3
disagreement_aware,42,ep1,4768,rw_mmlu:logical_fallacies,0.2822085890,0.3006134969,NVIDIA H100 80GB HBM3
disagreement_aware,42,ep1,4768,rw_mmlu:machine_learning,0.2500000000,0.2053571429,NVIDIA H100 80GB HBM3
disagreement_aware,42,ep1,4768,rw_mmlu:management,0.2815533981,0.3786407767,NVIDIA H100 80GB HBM3
disagreement_aware,42,ep1,4768,rw_mmlu:marketing,0.4358974359,0.4188034188,NVIDIA H100 80GB HBM3
disagreement_aware,42,ep1,4768,rw_mmlu:medical_genetics,0.2800000000,0.2900000000,NVIDIA H100 80GB HBM3
disagreement_aware,42,ep1,4768,rw_mmlu:miscellaneous,0.3805874840,0.3499361430,NVIDIA H100 80GB HBM3
disagreement_aware,42,ep1,4768,rw_mmlu:moral_disputes,0.2369942197,0.2369942197,NVIDIA H100 80GB HBM3
disagreement_aware,42,ep1,4768,rw_mmlu:moral_scenarios,0.2379888268,0.2379888268,NVIDIA H100 80GB HBM3
disagreement_aware,42,ep1,4768,rw_mmlu:nutrition,0.2254901961,0.2941176471,NVIDIA H100 80GB HBM3
disagreement_aware,42,ep1,4768,rw_mmlu:philosophy,0.2636655949,0.2057877814,NVIDIA H100 80GB HBM3
disagreement_aware,42,ep1,4768,rw_mmlu:prehistory,0.3240740741,0.2746913580,NVIDIA H100 80GB HBM3
disagreement_aware,42,ep1,4768,rw_mmlu:professional_accounting,0.2695035461,0.2446808511,NVIDIA H100 80GB HBM3
disagreement_aware,42,ep1,4768,rw_mmlu:professional_law,0.2438070404,0.2581486310,NVIDIA H100 80GB HBM3
disagreement_aware,42,ep1,4768,rw_mmlu:professional_medicine,0.2610294118,0.3014705882,NVIDIA H100 80GB HBM3
disagreement_aware,42,ep1,4768,rw_mmlu:professional_psychology,0.2810457516,0.2663398693,NVIDIA H100 80GB HBM3
disagreement_aware,42,ep1,4768,rw_mmlu:public_relations,0.3727272727,0.3000000000,NVIDIA H100 80GB HBM3
disagreement_aware,42,ep1,4768,rw_mmlu:security_studies,0.2938775510,0.2448979592,NVIDIA H100 80GB HBM3
disagreement_aware,42,ep1,4768,rw_mmlu:sociology,0.2338308458,0.2288557214,NVIDIA H100 80GB HBM3
disagreement_aware,42,ep1,4768,rw_mmlu:us_foreign_policy,0.2700000000,0.2700000000,NVIDIA H100 80GB HBM3
disagreement_aware,42,ep1,4768,rw_mmlu:virology,0.2650602410,0.2951807229,NVIDIA H100 80GB HBM3
disagreement_aware,42,ep1,4768,rw_mmlu:world_religions,0.3040935673,0.3567251462,NVIDIA H100 80GB HBM3
disagreement_aware,42,ep1,4768,rw_openbookqa,0.1780000000,0.3120000000,NVIDIA H100 80GB HBM3
disagreement_aware,42,ep1,4768,rw_piqa,0.6806311208,0.6741022851,NVIDIA H100 80GB HBM3
disagreement_aware,42,ep1,4768,rw_siqa,0.3848515865,0.3925281474,NVIDIA H100 80GB HBM3
disagreement_aware,42,ep2,9537,rw_arc:easy,0.5989057239,0.5067340067,NVIDIA H100 80GB HBM3
disagreement_aware,42,ep2,9537,rw_commonsense_qa,0.3382473382,0.3120393120,NVIDIA H100 80GB HBM3
disagreement_aware,42,ep2,9537,rw_hellaswag,0.3675562637,0.4479187413,NVIDIA H100 80GB HBM3
disagreement_aware,42,ep2,9537,rw_mmlu:_average,0.2934135508,0.3036198717,NVIDIA H100 80GB HBM3
disagreement_aware,42,ep2,9537,rw_mmlu:abstract_algebra,0.2200000000,0.2400000000,NVIDIA H100 80GB HBM3
disagreement_aware,42,ep2,9537,rw_mmlu:anatomy,0.3777777778,0.3555555556,NVIDIA H100 80GB HBM3
disagreement_aware,42,ep2,9537,rw_mmlu:astronomy,0.3026315789,0.3815789474,NVIDIA H100 80GB HBM3
disagreement_aware,42,ep2,9537,rw_mmlu:business_ethics,0.4600000000,0.3600000000,NVIDIA H100 80GB HBM3
disagreement_aware,42,ep2,9537,rw_mmlu:clinical_knowledge,0.2754716981,0.3811320755,NVIDIA H100 80GB HBM3
disagreement_aware,42,ep2,9537,rw_mmlu:college_biology,0.3472222222,0.3472222222,NVIDIA H100 80GB HBM3
disagreement_aware,42,ep2,9537,rw_mmlu:college_chemistry,0.2700000000,0.2400000000,NVIDIA H100 80GB HBM3
disagreement_aware,42,ep2,9537,rw_mmlu:college_computer_science,0.2900000000,0.2600000000,NVIDIA H100 80GB HBM3
disagreement_aware,42,ep2,9537,rw_mmlu:college_mathematics,0.1700000000,0.2300000000,NVIDIA H100 80GB HBM3
disagreement_aware,42,ep2,9537,rw_mmlu:college_medicine,0.3005780347,0.2716763006,NVIDIA H100 80GB HBM3
disagreement_aware,42,ep2,9537,rw_mmlu:college_physics,0.1470588235,0.2254901961,NVIDIA H100 80GB HBM3
disagreement_aware,42,ep2,9537,rw_mmlu:computer_security,0.3400000000,0.3700000000,NVIDIA H100 80GB HBM3
disagreement_aware,42,ep2,9537,rw_mmlu:conceptual_physics,0.3574468085,0.2723404255,NVIDIA H100 80GB HBM3
disagreement_aware,42,ep2,9537,rw_mmlu:econometrics,0.2543859649,0.2543859649,NVIDIA H100 80GB HBM3
disagreement_aware,42,ep2,9537,rw_mmlu:electrical_engineering,0.2275862069,0.2758620690,NVIDIA H100 80GB HBM3
disagreement_aware,42,ep2,9537,rw_mmlu:elementary_mathematics,0.2301587302,0.2433862434,NVIDIA H100 80GB HBM3
disagreement_aware,42,ep2,9537,rw_mmlu:formal_logic,0.3174603175,0.3412698413,NVIDIA H100 80GB HBM3
disagreement_aware,42,ep2,9537,rw_mmlu:global_facts,0.2300000000,0.2000000000,NVIDIA H100 80GB HBM3
disagreement_aware,42,ep2,9537,rw_mmlu:high_school_biology,0.3225806452,0.3548387097,NVIDIA H100 80GB HBM3
disagreement_aware,42,ep2,9537,rw_mmlu:high_school_chemistry,0.1674876847,0.2364532020,NVIDIA H100 80GB HBM3
disagreement_aware,42,ep2,9537,rw_mmlu:high_school_computer_science,0.2600000000,0.2700000000,NVIDIA H100 80GB HBM3
disagreement_aware,42,ep2,9537,rw_mmlu:high_school_european_history,0.2909090909,0.3939393939,NVIDIA H100 80GB HBM3
disagreement_aware,42,ep2,9537,rw_mmlu:high_school_geography,0.3383838384,0.3939393939,NVIDIA H100 80GB HBM3
disagreement_aware,42,ep2,9537,rw_mmlu:high_school_government_and_politics,0.3678756477,0.3886010363,NVIDIA H100 80GB HBM3
disagreement_aware,42,ep2,9537,rw_mmlu:high_school_macroeconomics,0.2589743590,0.3102564103,NVIDIA H100 80GB HBM3
disagreement_aware,42,ep2,9537,rw_mmlu:high_school_mathematics,0.1481481481,0.1555555556,NVIDIA H100 80GB HBM3
disagreement_aware,42,ep2,9537,rw_mmlu:high_school_microeconomics,0.2773109244,0.3445378151,NVIDIA H100 80GB HBM3
disagreement_aware,42,ep2,9537,rw_mmlu:high_school_physics,0.2649006623,0.2052980132,NVIDIA H100 80GB HBM3
disagreement_aware,42,ep2,9537,rw_mmlu:high_school_psychology,0.4311926606,0.3724770642,NVIDIA H100 80GB HBM3
disagreement_aware,42,ep2,9537,rw_mmlu:high_school_statistics,0.2731481481,0.2500000000,NVIDIA H100 80GB HBM3
disagreement_aware,42,ep2,9537,rw_mmlu:high_school_us_history,0.3235294118,0.3725490196,NVIDIA H100 80GB HBM3
disagreement_aware,42,ep2,9537,rw_mmlu:high_school_world_history,0.2911392405,0.3080168776,NVIDIA H100 80GB HBM3
disagreement_aware,42,ep2,9537,rw_mmlu:human_aging,0.3856502242,0.3542600897,NVIDIA H100 80GB HBM3
disagreement_aware,42,ep2,9537,rw_mmlu:human_sexuality,0.3587786260,0.3969465649,NVIDIA H100 80GB HBM3
disagreement_aware,42,ep2,9537,rw_mmlu:international_law,0.1652892562,0.2727272727,NVIDIA H100 80GB HBM3
disagreement_aware,42,ep2,9537,rw_mmlu:jurisprudence,0.1944444444,0.2222222222,NVIDIA H100 80GB HBM3
disagreement_aware,42,ep2,9537,rw_mmlu:logical_fallacies,0.2944785276,0.3251533742,NVIDIA H100 80GB HBM3
disagreement_aware,42,ep2,9537,rw_mmlu:machine_learning,0.2857142857,0.2678571429,NVIDIA H100 80GB HBM3
disagreement_aware,42,ep2,9537,rw_mmlu:management,0.3300970874,0.3980582524,NVIDIA H100 80GB HBM3
disagreement_aware,42,ep2,9537,rw_mmlu:marketing,0.4786324786,0.4145299145,NVIDIA H100 80GB HBM3
disagreement_aware,42,ep2,9537,rw_mmlu:medical_genetics,0.3000000000,0.3500000000,NVIDIA H100 80GB HBM3
disagreement_aware,42,ep2,9537,rw_mmlu:miscellaneous,0.4380587484,0.3997445722,NVIDIA H100 80GB HBM3
disagreement_aware,42,ep2,9537,rw_mmlu:moral_disputes,0.2543352601,0.2398843931,NVIDIA H100 80GB HBM3
disagreement_aware,42,ep2,9537,rw_mmlu:moral_scenarios,0.2379888268,0.2379888268,NVIDIA H100 80GB HBM3
disagreement_aware,42,ep2,9537,rw_mmlu:nutrition,0.2614379085,0.3267973856,NVIDIA H100 80GB HBM3
disagreement_aware,42,ep2,9537,rw_mmlu:philosophy,0.2733118971,0.2411575563,NVIDIA H100 80GB HBM3
disagreement_aware,42,ep2,9537,rw_mmlu:prehistory,0.3549382716,0.2932098765,NVIDIA H100 80GB HBM3
disagreement_aware,42,ep2,9537,rw_mmlu:professional_accounting,0.2624113475,0.2198581560,NVIDIA H100 80GB HBM3
disagreement_aware,42,ep2,9537,rw_mmlu:professional_law,0.2496740548,0.2496740548,NVIDIA H100 80GB HBM3
disagreement_aware,42,ep2,9537,rw_mmlu:professional_medicine,0.2757352941,0.2794117647,NVIDIA H100 80GB HBM3
disagreement_aware,42,ep2,9537,rw_mmlu:professional_psychology,0.2859477124,0.2875816993,NVIDIA H100 80GB HBM3
disagreement_aware,42,ep2,9537,rw_mmlu:public_relations,0.4090909091,0.2909090909,NVIDIA H100 80GB HBM3
disagreement_aware,42,ep2,9537,rw_mmlu:security_studies,0.3142857143,0.2734693878,NVIDIA H100 80GB HBM3
disagreement_aware,42,ep2,9537,rw_mmlu:sociology,0.2736318408,0.2786069652,NVIDIA H100 80GB HBM3
disagreement_aware,42,ep2,9537,rw_mmlu:us_foreign_policy,0.2800000000,0.3100000000,NVIDIA H100 80GB HBM3
disagreement_aware,42,ep2,9537,rw_mmlu:virology,0.2530120482,0.3313253012,NVIDIA H100 80GB HBM3
disagreement_aware,42,ep2,9537,rw_mmlu:world_religions,0.3742690058,0.4385964912,NVIDIA H100 80GB HBM3
disagreement_aware,42,ep2,9537,rw_openbookqa,0.2120000000,0.3440000000,NVIDIA H100 80GB HBM3
disagreement_aware,42,ep2,9537,rw_piqa,0.7013057671,0.7002176279,NVIDIA H100 80GB HBM3
disagreement_aware,42,ep2,9537,rw_siqa,0.3884339816,0.4017400205,NVIDIA H100 80GB HBM3
disagreement_aware,43,ep3,14305,rw_arc:easy,0.6186868687,0.5256734007,NVIDIA H100 80GB HBM3
disagreement_aware,43,ep3,14305,rw_commonsense_qa,0.3398853399,0.3128583129,NVIDIA H100 80GB HBM3
disagreement_aware,43,ep3,14305,rw_hellaswag,0.3843855806,0.4764987054,NVIDIA H100 80GB HBM3
disagreement_aware,43,ep3,14305,rw_mmlu:_average,0.2972326835,0.3081494858,NVIDIA H100 80GB HBM3
disagreement_aware,43,ep3,14305,rw_mmlu:abstract_algebra,0.2400000000,0.2700000000,NVIDIA H100 80GB HBM3
disagreement_aware,43,ep3,14305,rw_mmlu:anatomy,0.3555555556,0.3629629630,NVIDIA H100 80GB HBM3
disagreement_aware,43,ep3,14305,rw_mmlu:astronomy,0.2894736842,0.3750000000,NVIDIA H100 80GB HBM3
disagreement_aware,43,ep3,14305,rw_mmlu:business_ethics,0.5200000000,0.3900000000,NVIDIA H100 80GB HBM3
disagreement_aware,43,ep3,14305,rw_mmlu:clinical_knowledge,0.2641509434,0.3773584906,NVIDIA H100 80GB HBM3
disagreement_aware,43,ep3,14305,rw_mmlu:college_biology,0.3888888889,0.3541666667,NVIDIA H100 80GB HBM3
disagreement_aware,43,ep3,14305,rw_mmlu:college_chemistry,0.2700000000,0.2600000000,NVIDIA H100 80GB HBM3
disagreement_aware,43,ep3,14305,rw_mmlu:college_computer_science,0.2700000000,0.2600000000,NVIDIA H100 80GB HBM3
disagreement_aware,43,ep3,14305,rw_mmlu:college_mathematics,0.1500000000,0.2600000000,NVIDIA H100 80GB HBM3
disagreement_aware,43,ep3,14305,rw_mmlu:college_medicine,0.2543352601,0.2658959538,NVIDIA H100 80GB HBM3
disagreement_aware,43,ep3,14305,rw_mmlu:college_physics,0.2450980392,0.2745098039,NVIDIA H100 80GB HBM3
disagreement_aware,43,ep3,14305,rw_mmlu:computer_security,0.3600000000,0.3900000000,NVIDIA H100 80GB HBM3
disagreement_aware,43,ep3,14305,rw_mmlu:conceptual_physics,0.3531914894,0.2510638298,NVIDIA H100 80GB HBM3
disagreement_aware,43,ep3,14305,rw_mmlu:econometrics,0.2192982456,0.2368421053,NVIDIA H100 80GB HBM3
disagreement_aware,43,ep3,14305,rw_mmlu:electrical_engineering,0.2689655172,0.3310344828,NVIDIA H100 80GB HBM3
disagreement_aware,43,ep3,14305,rw_mmlu:elementary_mathematics,0.2671957672,0.2645502646,NVIDIA H100 80GB HBM3
disagreement_aware,43,ep3,14305,rw_mmlu:formal_logic,0.3174603175,0.3253968254,NVIDIA H100 80GB HBM3
disagreement_aware,43,ep3,14305,rw_mmlu:global_facts,0.2100000000,0.2000000000,NVIDIA H100 80GB HBM3
disagreement_aware,43,ep3,14305,rw_mmlu:high_school_biology,0.3064516129,0.3290322581,NVIDIA H100 80GB HBM3
disagreement_aware,43,ep3,14305,rw_mmlu:high_school_chemistry,0.1822660099,0.2610837438,NVIDIA H100 80GB HBM3
disagreement_aware,43,ep3,14305,rw_mmlu:high_school_computer_science,0.2500000000,0.2600000000,NVIDIA H100 80GB HBM3
disagreement_aware,43,ep3,14305,rw_mmlu:high_school_european_history,0.2848484848,0.3696969697,NVIDIA H100 80GB HBM3
disagreement_aware,43,ep3,14305,rw_mmlu:high_school_geography,0.3131313131,0.4191919192,NVIDIA H100 80GB HBM3
disagreement_aware,43,ep3,14305,rw_mmlu:high_school_government_and_politics,0.3626943005,0.3834196891,NVIDIA H100 80GB HBM3
disagreement_aware,43,ep3,14305,rw_mmlu:high_school_macroeconomics,0.2538461538,0.3282051282,NVIDIA H100 80GB HBM3
disagreement_aware,43,ep3,14305,rw_mmlu:high_school_mathematics,0.1407407407,0.1296296296,NVIDIA H100 80GB HBM3
disagreement_aware,43,ep3,14305,rw_mmlu:high_school_microeconomics,0.2941176471,0.3151260504,NVIDIA H100 80GB HBM3
disagreement_aware,43,ep3,14305,rw_mmlu:high_school_physics,0.2384105960,0.2052980132,NVIDIA H100 80GB HBM3
disagreement_aware,43,ep3,14305,rw_mmlu:high_school_psychology,0.4532110092,0.3816513761,NVIDIA H100 80GB HBM3
disagreement_aware,43,ep3,14305,rw_mmlu:high_school_statistics,0.2638888889,0.2314814815,NVIDIA H100 80GB HBM3
disagreement_aware,43,ep3,14305,rw_mmlu:high_school_us_history,0.3039215686,0.3578431373,NVIDIA H100 80GB HBM3
disagreement_aware,43,ep3,14305,rw_mmlu:high_school_world_history,0.2995780591,0.3248945148,NVIDIA H100 80GB HBM3
disagreement_aware,43,ep3,14305,rw_mmlu:human_aging,0.4170403587,0.3632286996,NVIDIA H100 80GB HBM3
disagreement_aware,43,ep3,14305,rw_mmlu:human_sexuality,0.3511450382,0.3358778626,NVIDIA H100 80GB HBM3
disagreement_aware,43,ep3,14305,rw_mmlu:international_law,0.1900826446,0.2892561983,NVIDIA H100 80GB HBM3
disagreement_aware,43,ep3,14305,rw_mmlu:jurisprudence,0.2314814815,0.2870370370,NVIDIA H100 80GB HBM3
disagreement_aware,43,ep3,14305,rw_mmlu:logical_fallacies,0.3312883436,0.3190184049,NVIDIA H100 80GB HBM3
disagreement_aware,43,ep3,14305,rw_mmlu:machine_learning,0.1875000000,0.1875000000,NVIDIA H100 80GB HBM3
disagreement_aware,43,ep3,14305,rw_mmlu:management,0.3300970874,0.3883495146,NVIDIA H100 80GB HBM3
disagreement_aware,43,ep3,14305,rw_mmlu:marketing,0.4316239316,0.4273504274,NVIDIA H100 80GB HBM3
disagreement_aware,43,ep3,14305,rw_mmlu:medical_genetics,0.3200000000,0.3600000000,NVIDIA H100 80GB HBM3
disagreement_aware,43,ep3,14305,rw_mmlu:miscellaneous,0.4469987229,0.4163473819,NVIDIA H100 80GB HBM3
disagreement_aware,43,ep3,14305,rw_mmlu:moral_disputes,0.2572254335,0.2514450867,NVIDIA H100 80GB HBM3
disagreement_aware,43,ep3,14305,rw_mmlu:moral_scenarios,0.2379888268,0.2379888268,NVIDIA H100 80GB HBM3
disagreement_aware,43,ep3,14305,rw_mmlu:nutrition,0.2810457516,0.3235294118,NVIDIA H100 80GB HBM3
disagreement_aware,43,ep3,14305,rw_mmlu:philosophy,0.2893890675,0.2443729904,NVIDIA H100 80GB HBM3
disagreement_aware,43,ep3,14305,rw_mmlu:prehistory,0.3734567901,0.3086419753,NVIDIA H100 80GB HBM3
disagreement_aware,43,ep3,14305,rw_mmlu:professional_accounting,0.2517730496,0.2198581560,NVIDIA H100 80GB HBM3
disagreement_aware,43,ep3,14305,rw_mmlu:professional_law,0.2464146023,0.2679269883,NVIDIA H100 80GB HBM3
disagreement_aware,43,ep3,14305,rw_mmlu:professional_medicine,0.2720588235,0.3088235294,NVIDIA H100 80GB HBM3
disagreement_aware,43,ep3,14305,rw_mmlu:professional_psychology,0.3137254902,0.2859477124,NVIDIA H100 80GB HBM3
disagreement_aware,43,ep3,14305,rw_mmlu:public_relations,0.4090909091,0.2909090909,NVIDIA H100 80GB HBM3
disagreement_aware,43,ep3,14305,rw_mmlu:security_studies,0.3142857143,0.2530612245,NVIDIA H100 80GB HBM3
disagreement_aware,43,ep3,14305,rw_mmlu:sociology,0.2885572139,0.3134328358,NVIDIA H100 80GB HBM3
disagreement_aware,43,ep3,14305,rw_mmlu:us_foreign_policy,0.3100000000,0.3100000000,NVIDIA H100 80GB HBM3
disagreement_aware,43,ep3,14305,rw_mmlu:virology,0.2891566265,0.3614457831,NVIDIA H100 80GB HBM3
disagreement_aware,43,ep3,14305,rw_mmlu:world_religions,0.3801169591,0.4678362573,NVIDIA H100 80GB HBM3
disagreement_aware,43,ep3,14305,rw_openbookqa,0.2080000000,0.3340000000,NVIDIA H100 80GB HBM3
disagreement_aware,43,ep3,14305,rw_piqa,0.7018498368,0.7127312296,NVIDIA H100 80GB HBM3
disagreement_aware,43,ep3,14305,rw_siqa,0.3915046059,0.3976458547,NVIDIA H100 80GB HBM3
disagreement_aware,43,ep1,4768,rw_arc:easy,0.5610269360,0.4625420875,NVIDIA H100 80GB HBM3
disagreement_aware,43,ep1,4768,rw_commonsense_qa,0.3030303030,0.2866502867,NVIDIA H100 80GB HBM3
disagreement_aware,43,ep1,4768,rw_hellaswag,0.3339972117,0.3890659231,NVIDIA H100 80GB HBM3
disagreement_aware,43,ep1,4768,rw_mmlu:_average,0.2771340411,0.2831354090,NVIDIA H100 80GB HBM3
disagreement_aware,43,ep1,4768,rw_mmlu:abstract_algebra,0.2100000000,0.2300000000,NVIDIA H100 80GB HBM3
disagreement_aware,43,ep1,4768,rw_mmlu:anatomy,0.3851851852,0.3407407407,NVIDIA H100 80GB HBM3
disagreement_aware,43,ep1,4768,rw_mmlu:astronomy,0.2500000000,0.3486842105,NVIDIA H100 80GB HBM3
disagreement_aware,43,ep1,4768,rw_mmlu:business_ethics,0.5000000000,0.3500000000,NVIDIA H100 80GB HBM3
disagreement_aware,43,ep1,4768,rw_mmlu:clinical_knowledge,0.2226415094,0.3132075472,NVIDIA H100 80GB HBM3
disagreement_aware,43,ep1,4768,rw_mmlu:college_biology,0.3750000000,0.2847222222,NVIDIA H100 80GB HBM3
disagreement_aware,43,ep1,4768,rw_mmlu:college_chemistry,0.3300000000,0.2700000000,NVIDIA H100 80GB HBM3
disagreement_aware,43,ep1,4768,rw_mmlu:college_computer_science,0.2800000000,0.2200000000,NVIDIA H100 80GB HBM3
disagreement_aware,43,ep1,4768,rw_mmlu:college_mathematics,0.1500000000,0.2200000000,NVIDIA H100 80GB HBM3
disagreement_aware,43,ep1,4768,rw_mmlu:college_medicine,0.2774566474,0.2543352601,NVIDIA H100 80GB HBM3
disagreement_aware,43,ep1,4768,rw_mmlu:college_physics,0.2058823529,0.2352941176,NVIDIA H100 80GB HBM3
disagreement_aware,43,ep1,4768,rw_mmlu:computer_security,0.2700000000,0.3200000000,NVIDIA H100 80GB HBM3
disagreement_aware,43,ep1,4768,rw_mmlu:conceptual_physics,0.3531914894,0.2978723404,NVIDIA H100 80GB HBM3
disagreement_aware,43,ep1,4768,rw_mmlu:econometrics,0.2280701754,0.2105263158,NVIDIA H100 80GB HBM3
disagreement_aware,43,ep1,4768,rw_mmlu:electrical_engineering,0.2620689655,0.2965517241,NVIDIA H100 80GB HBM3
disagreement_aware,43,ep1,4768,rw_mmlu:elementary_mathematics,0.2301587302,0.2195767196,NVIDIA H100 80GB HBM3
disagreement_aware,43,ep1,4768,rw_mmlu:formal_logic,0.3174603175,0.3095238095,NVIDIA H100 80GB HBM3
disagreement_aware,43,ep1,4768,rw_mmlu:global_facts,0.2100000000,0.2200000000,NVIDIA H100 80GB HBM3
disagreement_aware,43,ep1,4768,rw_mmlu:high_school_biology,0.2677419355,0.3516129032,NVIDIA H100 80GB HBM3
disagreement_aware,43,ep1,4768,rw_mmlu:high_school_chemistry,0.1773399015,0.2266009852,NVIDIA H100 80GB HBM3
disagreement_aware,43,ep1,4768,rw_mmlu:high_school_computer_science,0.2200000000,0.2300000000,NVIDIA H100 80GB HBM3
disagreement_aware,43,ep1,4768,rw_mmlu:high_school_european_history,0.2666666667,0.3696969697,NVIDIA H100 80GB HBM3
disagreement_aware,43,ep1,4768,rw_mmlu:high_school_geography,0.3484848485,0.3888888889,NVIDIA H100 80GB HBM3
disagreement_aware,43,ep1,4768,rw_mmlu:high_school_government_and_politics,0.3005181347,0.3523316062,NVIDIA H100 80GB HBM3
disagreement_aware,43,ep1,4768,rw_mmlu:high_school_macroeconomics,0.2487179487,0.2974358974,NVIDIA H100 80GB HBM3
disagreement_aware,43,ep1,4768,rw_mmlu:high_school_mathematics,0.1444444444,0.1296296296,NVIDIA H100 80GB HBM3
disagreement_aware,43,ep1,4768,rw_mmlu:high_school_microeconomics,0.2857142857,0.3193277311,NVIDIA H100 80GB HBM3
disagreement_aware,43,ep1,4768,rw_mmlu:high_school_physics,0.2384105960,0.2384105960,NVIDIA H100 80GB HBM3
disagreement_aware,43,ep1,4768,rw_mmlu:high_school_psychology,0.3706422018,0.3137614679,NVIDIA H100 80GB HBM3
disagreement_aware,43,ep1,4768,rw_mmlu:high_school_statistics,0.2638888889,0.2777777778,NVIDIA H100 80GB HBM3
disagreement_aware,43,ep1,4768,rw_mmlu:high_school_us_history,0.2794117647,0.3382352941,NVIDIA H100 80GB HBM3
disagreement_aware,43,ep1,4768,rw_mmlu:high_school_world_history,0.2742616034,0.3122362869,NVIDIA H100 80GB HBM3
disagreement_aware,43,ep1,4768,rw_mmlu:human_aging,0.3721973094,0.3094170404,NVIDIA H100 80GB HBM3
disagreement_aware,43,ep1,4768,rw_mmlu:human_sexuality,0.3435114504,0.3129770992,NVIDIA H100 80GB HBM3
disagreement_aware,43,ep1,4768,rw_mmlu:international_law,0.1652892562,0.2479338843,NVIDIA H100 80GB HBM3
disagreement_aware,43,ep1,4768,rw_mmlu:jurisprudence,0.1944444444,0.2592592593,NVIDIA H100 80GB HBM3
disagreement_aware,43,ep1,4768,rw_mmlu:logical_fallacies,0.2699386503,0.2883435583,NVIDIA H100 80GB HBM3
disagreement_aware,43,ep1,4768,rw_mmlu:machine_learning,0.2678571429,0.2589285714,NVIDIA H100 80GB HBM3
disagreement_aware,43,ep1,4768,rw_mmlu:management,0.2621359223,0.3883495146,NVIDIA H100 80GB HBM3
disagreement_aware,43,ep1,4768,rw_mmlu:marketing,0.4145299145,0.3803418803,NVIDIA H100 80GB HBM3
disagreement_aware,43,ep1,4768,rw_mmlu:medical_genetics,0.2500000000,0.2900000000,NVIDIA H100 80GB HBM3
disagreement_aware,43,ep1,4768,rw_mmlu:miscellaneous,0.3997445722,0.3422733078,NVIDIA H100 80GB HBM3
disagreement_aware,43,ep1,4768,rw_mmlu:moral_disputes,0.2543352601,0.2427745665,NVIDIA H100 80GB HBM3
disagreement_aware,43,ep1,4768,rw_mmlu:moral_scenarios,0.2379888268,0.2379888268,NVIDIA H100 80GB HBM3
disagreement_aware,43,ep1,4768,rw_mmlu:nutrition,0.2549019608,0.2941176471,NVIDIA H100 80GB HBM3
disagreement_aware,43,ep1,4768,rw_mmlu:philosophy,0.2379421222,0.1897106109,NVIDIA H100 80GB HBM3
disagreement_aware,43,ep1,4768,rw_mmlu:prehistory,0.3456790123,0.2469135802,NVIDIA H100 80GB HBM3
disagreement_aware,43,ep1,4768,rw_mmlu:professional_accounting,0.2659574468,0.2021276596,NVIDIA H100 80GB HBM3
disagreement_aware,43,ep1,4768,rw_mmlu:professional_law,0.2470664928,0.2542372881,NVIDIA H100 80GB HBM3
disagreement_aware,43,ep1,4768,rw_mmlu:professional_medicine,0.2573529412,0.2941176471,NVIDIA H100 80GB HBM3
disagreement_aware,43,ep1,4768,rw_mmlu:professional_psychology,0.2728758170,0.2761437908,NVIDIA H100 80GB HBM3
disagreement_aware,43,ep1,4768,rw_mmlu:public_relations,0.3545454545,0.2272727273,NVIDIA H100 80GB HBM3
disagreement_aware,43,ep1,4768,rw_mmlu:security_studies,0.3224489796,0.2571428571,NVIDIA H100 80GB HBM3
disagreement_aware,43,ep1,4768,rw_mmlu:sociology,0.2636815920,0.2487562189,NVIDIA H100 80GB HBM3
disagreement_aware,43,ep1,4768,rw_mmlu:us_foreign_policy,0.2600000000,0.2800000000,NVIDIA H100 80GB HBM3
disagreement_aware,43,ep1,4768,rw_mmlu:virology,0.2289156627,0.3132530120,NVIDIA H100 80GB HBM3
disagreement_aware,43,ep1,4768,rw_mmlu:world_religions,0.3099415205,0.4093567251,NVIDIA H100 80GB HBM3
disagreement_aware,43,ep1,4768,rw_openbookqa,0.1880000000,0.3060000000,NVIDIA H100 80GB HBM3
disagreement_aware,43,ep1,4768,rw_piqa,0.6735582155,0.6724700762,NVIDIA H100 80GB HBM3
disagreement_aware,43,ep1,4768,rw_siqa,0.3838280450,0.3950870010,NVIDIA H100 80GB HBM3
disagreement_aware,43,ep2,9537,rw_arc:easy,0.5984848485,0.5008417508,NVIDIA H100 80GB HBM3
disagreement_aware,43,ep2,9537,rw_commonsense_qa,0.3218673219,0.3030303030,NVIDIA H100 80GB HBM3
disagreement_aware,43,ep2,9537,rw_hellaswag,0.3688508265,0.4526986656,NVIDIA H100 80GB HBM3
disagreement_aware,43,ep2,9537,rw_mmlu:_average,0.2917583222,0.3001939250,NVIDIA H100 80GB HBM3
disagreement_aware,43,ep2,9537,rw_mmlu:abstract_algebra,0.2100000000,0.2300000000,NVIDIA H100 80GB HBM3
disagreement_aware,43,ep2,9537,rw_mmlu:anatomy,0.3851851852,0.3703703704,NVIDIA H100 80GB HBM3
disagreement_aware,43,ep2,9537,rw_mmlu:astronomy,0.2894736842,0.3618421053,NVIDIA H100 80GB HBM3
disagreement_aware,43,ep2,9537,rw_mmlu:business_ethics,0.5100000000,0.3900000000,NVIDIA H100 80GB HBM3
disagreement_aware,43,ep2,9537,rw_mmlu:clinical_knowledge,0.2716981132,0.3735849057,NVIDIA H100 80GB HBM3
disagreement_aware,43,ep2,9537,rw_mmlu:college_biology,0.3680555556,0.3611111111,NVIDIA H100 80GB HBM3
disagreement_aware,43,ep2,9537,rw_mmlu:college_chemistry,0.3100000000,0.2800000000,NVIDIA H100 80GB HBM3
disagreement_aware,43,ep2,9537,rw_mmlu:college_computer_science,0.2200000000,0.2300000000,NVIDIA H100 80GB HBM3
disagreement_aware,43,ep2,9537,rw_mmlu:college_mathematics,0.1200000000,0.2300000000,NVIDIA H100 80GB HBM3
disagreement_aware,43,ep2,9537,rw_mmlu:college_medicine,0.2601156069,0.2601156069,NVIDIA H100 80GB HBM3
disagreement_aware,43,ep2,9537,rw_mmlu:college_physics,0.2254901961,0.2352941176,NVIDIA H100 80GB HBM3
disagreement_aware,43,ep2,9537,rw_mmlu:computer_security,0.3100000000,0.3300000000,NVIDIA H100 80GB HBM3
disagreement_aware,43,ep2,9537,rw_mmlu:conceptual_physics,0.3829787234,0.2978723404,NVIDIA H100 80GB HBM3
disagreement_aware,43,ep2,9537,rw_mmlu:econometrics,0.2105263158,0.2192982456,NVIDIA H100 80GB HBM3
disagreement_aware,43,ep2,9537,rw_mmlu:electrical_engineering,0.2689655172,0.3379310345,NVIDIA H100 80GB HBM3
disagreement_aware,43,ep2,9537,rw_mmlu:elementary_mathematics,0.2619047619,0.2592592593,NVIDIA H100 80GB HBM3
disagreement_aware,43,ep2,9537,rw_mmlu:formal_logic,0.3095238095,0.3253968254,NVIDIA H100 80GB HBM3
disagreement_aware,43,ep2,9537,rw_mmlu:global_facts,0.2100000000,0.2100000000,NVIDIA H100 80GB HBM3
disagreement_aware,43,ep2,9537,rw_mmlu:high_school_biology,0.2903225806,0.3483870968,NVIDIA H100 80GB HBM3
disagreement_aware,43,ep2,9537,rw_mmlu:high_school_chemistry,0.1724137931,0.2167487685,NVIDIA H100 80GB HBM3
disagreement_aware,43,ep2,9537,rw_mmlu:high_school_computer_science,0.2400000000,0.2600000000,NVIDIA H100 80GB HBM3
disagreement_aware,43,ep2,9537,rw_mmlu:high_school_european_history,0.2787878788,0.3575757576,NVIDIA H100 80GB HBM3
disagreement_aware,43,ep2,9537,rw_mmlu:high_school_geography,0.3484848485,0.3888888889,NVIDIA H100 80GB HBM3
disagreement_aware,43,ep2,9537,rw_mmlu:high_school_government_and_politics,0.3626943005,0.3782383420,NVIDIA H100 80GB HBM3
disagreement_aware,43,ep2,9537,rw_mmlu:high_school_macroeconomics,0.2615384615,0.3358974359,NVIDIA H100 80GB HBM3
disagreement_aware,43,ep2,9537,rw_mmlu:high_school_mathematics,0.1185185185,0.1185185185,NVIDIA H100 80GB HBM3
disagreement_aware,43,ep2,9537,rw_mmlu:high_school_microeconomics,0.2815126050,0.3151260504,NVIDIA H100 80GB HBM3
disagreement_aware,43,ep2,9537,rw_mmlu:high_school_physics,0.2649006623,0.2317880795,NVIDIA H100 80GB HBM3
disagreement_aware,43,ep2,9537,rw_mmlu:high_school_psychology,0.4091743119,0.3614678899,NVIDIA H100 80GB HBM3
disagreement_aware,43,ep2,9537,rw_mmlu:high_school_statistics,0.2546296296,0.2592592593,NVIDIA H100 80GB HBM3
disagreement_aware,43,ep2,9537,rw_mmlu:high_school_us_history,0.3235294118,0.3774509804,NVIDIA H100 80GB HBM3
disagreement_aware,43,ep2,9537,rw_mmlu:high_school_world_history,0.2995780591,0.3248945148,NVIDIA H100 80GB HBM3
disagreement_aware,43,ep2,9537,rw_mmlu:human_aging,0.3766816143,0.3497757848,NVIDIA H100 80GB HBM3
disagreement_aware,43,ep2,9537,rw_mmlu:human_sexuality,0.3511450382,0.3282442748,NVIDIA H100 80GB HBM3
disagreement_aware,43,ep2,9537,rw_mmlu:international_law,0.1735537190,0.2561983471,NVIDIA H100 80GB HBM3
disagreement_aware,43,ep2,9537,rw_mmlu:jurisprudence,0.1944444444,0.2777777778,NVIDIA H100 80GB HBM3
disagreement_aware,43,ep2,9537,rw_mmlu:logical_fallacies,0.2944785276,0.3006134969,NVIDIA H100 80GB HBM3
disagreement_aware,43,ep2,9537,rw_mmlu:machine_learning,0.2500000000,0.1964285714,NVIDIA H100 80GB HBM3
disagreement_aware,43,ep2,9537,rw_mmlu:management,0.3203883495,0.4174757282,NVIDIA H100 80GB HBM3
disagreement_aware,43,ep2,9537,rw_mmlu:marketing,0.4358974359,0.4273504274,NVIDIA H100 80GB HBM3
disagreement_aware,43,ep2,9537,rw_mmlu:medical_genetics,0.3200000000,0.3200000000,NVIDIA H100 80GB HBM3
disagreement_aware,43,ep2,9537,rw_mmlu:miscellaneous,0.4189016603,0.3844189017,NVIDIA H100 80GB HBM3
disagreement_aware,43,ep2,9537,rw_mmlu:moral_disputes,0.2601156069,0.2543352601,NVIDIA H100 80GB HBM3
disagreement_aware,43,ep2,9537,rw_mmlu:moral_scenarios,0.2379888268,0.2379888268,NVIDIA H100 80GB HBM3
disagreement_aware,43,ep2,9537,rw_mmlu:nutrition,0.2745098039,0.3137254902,NVIDIA H100 80GB HBM3
disagreement_aware,43,ep2,9537,rw_mmlu:philosophy,0.2926045016,0.2411575563,NVIDIA H100 80GB HBM3
disagreement_aware,43,ep2,9537,rw_mmlu:prehistory,0.3672839506,0.2808641975,NVIDIA H100 80GB HBM3
disagreement_aware,43,ep2,9537,rw_mmlu:professional_accounting,0.2588652482,0.2163120567,NVIDIA H100 80GB HBM3
disagreement_aware,43,ep2,9537,rw_mmlu:professional_law,0.2464146023,0.2659713168,NVIDIA H100 80GB HBM3
disagreement_aware,43,ep2,9537,rw_mmlu:professional_medicine,0.2683823529,0.3235294118,NVIDIA H100 80GB HBM3
disagreement_aware,43,ep2,9537,rw_mmlu:professional_psychology,0.2973856209,0.2908496732,NVIDIA H100 80GB HBM3
disagreement_aware,43,ep2,9537,rw_mmlu:public_relations,0.4090909091,0.2818181818,NVIDIA H100 80GB HBM3
disagreement_aware,43,ep2,9537,rw_mmlu:security_studies,0.3142857143,0.2489795918,NVIDIA H100 80GB HBM3
disagreement_aware,43,ep2,9537,rw_mmlu:sociology,0.2587064677,0.2736318408,NVIDIA H100 80GB HBM3
disagreement_aware,43,ep2,9537,rw_mmlu:us_foreign_policy,0.3100000000,0.2600000000,NVIDIA H100 80GB HBM3
disagreement_aware,43,ep2,9537,rw_mmlu:virology,0.2831325301,0.3253012048,NVIDIA H100 80GB HBM3
disagreement_aware,43,ep2,9537,rw_mmlu:world_religions,0.3859649123,0.4619883041,NVIDIA H100 80GB HBM3
disagreement_aware,43,ep2,9537,rw_openbookqa,0.2000000000,0.3240000000,NVIDIA H100 80GB HBM3
disagreement_aware,43,ep2,9537,rw_piqa,0.6964091404,0.6969532100,NVIDIA H100 80GB HBM3
disagreement_aware,43,ep2,9537,rw_siqa,0.3787103378,0.4017400205,NVIDIA H100 80GB HBM3
disagreement_aware,44,ep3,14305,rw_arc:easy,0.6127946128,0.5214646465,NVIDIA H100 80GB HBM3
disagreement_aware,44,ep3,14305,rw_commonsense_qa,0.3423423423,0.3161343161,NVIDIA H100 80GB HBM3
disagreement_aware,44,ep3,14305,rw_hellaswag,0.3820952002,0.4714200358,NVIDIA H100 80GB HBM3
disagreement_aware,44,ep3,14305,rw_mmlu:_average,0.3006168719,0.3089341052,NVIDIA H100 80GB HBM3
disagreement_aware,44,ep3,14305,rw_mmlu:abstract_algebra,0.2000000000,0.2100000000,NVIDIA H100 80GB HBM3
disagreement_aware,44,ep3,14305,rw_mmlu:anatomy,0.4370370370,0.3185185185,NVIDIA H100 80GB HBM3
disagreement_aware,44,ep3,14305,rw_mmlu:astronomy,0.2697368421,0.3486842105,NVIDIA H100 80GB HBM3
disagreement_aware,44,ep3,14305,rw_mmlu:business_ethics,0.5100000000,0.3900000000,NVIDIA H100 80GB HBM3
disagreement_aware,44,ep3,14305,rw_mmlu:clinical_knowledge,0.2905660377,0.3584905660,NVIDIA H100 80GB HBM3
disagreement_aware,44,ep3,14305,rw_mmlu:college_biology,0.3750000000,0.3472222222,NVIDIA H100 80GB HBM3
disagreement_aware,44,ep3,14305,rw_mmlu:college_chemistry,0.2600000000,0.2500000000,NVIDIA H100 80GB HBM3
disagreement_aware,44,ep3,14305,rw_mmlu:college_computer_science,0.3200000000,0.2100000000,NVIDIA H100 80GB HBM3
disagreement_aware,44,ep3,14305,rw_mmlu:college_mathematics,0.1600000000,0.2400000000,NVIDIA H100 80GB HBM3
disagreement_aware,44,ep3,14305,rw_mmlu:college_medicine,0.2947976879,0.2890173410,NVIDIA H100 80GB HBM3
disagreement_aware,44,ep3,14305,rw_mmlu:college_physics,0.2058823529,0.2549019608,NVIDIA H100 80GB HBM3
disagreement_aware,44,ep3,14305,rw_mmlu:computer_security,0.3400000000,0.3900000000,NVIDIA H100 80GB HBM3
disagreement_aware,44,ep3,14305,rw_mmlu:conceptual_physics,0.3787234043,0.3191489362,NVIDIA H100 80GB HBM3
disagreement_aware,44,ep3,14305,rw_mmlu:econometrics,0.2543859649,0.2280701754,NVIDIA H100 80GB HBM3
disagreement_aware,44,ep3,14305,rw_mmlu:electrical_engineering,0.3034482759,0.3379310345,NVIDIA H100 80GB HBM3
disagreement_aware,44,ep3,14305,rw_mmlu:elementary_mathematics,0.2380952381,0.2592592593,NVIDIA H100 80GB HBM3
disagreement_aware,44,ep3,14305,rw_mmlu:formal_logic,0.3253968254,0.3095238095,NVIDIA H100 80GB HBM3
disagreement_aware,44,ep3,14305,rw_mmlu:global_facts,0.2200000000,0.2400000000,NVIDIA H100 80GB HBM3
disagreement_aware,44,ep3,14305,rw_mmlu:high_school_biology,0.3258064516,0.3709677419,NVIDIA H100 80GB HBM3
disagreement_aware,44,ep3,14305,rw_mmlu:high_school_chemistry,0.1822660099,0.2167487685,NVIDIA H100 80GB HBM3
disagreement_aware,44,ep3,14305,rw_mmlu:high_school_computer_science,0.2700000000,0.2200000000,NVIDIA H100 80GB HBM3
disagreement_aware,44,ep3,14305,rw_mmlu:high_school_european_history,0.2969696970,0.3818181818,NVIDIA H100 80GB HBM3
disagreement_aware,44,ep3,14305,rw_mmlu:high_school_geography,0.3585858586,0.3989898990,NVIDIA H100 80GB HBM3
disagreement_aware,44,ep3,14305,rw_mmlu:high_school_government_and_politics,0.3730569948,0.4145077720,NVIDIA H100 80GB HBM3
disagreement_aware,44,ep3,14305,rw_mmlu:high_school_macroeconomics,0.2666666667,0.3230769231,NVIDIA H100 80GB HBM3
disagreement_aware,44,ep3,14305,rw_mmlu:high_school_mathematics,0.1481481481,0.1407407407,NVIDIA H100 80GB HBM3
disagreement_aware,44,ep3,14305,rw_mmlu:high_school_microeconomics,0.3067226891,0.3403361345,NVIDIA H100 80GB HBM3
disagreement_aware,44,ep3,14305,rw_mmlu:high_school_physics,0.2582781457,0.2317880795,NVIDIA H100 80GB HBM3
disagreement_aware,44,ep3,14305,rw_mmlu:high_school_psychology,0.4275229358,0.3981651376,NVIDIA H100 80GB HBM3
disagreement_aware,44,ep3,14305,rw_mmlu:high_school_statistics,0.2777777778,0.2638888889,NVIDIA H100 80GB HBM3
disagreement_aware,44,ep3,14305,rw_mmlu:high_school_us_history,0.2843137255,0.3333333333,NVIDIA H100 80GB HBM3
disagreement_aware,44,ep3,14305,rw_mmlu:high_school_world_history,0.3080168776,0.3459915612,NVIDIA H100 80GB HBM3
disagreement_aware,44,ep3,14305,rw_mmlu:human_aging,0.3811659193,0.3991031390,NVIDIA H100 80GB HBM3
disagreement_aware,44,ep3,14305,rw_mmlu:human_sexuality,0.3664122137,0.3740458015,NVIDIA H100 80GB HBM3
disagreement_aware,44,ep3,14305,rw_mmlu:international_law,0.1983471074,0.2809917355,NVIDIA H100 80GB HBM3
disagreement_aware,44,ep3,14305,rw_mmlu:jurisprudence,0.1759259259,0.2962962963,NVIDIA H100 80GB HBM3
disagreement_aware,44,ep3,14305,rw_mmlu:logical_fallacies,0.2638036810,0.3374233129,NVIDIA H100 80GB HBM3
disagreement_aware,44,ep3,14305,rw_mmlu:machine_learning,0.2142857143,0.2142857143,NVIDIA H100 80GB HBM3
disagreement_aware,44,ep3,14305,rw_mmlu:management,0.3203883495,0.4077669903,NVIDIA H100 80GB HBM3
disagreement_aware,44,ep3,14305,rw_mmlu:marketing,0.4188034188,0.4145299145,NVIDIA H100 80GB HBM3
disagreement_aware,44,ep3,14305,rw_mmlu:medical_genetics,0.3200000000,0.3600000000,NVIDIA H100 80GB HBM3
disagreement_aware,44,ep3,14305,rw_mmlu:miscellaneous,0.4380587484,0.4048531290,NVIDIA H100 80GB HBM3
disagreement_aware,44,ep3,14305,rw_mmlu:moral_disputes,0.2861271676,0.2861271676,NVIDIA H100 80GB HBM3
disagreement_aware,44,ep3,14305,rw_mmlu:moral_scenarios,0.2379888268,0.2379888268,NVIDIA H100 80GB HBM3
disagreement_aware,44,ep3,14305,rw_mmlu:nutrition,0.2679738562,0.3202614379,NVIDIA H100 80GB HBM3
disagreement_aware,44,ep3,14305,rw_mmlu:philosophy,0.2958199357,0.2636655949,NVIDIA H100 80GB HBM3
disagreement_aware,44,ep3,14305,rw_mmlu:prehistory,0.3981481481,0.3209876543,NVIDIA H100 80GB HBM3
disagreement_aware,44,ep3,14305,rw_mmlu:professional_accounting,0.2482269504,0.2340425532,NVIDIA H100 80GB HBM3
disagreement_aware,44,ep3,14305,rw_mmlu:professional_law,0.2477183833,0.2614080834,NVIDIA H100 80GB HBM3
disagreement_aware,44,ep3,14305,rw_mmlu:professional_medicine,0.2904411765,0.3125000000,NVIDIA H100 80GB HBM3
disagreement_aware,44,ep3,14305,rw_mmlu:professional_psychology,0.2990196078,0.2957516340,NVIDIA H100 80GB HBM3
disagreement_aware,44,ep3,14305,rw_mmlu:public_relations,0.4181818182,0.2909090909,NVIDIA H100 80GB HBM3
disagreement_aware,44,ep3,14305,rw_mmlu:security_studies,0.3306122449,0.2693877551,NVIDIA H100 80GB HBM3
disagreement_aware,44,ep3,14305,rw_mmlu:sociology,0.2835820896,0.2985074627,NVIDIA H100 80GB HBM3
disagreement_aware,44,ep3,14305,rw_mmlu:us_foreign_policy,0.3400000000,0.2600000000,NVIDIA H100 80GB HBM3
disagreement_aware,44,ep3,14305,rw_mmlu:virology,0.2409638554,0.3253012048,NVIDIA H100 80GB HBM3
disagreement_aware,44,ep3,14305,rw_mmlu:world_religions,0.3859649123,0.4619883041,NVIDIA H100 80GB HBM3
disagreement_aware,44,ep3,14305,rw_openbookqa,0.2040000000,0.3300000000,NVIDIA H100 80GB HBM3
disagreement_aware,44,ep3,14305,rw_piqa,0.7094668118,0.7110990207,NVIDIA H100 80GB HBM3
disagreement_aware,44,ep3,14305,rw_siqa,0.3848515865,0.3981576254,NVIDIA H100 80GB HBM3
disagreement_aware,44,ep1,4768,rw_arc:easy,0.5585016835,0.4776936027,NVIDIA H100 80GB HBM3
disagreement_aware,44,ep1,4768,rw_commonsense_qa,0.3120393120,0.3054873055,NVIDIA H100 80GB HBM3
disagreement_aware,44,ep1,4768,rw_hellaswag,0.3358892651,0.3900617407,NVIDIA H100 80GB HBM3
disagreement_aware,44,ep1,4768,rw_mmlu:_average,0.2772631553,0.2839866452,NVIDIA H100 80GB HBM3
disagreement_aware,44,ep1,4768,rw_mmlu:abstract_algebra,0.1400000000,0.1800000000,NVIDIA H100 80GB HBM3
disagreement_aware,44,ep1,4768,rw_mmlu:anatomy,0.3481481481,0.2814814815,NVIDIA H100 80GB HBM3
disagreement_aware,44,ep1,4768,rw_mmlu:astronomy,0.2565789474,0.3092105263,NVIDIA H100 80GB HBM3
disagreement_aware,44,ep1,4768,rw_mmlu:business_ethics,0.5300000000,0.3900000000,NVIDIA H100 80GB HBM3
disagreement_aware,44,ep1,4768,rw_mmlu:clinical_knowledge,0.2641509434,0.3283018868,NVIDIA H100 80GB HBM3
disagreement_aware,44,ep1,4768,rw_mmlu:college_biology,0.3055555556,0.2986111111,NVIDIA H100 80GB HBM3
disagreement_aware,44,ep1,4768,rw_mmlu:college_chemistry,0.2700000000,0.2800000000,NVIDIA H100 80GB HBM3
disagreement_aware,44,ep1,4768,rw_mmlu:college_computer_science,0.2700000000,0.2500000000,NVIDIA H100 80GB HBM3
disagreement_aware,44,ep1,4768,rw_mmlu:college_mathematics,0.1600000000,0.2200000000,NVIDIA H100 80GB HBM3
disagreement_aware,44,ep1,4768,rw_mmlu:college_medicine,0.2254335260,0.1965317919,NVIDIA H100 80GB HBM3
disagreement_aware,44,ep1,4768,rw_mmlu:college_physics,0.2254901961,0.2745098039,NVIDIA H100 80GB HBM3
disagreement_aware,44,ep1,4768,rw_mmlu:computer_security,0.2500000000,0.2800000000,NVIDIA H100 80GB HBM3
disagreement_aware,44,ep1,4768,rw_mmlu:conceptual_physics,0.3361702128,0.3021276596,NVIDIA H100 80GB HBM3
disagreement_aware,44,ep1,4768,rw_mmlu:econometrics,0.2017543860,0.2192982456,NVIDIA H100 80GB HBM3
disagreement_aware,44,ep1,4768,rw_mmlu:electrical_engineering,0.2758620690,0.3724137931,NVIDIA H100 80GB HBM3
disagreement_aware,44,ep1,4768,rw_mmlu:elementary_mathematics,0.2354497354,0.2380952381,NVIDIA H100 80GB HBM3
disagreement_aware,44,ep1,4768,rw_mmlu:formal_logic,0.3412698413,0.2857142857,NVIDIA H100 80GB HBM3
disagreement_aware,44,ep1,4768,rw_mmlu:global_facts,0.1700000000,0.1800000000,NVIDIA H100 80GB HBM3
disagreement_aware,44,ep1,4768,rw_mmlu:high_school_biology,0.2838709677,0.3451612903,NVIDIA H100 80GB HBM3
disagreement_aware,44,ep1,4768,rw_mmlu:high_school_chemistry,0.1724137931,0.2216748768,NVIDIA H100 80GB HBM3
disagreement_aware,44,ep1,4768,rw_mmlu:high_school_computer_science,0.2300000000,0.2300000000,NVIDIA H100 80GB HBM3
disagreement_aware,44,ep1,4768,rw_mmlu:high_school_european_history,0.2727272727,0.3696969697,NVIDIA H100 80GB HBM3
disagreement_aware,44,ep1,4768,rw_mmlu:high_school_geography,0.3535353535,0.3888888889,NVIDIA H100 80GB HBM3
disagreement_aware,44,ep1,4768,rw_mmlu:high_school_government_and_politics,0.3005181347,0.3626943005,NVIDIA H100 80GB HBM3
disagreement_aware,44,ep1,4768,rw_mmlu:high_school_macroeconomics,0.2461538462,0.3102564103,NVIDIA H100 80GB HBM3
disagreement_aware,44,ep1,4768,rw_mmlu:high_school_mathematics,0.1481481481,0.1444444444,NVIDIA H100 80GB HBM3
disagreement_aware,44,ep1,4768,rw_mmlu:high_school_microeconomics,0.3025210084,0.3151260504,NVIDIA H100 80GB HBM3
disagreement_aware,44,ep1,4768,rw_mmlu:high_school_physics,0.2582781457,0.2516556291,NVIDIA H100 80GB HBM3
disagreement_aware,44,ep1,4768,rw_mmlu:high_school_psychology,0.3944954128,0.3082568807,NVIDIA H100 80GB HBM3
disagreement_aware,44,ep1,4768,rw_mmlu:high_school_statistics,0.2361111111,0.2453703704,NVIDIA H100 80GB HBM3
disagreement_aware,44,ep1,4768,rw_mmlu:high_school_us_history,0.2794117647,0.3235294118,NVIDIA H100 80GB HBM3
disagreement_aware,44,ep1,4768,rw_mmlu:high_school_world_history,0.2784810127,0.2742616034,NVIDIA H100 80GB HBM3
disagreement_aware,44,ep1,4768,rw_mmlu:human_aging,0.3542600897,0.3273542601,NVIDIA H100 80GB HBM3
disagreement_aware,44,ep1,4768,rw_mmlu:human_sexuality,0.3740458015,0.3664122137,NVIDIA H100 80GB HBM3
disagreement_aware,44,ep1,4768,rw_mmlu:international_law,0.1570247934,0.2479338843,NVIDIA H100 80GB HBM3
disagreement_aware,44,ep1,4768,rw_mmlu:jurisprudence,0.1759259259,0.2314814815,NVIDIA H100 80GB HBM3
disagreement_aware,44,ep1,4768,rw_mmlu:logical_fallacies,0.2576687117,0.2760736196,NVIDIA H100 80GB HBM3
disagreement_aware,44,ep1,4768,rw_mmlu:machine_learning,0.3035714286,0.2410714286,NVIDIA H100 80GB HBM3
disagreement_aware,44,ep1,4768,rw_mmlu:management,0.3106796117,0.4077669903,NVIDIA H100 80GB HBM3
disagreement_aware,44,ep1,4768,rw_mmlu:marketing,0.3931623932,0.3931623932,NVIDIA H100 80GB HBM3
disagreement_aware,44,ep1,4768,rw_mmlu:medical_genetics,0.2600000000,0.2700000000,NVIDIA H100 80GB HBM3
disagreement_aware,44,ep1,4768,rw_mmlu:miscellaneous,0.4035759898,0.3627075351,NVIDIA H100 80GB HBM3
disagreement_aware,44,ep1,4768,rw_mmlu:moral_disputes,0.2312138728,0.2283236994,NVIDIA H100 80GB HBM3
disagreement_aware,44,ep1,4768,rw_mmlu:moral_scenarios,0.2379888268,0.2379888268,NVIDIA H100 80GB HBM3
disagreement_aware,44,ep1,4768,rw_mmlu:nutrition,0.2679738562,0.3071895425,NVIDIA H100 80GB HBM3
disagreement_aware,44,ep1,4768,rw_mmlu:philosophy,0.2700964630,0.2411575563,NVIDIA H100 80GB HBM3
disagreement_aware,44,ep1,4768,rw_mmlu:prehistory,0.3364197531,0.2654320988,NVIDIA H100 80GB HBM3
disagreement_aware,44,ep1,4768,rw_mmlu:professional_accounting,0.2517730496,0.2234042553,NVIDIA H100 80GB HBM3
disagreement_aware,44,ep1,4768,rw_mmlu:professional_law,0.2529335072,0.2640156454,NVIDIA H100 80GB HBM3
disagreement_aware,44,ep1,4768,rw_mmlu:professional_medicine,0.2610294118,0.2904411765,NVIDIA H100 80GB HBM3
disagreement_aware,44,ep1,4768,rw_mmlu:professional_psychology,0.2810457516,0.2565359477,NVIDIA H100 80GB HBM3
disagreement_aware,44,ep1,4768,rw_mmlu:public_relations,0.4272727273,0.2818181818,NVIDIA H100 80GB HBM3
disagreement_aware,44,ep1,4768,rw_mmlu:security_studies,0.3387755102,0.2530612245,NVIDIA H100 80GB HBM3
disagreement_aware,44,ep1,4768,rw_mmlu:sociology,0.2338308458,0.2736318408,NVIDIA H100 80GB HBM3
disagreement_aware,44,ep1,4768,rw_mmlu:us_foreign_policy,0.2800000000,0.2400000000,NVIDIA H100 80GB HBM3
disagreement_aware,44,ep1,4768,rw_mmlu:virology,0.2771084337,0.3253012048,NVIDIA H100 80GB HBM3
disagreement_aware,44,ep1,4768,rw_mmlu:world_religions,0.3040935673,0.3976608187,NVIDIA H100 80GB HBM3
disagreement_aware,44,ep1,4768,rw_openbookqa,0.1680000000,0.3080000000,NVIDIA H100 80GB HBM3
disagreement_aware,44,ep1,4768,rw_piqa,0.6877040261,0.6779107726,NVIDIA H100 80GB HBM3
disagreement_aware,44,ep1,4768,rw_siqa,0.3776867963,0.3863868987,NVIDIA H100 80GB HBM3
disagreement_aware,44,ep2,9537,rw_arc:easy,0.5959595960,0.5084175084,NVIDIA H100 80GB HBM3
disagreement_aware,44,ep2,9537,rw_commonsense_qa,0.3374283374,0.3112203112,NVIDIA H100 80GB HBM3
disagreement_aware,44,ep2,9537,rw_hellaswag,0.3680541725,0.4441346345,NVIDIA H100 80GB HBM3
disagreement_aware,44,ep2,9537,rw_mmlu:_average,0.2904924420,0.3001340226,NVIDIA H100 80GB HBM3
disagreement_aware,44,ep2,9537,rw_mmlu:abstract_algebra,0.1800000000,0.2000000000,NVIDIA H100 80GB HBM3
disagreement_aware,44,ep2,9537,rw_mmlu:anatomy,0.3925925926,0.3629629630,NVIDIA H100 80GB HBM3
disagreement_aware,44,ep2,9537,rw_mmlu:astronomy,0.2763157895,0.3618421053,NVIDIA H100 80GB HBM3
disagreement_aware,44,ep2,9537,rw_mmlu:business_ethics,0.4900000000,0.4100000000,NVIDIA H100 80GB HBM3
disagreement_aware,44,ep2,9537,rw_mmlu:clinical_knowledge,0.2981132075,0.3584905660,NVIDIA H100 80GB HBM3
disagreement_aware,44,ep2,9537,rw_mmlu:college_biology,0.3541666667,0.3333333333,NVIDIA H100 80GB HBM3
disagreement_aware,44,ep2,9537,rw_mmlu:college_chemistry,0.2700000000,0.2600000000,NVIDIA H100 80GB HBM3
disagreement_aware,44,ep2,9537,rw_mmlu:college_computer_science,0.2700000000,0.2400000000,NVIDIA H100 80GB HBM3
disagreement_aware,44,ep2,9537,rw_mmlu:college_mathematics,0.1600000000,0.2200000000,NVIDIA H100 80GB HBM3
disagreement_aware,44,ep2,9537,rw_mmlu:college_medicine,0.2890173410,0.2485549133,NVIDIA H100 80GB HBM3
disagreement_aware,44,ep2,9537,rw_mmlu:college_physics,0.1764705882,0.2058823529,NVIDIA H100 80GB HBM3
disagreement_aware,44,ep2,9537,rw_mmlu:computer_security,0.3000000000,0.3500000000,NVIDIA H100 80GB HBM3
disagreement_aware,44,ep2,9537,rw_mmlu:conceptual_physics,0.3617021277,0.3191489362,NVIDIA H100 80GB HBM3
disagreement_aware,44,ep2,9537,rw_mmlu:econometrics,0.2280701754,0.2280701754,NVIDIA H100 80GB HBM3
disagreement_aware,44,ep2,9537,rw_mmlu:electrical_engineering,0.2965517241,0.3103448276,NVIDIA H100 80GB HBM3
disagreement_aware,44,ep2,9537,rw_mmlu:elementary_mathematics,0.2460317460,0.2486772487,NVIDIA H100 80GB HBM3
disagreement_aware,44,ep2,9537,rw_mmlu:formal_logic,0.3253968254,0.3253968254,NVIDIA H100 80GB HBM3
disagreement_aware,44,ep2,9537,rw_mmlu:global_facts,0.1900000000,0.2100000000,NVIDIA H100 80GB HBM3
disagreement_aware,44,ep2,9537,rw_mmlu:high_school_biology,0.3161290323,0.3645161290,NVIDIA H100 80GB HBM3
disagreement_aware,44,ep2,9537,rw_mmlu:high_school_chemistry,0.1724137931,0.2167487685,NVIDIA H100 80GB HBM3
disagreement_aware,44,ep2,9537,rw_mmlu:high_school_computer_science,0.2600000000,0.2100000000,NVIDIA H100 80GB HBM3
disagreement_aware,44,ep2,9537,rw_mmlu:high_school_european_history,0.2727272727,0.3636363636,NVIDIA H100 80GB HBM3
disagreement_aware,44,ep2,9537,rw_mmlu:high_school_geography,0.3484848485,0.3686868687,NVIDIA H100 80GB HBM3
disagreement_aware,44,ep2,9537,rw_mmlu:high_school_government_and_politics,0.3471502591,0.3937823834,NVIDIA H100 80GB HBM3
disagreement_aware,44,ep2,9537,rw_mmlu:high_school_macroeconomics,0.2692307692,0.3179487179,NVIDIA H100 80GB HBM3
disagreement_aware,44,ep2,9537,rw_mmlu:high_school_mathematics,0.1481481481,0.1444444444,NVIDIA H100 80GB HBM3
disagreement_aware,44,ep2,9537,rw_mmlu:high_school_microeconomics,0.2983193277,0.3319327731,NVIDIA H100 80GB HBM3
disagreement_aware,44,ep2,9537,rw_mmlu:high_school_physics,0.2384105960,0.2185430464,NVIDIA H100 80GB HBM3
disagreement_aware,44,ep2,9537,rw_mmlu:high_school_psychology,0.4238532110,0.3651376147,NVIDIA H100 80GB HBM3
disagreement_aware,44,ep2,9537,rw_mmlu:high_school_statistics,0.2777777778,0.2731481481,NVIDIA H100 80GB HBM3
disagreement_aware,44,ep2,9537,rw_mmlu:high_school_us_history,0.2941176471,0.3480392157,NVIDIA H100 80GB HBM3
disagreement_aware,44,ep2,9537,rw_mmlu:high_school_world_history,0.2953586498,0.3248945148,NVIDIA H100 80GB HBM3
disagreement_aware,44,ep2,9537,rw_mmlu:human_aging,0.3721973094,0.3811659193,NVIDIA H100 80GB HBM3
disagreement_aware,44,ep2,9537,rw_mmlu:human_sexuality,0.3511450382,0.3664122137,NVIDIA H100 80GB HBM3
disagreement_aware,44,ep2,9537,rw_mmlu:international_law,0.1735537190,0.2479338843,NVIDIA H100 80GB HBM3
disagreement_aware,44,ep2,9537,rw_mmlu:jurisprudence,0.1759259259,0.2685185185,NVIDIA H100 80GB HBM3
disagreement_aware,44,ep2,9537,rw_mmlu:logical_fallacies,0.2699386503,0.3251533742,NVIDIA H100 80GB HBM3
disagreement_aware,44,ep2,9537,rw_mmlu:machine_learning,0.1964285714,0.2053571429,NVIDIA H100 80GB HBM3
disagreement_aware,44,ep2,9537,rw_mmlu:management,0.3009708738,0.3883495146,NVIDIA H100 80GB HBM3
disagreement_aware,44,ep2,9537,rw_mmlu:marketing,0.4572649573,0.4316239316,NVIDIA H100 80GB HBM3
disagreement_aware,44,ep2,9537,rw_mmlu:medical_genetics,0.3000000000,0.3300000000,NVIDIA H100 80GB HBM3
disagreement_aware,44,ep2,9537,rw_mmlu:miscellaneous,0.4303959132,0.3997445722,NVIDIA H100 80GB HBM3
disagreement_aware,44,ep2,9537,rw_mmlu:moral_disputes,0.2456647399,0.2485549133,NVIDIA H100 80GB HBM3
disagreement_aware,44,ep2,9537,rw_mmlu:moral_scenarios,0.2379888268,0.2379888268,NVIDIA H100 80GB HBM3
disagreement_aware,44,ep2,9537,rw_mmlu:nutrition,0.2581699346,0.3137254902,NVIDIA H100 80GB HBM3
disagreement_aware,44,ep2,9537,rw_mmlu:philosophy,0.3118971061,0.2508038585,NVIDIA H100 80GB HBM3
disagreement_aware,44,ep2,9537,rw_mmlu:prehistory,0.3580246914,0.2870370370,NVIDIA H100 80GB HBM3
disagreement_aware,44,ep2,9537,rw_mmlu:professional_accounting,0.2517730496,0.2517730496,NVIDIA H100 80GB HBM3
disagreement_aware,44,ep2,9537,rw_mmlu:professional_law,0.2464146023,0.2535853977,NVIDIA H100 80GB HBM3
disagreement_aware,44,ep2,9537,rw_mmlu:professional_medicine,0.2647058824,0.3051470588,NVIDIA H100 80GB HBM3
disagreement_aware,44,ep2,9537,rw_mmlu:professional_psychology,0.2826797386,0.2810457516,NVIDIA H100 80GB HBM3
disagreement_aware,44,ep2,9537,rw_mmlu:public_relations,0.4727272727,0.3090909091,NVIDIA H100 80GB HBM3
disagreement_aware,44,ep2,9537,rw_mmlu:security_studies,0.3183673469,0.2571428571,NVIDIA H100 80GB HBM3
disagreement_aware,44,ep2,9537,rw_mmlu:sociology,0.2537313433,0.2736318408,NVIDIA H100 80GB HBM3
disagreement_aware,44,ep2,9537,rw_mmlu:us_foreign_policy,0.3100000000,0.2600000000,NVIDIA H100 80GB HBM3
disagreement_aware,44,ep2,9537,rw_mmlu:virology,0.2831325301,0.3493975904,NVIDIA H100 80GB HBM3
disagreement_aware,44,ep2,9537,rw_mmlu:world_religions,0.3684210526,0.4502923977,NVIDIA H100 80GB HBM3
disagreement_aware,44,ep2,9537,rw_openbookqa,0.1920000000,0.3300000000,NVIDIA H100 80GB HBM3
disagreement_aware,44,ep2,9537,rw_piqa,0.6942328618,0.6915125136,NVIDIA H100 80GB HBM3
disagreement_aware,44,ep2,9537,rw_siqa,0.3802456499,0.3909928352,NVIDIA H100 80GB HBM3
wrap_inspired,42,ep3,14305,rw_arc:easy,0.6132154882,0.5227272727,NVIDIA H100 80GB HBM3
wrap_inspired,42,ep3,14305,rw_commonsense_qa,0.3611793612,0.3144963145,NVIDIA H100 80GB HBM3
wrap_inspired,42,ep3,14305,rw_hellaswag,0.3866759610,0.4807807210,NVIDIA H100 80GB HBM3
wrap_inspired,42,ep3,14305,rw_mmlu:_average,0.2920489928,0.3014753176,NVIDIA H100 80GB HBM3
wrap_inspired,42,ep3,14305,rw_mmlu:abstract_algebra,0.2500000000,0.2600000000,NVIDIA H100 80GB HBM3
wrap_inspired,42,ep3,14305,rw_mmlu:anatomy,0.3259259259,0.3481481481,NVIDIA H100 80GB HBM3
wrap_inspired,42,ep3,14305,rw_mmlu:astronomy,0.2565789474,0.3355263158,NVIDIA H100 80GB HBM3
wrap_inspired,42,ep3,14305,rw_mmlu:business_ethics,0.4900000000,0.3800000000,NVIDIA H100 80GB HBM3
wrap_inspired,42,ep3,14305,rw_mmlu:clinical_knowledge,0.2528301887,0.3924528302,NVIDIA H100 80GB HBM3
wrap_inspired,42,ep3,14305,rw_mmlu:college_biology,0.3750000000,0.3680555556,NVIDIA H100 80GB HBM3
wrap_inspired,42,ep3,14305,rw_mmlu:college_chemistry,0.2600000000,0.2800000000,NVIDIA H100 80GB HBM3
wrap_inspired,42,ep3,14305,rw_mmlu:college_computer_science,0.2900000000,0.2500000000,NVIDIA H100 80GB HBM3
wrap_inspired,42,ep3,14305,rw_mmlu:college_mathematics,0.1800000000,0.2300000000,NVIDIA H100 80GB HBM3
wrap_inspired,42,ep3,14305,rw_mmlu:college_medicine,0.2947976879,0.2716763006,NVIDIA H100 80GB HBM3
wrap_inspired,42,ep3,14305,rw_mmlu:college_physics,0.2352941176,0.2058823529,NVIDIA H100 80GB HBM3
wrap_inspired,42,ep3,14305,rw_mmlu:computer_security,0.3400000000,0.3600000000,NVIDIA H100 80GB HBM3
wrap_inspired,42,ep3,14305,rw_mmlu:conceptual_physics,0.3914893617,0.2765957447,NVIDIA H100 80GB HBM3
wrap_inspired,42,ep3,14305,rw_mmlu:econometrics,0.2456140351,0.2368421053,NVIDIA H100 80GB HBM3
wrap_inspired,42,ep3,14305,rw_mmlu:electrical_engineering,0.2482758621,0.2827586207,NVIDIA H100 80GB HBM3
wrap_inspired,42,ep3,14305,rw_mmlu:elementary_mathematics,0.2407407407,0.2698412698,NVIDIA H100 80GB HBM3
wrap_inspired,42,ep3,14305,rw_mmlu:formal_logic,0.3492063492,0.3174603175,NVIDIA H100 80GB HBM3
wrap_inspired,42,ep3,14305,rw_mmlu:global_facts,0.2200000000,0.2100000000,NVIDIA H100 80GB HBM3
wrap_inspired,42,ep3,14305,rw_mmlu:high_school_biology,0.2903225806,0.3709677419,NVIDIA H100 80GB HBM3
wrap_inspired,42,ep3,14305,rw_mmlu:high_school_chemistry,0.1871921182,0.2561576355,NVIDIA H100 80GB HBM3
wrap_inspired,42,ep3,14305,rw_mmlu:high_school_computer_science,0.2600000000,0.2500000000,NVIDIA H100 80GB HBM3
wrap_inspired,42,ep3,14305,rw_mmlu:high_school_european_history,0.2909090909,0.3636363636,NVIDIA H100 80GB HBM3
wrap_inspired,42,ep3,14305,rw_mmlu:high_school_geography,0.3131313131,0.3888888889,NVIDIA H100 80GB HBM3
wrap_inspired,42,ep3,14305,rw_mmlu:high_school_government_and_politics,0.3419689119,0.3989637306,NVIDIA H100 80GB HBM3
wrap_inspired,42,ep3,14305,rw_mmlu:high_school_macroeconomics,0.2717948718,0.3333333333,NVIDIA H100 80GB HBM3
wrap_inspired,42,ep3,14305,rw_mmlu:high_school_mathematics,0.1444444444,0.1555555556,NVIDIA H100 80GB HBM3
wrap_inspired,42,ep3,14305,rw_mmlu:high_school_microeconomics,0.2815126050,0.3487394958,NVIDIA H100 80GB HBM3
wrap_inspired,42,ep3,14305,rw_mmlu:high_school_physics,0.2185430464,0.1920529801,NVIDIA H100 80GB HBM3
wrap_inspired,42,ep3,14305,rw_mmlu:high_school_psychology,0.4293577982,0.3798165138,NVIDIA H100 80GB HBM3
wrap_inspired,42,ep3,14305,rw_mmlu:high_school_statistics,0.2500000000,0.2546296296,NVIDIA H100 80GB HBM3
wrap_inspired,42,ep3,14305,rw_mmlu:high_school_us_history,0.2696078431,0.3284313725,NVIDIA H100 80GB HBM3
wrap_inspired,42,ep3,14305,rw_mmlu:high_school_world_history,0.2742616034,0.2742616034,NVIDIA H100 80GB HBM3
wrap_inspired,42,ep3,14305,rw_mmlu:human_aging,0.3273542601,0.3273542601,NVIDIA H100 80GB HBM3
wrap_inspired,42,ep3,14305,rw_mmlu:human_sexuality,0.3893129771,0.3664122137,NVIDIA H100 80GB HBM3
wrap_inspired,42,ep3,14305,rw_mmlu:international_law,0.1652892562,0.2561983471,NVIDIA H100 80GB HBM3
wrap_inspired,42,ep3,14305,rw_mmlu:jurisprudence,0.2222222222,0.3148148148,NVIDIA H100 80GB HBM3
wrap_inspired,42,ep3,14305,rw_mmlu:logical_fallacies,0.2822085890,0.3496932515,NVIDIA H100 80GB HBM3
wrap_inspired,42,ep3,14305,rw_mmlu:machine_learning,0.2232142857,0.1875000000,NVIDIA H100 80GB HBM3
wrap_inspired,42,ep3,14305,rw_mmlu:management,0.3106796117,0.4368932039,NVIDIA H100 80GB HBM3
wrap_inspired,42,ep3,14305,rw_mmlu:marketing,0.4401709402,0.4145299145,NVIDIA H100 80GB HBM3
wrap_inspired,42,ep3,14305,rw_mmlu:medical_genetics,0.3100000000,0.2800000000,NVIDIA H100 80GB HBM3
wrap_inspired,42,ep3,14305,rw_mmlu:miscellaneous,0.4367816092,0.4022988506,NVIDIA H100 80GB HBM3
wrap_inspired,42,ep3,14305,rw_mmlu:moral_disputes,0.2601156069,0.2312138728,NVIDIA H100 80GB HBM3
wrap_inspired,42,ep3,14305,rw_mmlu:moral_scenarios,0.2379888268,0.2379888268,NVIDIA H100 80GB HBM3
wrap_inspired,42,ep3,14305,rw_mmlu:nutrition,0.2581699346,0.3333333333,NVIDIA H100 80GB HBM3
wrap_inspired,42,ep3,14305,rw_mmlu:philosophy,0.2797427653,0.2379421222,NVIDIA H100 80GB HBM3
wrap_inspired,42,ep3,14305,rw_mmlu:prehistory,0.3641975309,0.2777777778,NVIDIA H100 80GB HBM3
wrap_inspired,42,ep3,14305,rw_mmlu:professional_accounting,0.2765957447,0.2340425532,NVIDIA H100 80GB HBM3
wrap_inspired,42,ep3,14305,rw_mmlu:professional_law,0.2385919166,0.2548891786,NVIDIA H100 80GB HBM3
wrap_inspired,42,ep3,14305,rw_mmlu:professional_medicine,0.2683823529,0.2794117647,NVIDIA H100 80GB HBM3
wrap_inspired,42,ep3,14305,rw_mmlu:professional_psychology,0.2875816993,0.2810457516,NVIDIA H100 80GB HBM3
wrap_inspired,42,ep3,14305,rw_mmlu:public_relations,0.4545454545,0.3272727273,NVIDIA H100 80GB HBM3
wrap_inspired,42,ep3,14305,rw_mmlu:security_studies,0.3387755102,0.2693877551,NVIDIA H100 80GB HBM3
wrap_inspired,42,ep3,14305,rw_mmlu:sociology,0.2835820896,0.3184079602,NVIDIA H100 80GB HBM3
wrap_inspired,42,ep3,14305,rw_mmlu:us_foreign_policy,0.3000000000,0.2600000000,NVIDIA H100 80GB HBM3
wrap_inspired,42,ep3,14305,rw_mmlu:virology,0.2891566265,0.3373493976,NVIDIA H100 80GB HBM3
wrap_inspired,42,ep3,14305,rw_mmlu:world_religions,0.3333333333,0.3976608187,NVIDIA H100 80GB HBM3
wrap_inspired,42,ep3,14305,rw_openbookqa,0.1980000000,0.3280000000,NVIDIA H100 80GB HBM3
wrap_inspired,42,ep3,14305,rw_piqa,0.7138193689,0.7143634385,NVIDIA H100 80GB HBM3
wrap_inspired,42,ep3,14305,rw_siqa,0.3986693961,0.4032753327,NVIDIA H100 80GB HBM3
wrap_inspired,42,ep1,4768,rw_arc:easy,0.5231481481,0.4339225589,NVIDIA H100 80GB HBM3
wrap_inspired,42,ep1,4768,rw_commonsense_qa,0.3210483210,0.2948402948,NVIDIA H100 80GB HBM3
wrap_inspired,42,ep1,4768,rw_hellaswag,0.3388767178,0.3979286995,NVIDIA H100 80GB HBM3
wrap_inspired,42,ep1,4768,rw_mmlu:_average,0.2693418179,0.2738639823,NVIDIA H100 80GB HBM3
wrap_inspired,42,ep1,4768,rw_mmlu:abstract_algebra,0.2100000000,0.2200000000,NVIDIA H100 80GB HBM3
wrap_inspired,42,ep1,4768,rw_mmlu:anatomy,0.3407407407,0.3037037037,NVIDIA H100 80GB HBM3
wrap_inspired,42,ep1,4768,rw_mmlu:astronomy,0.2105263158,0.3026315789,NVIDIA H100 80GB HBM3
wrap_inspired,42,ep1,4768,rw_mmlu:business_ethics,0.4900000000,0.3300000000,NVIDIA H100 80GB HBM3
wrap_inspired,42,ep1,4768,rw_mmlu:clinical_knowledge,0.2377358491,0.3396226415,NVIDIA H100 80GB HBM3
wrap_inspired,42,ep1,4768,rw_mmlu:college_biology,0.3263888889,0.2638888889,NVIDIA H100 80GB HBM3
wrap_inspired,42,ep1,4768,rw_mmlu:college_chemistry,0.3100000000,0.2500000000,NVIDIA H100 80GB HBM3
wrap_inspired,42,ep1,4768,rw_mmlu:college_computer_science,0.3000000000,0.2600000000,NVIDIA H100 80GB HBM3
wrap_inspired,42,ep1,4768,rw_mmlu:college_mathematics,0.1600000000,0.2200000000,NVIDIA H100 80GB HBM3
wrap_inspired,42,ep1,4768,rw_mmlu:college_medicine,0.2254335260,0.2254335260,NVIDIA H100 80GB HBM3
wrap_inspired,42,ep1,4768,rw_mmlu:college_physics,0.2352941176,0.2941176471,NVIDIA H100 80GB HBM3
wrap_inspired,42,ep1,4768,rw_mmlu:computer_security,0.2700000000,0.3100000000,NVIDIA H100 80GB HBM3
wrap_inspired,42,ep1,4768,rw_mmlu:conceptual_physics,0.3489361702,0.2765957447,NVIDIA H100 80GB HBM3
wrap_inspired,42,ep1,4768,rw_mmlu:econometrics,0.2192982456,0.2017543860,NVIDIA H100 80GB HBM3
wrap_inspired,42,ep1,4768,rw_mmlu:electrical_engineering,0.2689655172,0.3034482759,NVIDIA H100 80GB HBM3
wrap_inspired,42,ep1,4768,rw_mmlu:elementary_mathematics,0.2539682540,0.2407407407,NVIDIA H100 80GB HBM3
wrap_inspired,42,ep1,4768,rw_mmlu:formal_logic,0.3412698413,0.3253968254,NVIDIA H100 80GB HBM3
wrap_inspired,42,ep1,4768,rw_mmlu:global_facts,0.2400000000,0.2600000000,NVIDIA H100 80GB HBM3
wrap_inspired,42,ep1,4768,rw_mmlu:high_school_biology,0.2870967742,0.3451612903,NVIDIA H100 80GB HBM3
wrap_inspired,42,ep1,4768,rw_mmlu:high_school_chemistry,0.1773399015,0.2019704433,NVIDIA H100 80GB HBM3
wrap_inspired,42,ep1,4768,rw_mmlu:high_school_computer_science,0.2400000000,0.2400000000,NVIDIA H100 80GB HBM3
wrap_inspired,42,ep1,4768,rw_mmlu:high_school_european_history,0.2484848485,0.3393939394,NVIDIA H100 80GB HBM3
wrap_inspired,42,ep1,4768,rw_mmlu:high_school_geography,0.2828282828,0.3383838384,NVIDIA H100 80GB HBM3
wrap_inspired,42,ep1,4768,rw_mmlu:high_school_government_and_politics,0.3367875648,0.3212435233,NVIDIA H100 80GB HBM3
wrap_inspired,42,ep1,4768,rw_mmlu:high_school_macroeconomics,0.2358974359,0.2692307692,NVIDIA H100 80GB HBM3
wrap_inspired,42,ep1,4768,rw_mmlu:high_school_mathematics,0.1444444444,0.1333333333,NVIDIA H100 80GB HBM3
wrap_inspired,42,ep1,4768,rw_mmlu:high_school_microeconomics,0.2857142857,0.3277310924,NVIDIA H100 80GB HBM3
wrap_inspired,42,ep1,4768,rw_mmlu:high_school_physics,0.2913907285,0.2582781457,NVIDIA H100 80GB HBM3
wrap_inspired,42,ep1,4768,rw_mmlu:high_school_psychology,0.3688073394,0.3247706422,NVIDIA H100 80GB HBM3
wrap_inspired,42,ep1,4768,rw_mmlu:high_school_statistics,0.2685185185,0.2314814815,NVIDIA H100 80GB HBM3
wrap_inspired,42,ep1,4768,rw_mmlu:high_school_us_history,0.2450980392,0.3284313725,NVIDIA H100 80GB HBM3
wrap_inspired,42,ep1,4768,rw_mmlu:high_school_world_history,0.2616033755,0.2700421941,NVIDIA H100 80GB HBM3
wrap_inspired,42,ep1,4768,rw_mmlu:human_aging,0.3228699552,0.3094170404,NVIDIA H100 80GB HBM3
wrap_inspired,42,ep1,4768,rw_mmlu:human_sexuality,0.3435114504,0.3282442748,NVIDIA H100 80GB HBM3
wrap_inspired,42,ep1,4768,rw_mmlu:international_law,0.1735537190,0.2479338843,NVIDIA H100 80GB HBM3
wrap_inspired,42,ep1,4768,rw_mmlu:jurisprudence,0.1944444444,0.2685185185,NVIDIA H100 80GB HBM3
wrap_inspired,42,ep1,4768,rw_mmlu:logical_fallacies,0.2822085890,0.2944785276,NVIDIA H100 80GB HBM3
wrap_inspired,42,ep1,4768,rw_mmlu:machine_learning,0.2410714286,0.1785714286,NVIDIA H100 80GB HBM3
wrap_inspired,42,ep1,4768,rw_mmlu:management,0.2718446602,0.3495145631,NVIDIA H100 80GB HBM3
wrap_inspired,42,ep1,4768,rw_mmlu:marketing,0.3760683761,0.3931623932,NVIDIA H100 80GB HBM3
wrap_inspired,42,ep1,4768,rw_mmlu:medical_genetics,0.2500000000,0.2700000000,NVIDIA H100 80GB HBM3
wrap_inspired,42,ep1,4768,rw_mmlu:miscellaneous,0.3652618135,0.3282247765,NVIDIA H100 80GB HBM3
wrap_inspired,42,ep1,4768,rw_mmlu:moral_disputes,0.2254335260,0.2485549133,NVIDIA H100 80GB HBM3
wrap_inspired,42,ep1,4768,rw_mmlu:moral_scenarios,0.2379888268,0.2379888268,NVIDIA H100 80GB HBM3
wrap_inspired,42,ep1,4768,rw_mmlu:nutrition,0.2287581699,0.2810457516,NVIDIA H100 80GB HBM3
wrap_inspired,42,ep1,4768,rw_mmlu:philosophy,0.2508038585,0.1961414791,NVIDIA H100 80GB HBM3
wrap_inspired,42,ep1,4768,rw_mmlu:prehistory,0.3055555556,0.2314814815,NVIDIA H100 80GB HBM3
wrap_inspired,42,ep1,4768,rw_mmlu:professional_accounting,0.2624113475,0.2092198582,NVIDIA H100 80GB HBM3
wrap_inspired,42,ep1,4768,rw_mmlu:professional_law,0.2418513690,0.2451108214,NVIDIA H100 80GB HBM3
wrap_inspired,42,ep1,4768,rw_mmlu:professional_medicine,0.2169117647,0.3014705882,NVIDIA H100 80GB HBM3
wrap_inspired,42,ep1,4768,rw_mmlu:professional_psychology,0.2598039216,0.2630718954,NVIDIA H100 80GB HBM3
wrap_inspired,42,ep1,4768,rw_mmlu:public_relations,0.3636363636,0.2454545455,NVIDIA H100 80GB HBM3
wrap_inspired,42,ep1,4768,rw_mmlu:security_studies,0.3142857143,0.2448979592,NVIDIA H100 80GB HBM3
wrap_inspired,42,ep1,4768,rw_mmlu:sociology,0.2388059701,0.2537313433,NVIDIA H100 80GB HBM3
wrap_inspired,42,ep1,4768,rw_mmlu:us_foreign_policy,0.2600000000,0.2400000000,NVIDIA H100 80GB HBM3
wrap_inspired,42,ep1,4768,rw_mmlu:virology,0.2289156627,0.2831325301,NVIDIA H100 80GB HBM3
wrap_inspired,42,ep1,4768,rw_mmlu:world_religions,0.2339181287,0.3040935673,NVIDIA H100 80GB HBM3
wrap_inspired,42,ep1,4768,rw_openbookqa,0.1560000000,0.3060000000,NVIDIA H100 80GB HBM3
wrap_inspired,42,ep1,4768,rw_piqa,0.6887921654,0.6779107726,NVIDIA H100 80GB HBM3
wrap_inspired,42,ep1,4768,rw_siqa,0.3843398158,0.3955987718,NVIDIA H100 80GB HBM3
wrap_inspired,42,ep2,9537,rw_arc:easy,0.5728114478,0.4823232323,NVIDIA H100 80GB HBM3
wrap_inspired,42,ep2,9537,rw_commonsense_qa,0.3423423423,0.3104013104,NVIDIA H100 80GB HBM3
wrap_inspired,42,ep2,9537,rw_hellaswag,0.3711412069,0.4509061940,NVIDIA H100 80GB HBM3
wrap_inspired,42,ep2,9537,rw_mmlu:_average,0.2863917117,0.2913454659,NVIDIA H100 80GB HBM3
wrap_inspired,42,ep2,9537,rw_mmlu:abstract_algebra,0.2400000000,0.2600000000,NVIDIA H100 80GB HBM3
wrap_inspired,42,ep2,9537,rw_mmlu:anatomy,0.3481481481,0.3259259259,NVIDIA H100 80GB HBM3
wrap_inspired,42,ep2,9537,rw_mmlu:astronomy,0.2697368421,0.3552631579,NVIDIA H100 80GB HBM3
wrap_inspired,42,ep2,9537,rw_mmlu:business_ethics,0.4900000000,0.3600000000,NVIDIA H100 80GB HBM3
wrap_inspired,42,ep2,9537,rw_mmlu:clinical_knowledge,0.2603773585,0.3660377358,NVIDIA H100 80GB HBM3
wrap_inspired,42,ep2,9537,rw_mmlu:college_biology,0.3819444444,0.3333333333,NVIDIA H100 80GB HBM3
wrap_inspired,42,ep2,9537,rw_mmlu:college_chemistry,0.2900000000,0.2900000000,NVIDIA H100 80GB HBM3
wrap_inspired,42,ep2,9537,rw_mmlu:college_computer_science,0.3200000000,0.2600000000,NVIDIA H100 80GB HBM3
wrap_inspired,42,ep2,9537,rw_mmlu:college_mathematics,0.1800000000,0.2100000000,NVIDIA H100 80GB HBM3
wrap_inspired,42,ep2,9537,rw_mmlu:college_medicine,0.2832369942,0.2427745665,NVIDIA H100 80GB HBM3
wrap_inspired,42,ep2,9537,rw_mmlu:college_physics,0.2352941176,0.2156862745,NVIDIA H100 80GB HBM3
wrap_inspired,42,ep2,9537,rw_mmlu:computer_security,0.3700000000,0.3600000000,NVIDIA H100 80GB HBM3
wrap_inspired,42,ep2,9537,rw_mmlu:conceptual_physics,0.3659574468,0.2468085106,NVIDIA H100 80GB HBM3
wrap_inspired,42,ep2,9537,rw_mmlu:econometrics,0.2192982456,0.2192982456,NVIDIA H100 80GB HBM3
wrap_inspired,42,ep2,9537,rw_mmlu:electrical_engineering,0.2482758621,0.3034482759,NVIDIA H100 80GB HBM3
wrap_inspired,42,ep2,9537,rw_mmlu:elementary_mathematics,0.2328042328,0.2513227513,NVIDIA H100 80GB HBM3
wrap_inspired,42,ep2,9537,rw_mmlu:formal_logic,0.3095238095,0.3333333333,NVIDIA H100 80GB HBM3
wrap_inspired,42,ep2,9537,rw_mmlu:global_facts,0.2400000000,0.2400000000,NVIDIA H100 80GB HBM3
wrap_inspired,42,ep2,9537,rw_mmlu:high_school_biology,0.2774193548,0.3516129032,NVIDIA H100 80GB HBM3
wrap_inspired,42,ep2,9537,rw_mmlu:high_school_chemistry,0.1822660099,0.2266009852,NVIDIA H100 80GB HBM3
wrap_inspired,42,ep2,9537,rw_mmlu:high_school_computer_science,0.2400000000,0.2200000000,NVIDIA H100 80GB HBM3
wrap_inspired,42,ep2,9537,rw_mmlu:high_school_european_history,0.2787878788,0.3454545455,NVIDIA H100 80GB HBM3
wrap_inspired,42,ep2,9537,rw_mmlu:high_school_geography,0.2979797980,0.3636363636,NVIDIA H100 80GB HBM3
wrap_inspired,42,ep2,9537,rw_mmlu:high_school_government_and_politics,0.3523316062,0.3471502591,NVIDIA H100 80GB HBM3
wrap_inspired,42,ep2,9537,rw_mmlu:high_school_macroeconomics,0.2333333333,0.2974358974,NVIDIA H100 80GB HBM3
wrap_inspired,42,ep2,9537,rw_mmlu:high_school_mathematics,0.1259259259,0.1333333333,NVIDIA H100 80GB HBM3
wrap_inspired,42,ep2,9537,rw_mmlu:high_school_microeconomics,0.2731092437,0.3277310924,NVIDIA H100 80GB HBM3
wrap_inspired,42,ep2,9537,rw_mmlu:high_school_physics,0.2516556291,0.2052980132,NVIDIA H100 80GB HBM3
wrap_inspired,42,ep2,9537,rw_mmlu:high_school_psychology,0.4000000000,0.3522935780,NVIDIA H100 80GB HBM3
wrap_inspired,42,ep2,9537,rw_mmlu:high_school_statistics,0.2870370370,0.2453703704,NVIDIA H100 80GB HBM3
wrap_inspired,42,ep2,9537,rw_mmlu:high_school_us_history,0.2549019608,0.3480392157,NVIDIA H100 80GB HBM3
wrap_inspired,42,ep2,9537,rw_mmlu:high_school_world_history,0.2784810127,0.2784810127,NVIDIA H100 80GB HBM3
wrap_inspired,42,ep2,9537,rw_mmlu:human_aging,0.3497757848,0.3452914798,NVIDIA H100 80GB HBM3
wrap_inspired,42,ep2,9537,rw_mmlu:human_sexuality,0.3511450382,0.3664122137,NVIDIA H100 80GB HBM3
wrap_inspired,42,ep2,9537,rw_mmlu:international_law,0.1570247934,0.2396694215,NVIDIA H100 80GB HBM3
wrap_inspired,42,ep2,9537,rw_mmlu:jurisprudence,0.1944444444,0.2870370370,NVIDIA H100 80GB HBM3
wrap_inspired,42,ep2,9537,rw_mmlu:logical_fallacies,0.2760736196,0.3006134969,NVIDIA H100 80GB HBM3
wrap_inspired,42,ep2,9537,rw_mmlu:machine_learning,0.2232142857,0.1875000000,NVIDIA H100 80GB HBM3
wrap_inspired,42,ep2,9537,rw_mmlu:management,0.2912621359,0.4271844660,NVIDIA H100 80GB HBM3
wrap_inspired,42,ep2,9537,rw_mmlu:marketing,0.4529914530,0.4230769231,NVIDIA H100 80GB HBM3
wrap_inspired,42,ep2,9537,rw_mmlu:medical_genetics,0.2800000000,0.2700000000,NVIDIA H100 80GB HBM3
wrap_inspired,42,ep2,9537,rw_mmlu:miscellaneous,0.4150702427,0.3856960409,NVIDIA H100 80GB HBM3
wrap_inspired,42,ep2,9537,rw_mmlu:moral_disputes,0.2572254335,0.2369942197,NVIDIA H100 80GB HBM3
wrap_inspired,42,ep2,9537,rw_mmlu:moral_scenarios,0.2379888268,0.2379888268,NVIDIA H100 80GB HBM3
wrap_inspired,42,ep2,9537,rw_mmlu:nutrition,0.2581699346,0.3267973856,NVIDIA H100 80GB HBM3
wrap_inspired,42,ep2,9537,rw_mmlu:philosophy,0.2861736334,0.2250803859,NVIDIA H100 80GB HBM3
wrap_inspired,42,ep2,9537,rw_mmlu:prehistory,0.3518518519,0.2623456790,NVIDIA H100 80GB HBM3
wrap_inspired,42,ep2,9537,rw_mmlu:professional_accounting,0.2482269504,0.2234042553,NVIDIA H100 80GB HBM3
wrap_inspired,42,ep2,9537,rw_mmlu:professional_law,0.2438070404,0.2601043025,NVIDIA H100 80GB HBM3
wrap_inspired,42,ep2,9537,rw_mmlu:professional_medicine,0.2720588235,0.2977941176,NVIDIA H100 80GB HBM3
wrap_inspired,42,ep2,9537,rw_mmlu:professional_psychology,0.2794117647,0.2875816993,NVIDIA H100 80GB HBM3
wrap_inspired,42,ep2,9537,rw_mmlu:public_relations,0.4000000000,0.2909090909,NVIDIA H100 80GB HBM3
wrap_inspired,42,ep2,9537,rw_mmlu:security_studies,0.3265306122,0.2571428571,NVIDIA H100 80GB HBM3
wrap_inspired,42,ep2,9537,rw_mmlu:sociology,0.2487562189,0.2935323383,NVIDIA H100 80GB HBM3
wrap_inspired,42,ep2,9537,rw_mmlu:us_foreign_policy,0.3000000000,0.2600000000,NVIDIA H100 80GB HBM3
wrap_inspired,42,ep2,9537,rw_mmlu:virology,0.3012048193,0.3012048193,NVIDIA H100 80GB HBM3
wrap_inspired,42,ep2,9537,rw_mmlu:world_religions,0.3040935673,0.3976608187,NVIDIA H100 80GB HBM3
wrap_inspired,42,ep2,9537,rw_openbookqa,0.1760000000,0.3080000000,NVIDIA H100 80GB HBM3
wrap_inspired,42,ep2,9537,rw_piqa,0.7078346028,0.7067464635,NVIDIA H100 80GB HBM3
wrap_inspired,42,ep2,9537,rw_siqa,0.3884339816,0.4037871034,NVIDIA H100 80GB HBM3
wrap_inspired,43,ep3,14305,rw_arc:easy,0.5845959596,0.5016835017,NVIDIA H100 80GB HBM3
wrap_inspired,43,ep3,14305,rw_commonsense_qa,0.3619983620,0.3177723178,NVIDIA H100 80GB HBM3
wrap_inspired,43,ep3,14305,rw_hellaswag,0.3903604860,0.4847639912,NVIDIA H100 80GB HBM3
wrap_inspired,43,ep3,14305,rw_mmlu:_average,0.2824091368,0.2939622936,NVIDIA H100 80GB HBM3
wrap_inspired,43,ep3,14305,rw_mmlu:abstract_algebra,0.1400000000,0.1600000000,NVIDIA H100 80GB HBM3
wrap_inspired,43,ep3,14305,rw_mmlu:anatomy,0.3703703704,0.3629629630,NVIDIA H100 80GB HBM3
wrap_inspired,43,ep3,14305,rw_mmlu:astronomy,0.3026315789,0.3750000000,NVIDIA H100 80GB HBM3
wrap_inspired,43,ep3,14305,rw_mmlu:business_ethics,0.4700000000,0.3600000000,NVIDIA H100 80GB HBM3
wrap_inspired,43,ep3,14305,rw_mmlu:clinical_knowledge,0.2528301887,0.3283018868,NVIDIA H100 80GB HBM3
wrap_inspired,43,ep3,14305,rw_mmlu:college_biology,0.3263888889,0.2708333333,NVIDIA H100 80GB HBM3
wrap_inspired,43,ep3,14305,rw_mmlu:college_chemistry,0.2300000000,0.2500000000,NVIDIA H100 80GB HBM3
wrap_inspired,43,ep3,14305,rw_mmlu:college_computer_science,0.2900000000,0.2300000000,NVIDIA H100 80GB HBM3
wrap_inspired,43,ep3,14305,rw_mmlu:college_mathematics,0.1200000000,0.1800000000,NVIDIA H100 80GB HBM3
wrap_inspired,43,ep3,14305,rw_mmlu:college_medicine,0.2601156069,0.1618497110,NVIDIA H100 80GB HBM3
wrap_inspired,43,ep3,14305,rw_mmlu:college_physics,0.2058823529,0.2450980392,NVIDIA H100 80GB HBM3
wrap_inspired,43,ep3,14305,rw_mmlu:computer_security,0.3200000000,0.3600000000,NVIDIA H100 80GB HBM3
wrap_inspired,43,ep3,14305,rw_mmlu:conceptual_physics,0.3787234043,0.2680851064,NVIDIA H100 80GB HBM3
wrap_inspired,43,ep3,14305,rw_mmlu:econometrics,0.2192982456,0.2105263158,NVIDIA H100 80GB HBM3
wrap_inspired,43,ep3,14305,rw_mmlu:electrical_engineering,0.2896551724,0.3448275862,NVIDIA H100 80GB HBM3
wrap_inspired,43,ep3,14305,rw_mmlu:elementary_mathematics,0.2354497354,0.2433862434,NVIDIA H100 80GB HBM3
wrap_inspired,43,ep3,14305,rw_mmlu:formal_logic,0.3015873016,0.3253968254,NVIDIA H100 80GB HBM3
wrap_inspired,43,ep3,14305,rw_mmlu:global_facts,0.1900000000,0.2200000000,NVIDIA H100 80GB HBM3
wrap_inspired,43,ep3,14305,rw_mmlu:high_school_biology,0.2967741935,0.3580645161,NVIDIA H100 80GB HBM3
wrap_inspired,43,ep3,14305,rw_mmlu:high_school_chemistry,0.1921182266,0.2118226601,NVIDIA H100 80GB HBM3
wrap_inspired,43,ep3,14305,rw_mmlu:high_school_computer_science,0.2800000000,0.2900000000,NVIDIA H100 80GB HBM3
wrap_inspired,43,ep3,14305,rw_mmlu:high_school_european_history,0.2545454545,0.3515151515,NVIDIA H100 80GB HBM3
wrap_inspired,43,ep3,14305,rw_mmlu:high_school_geography,0.3383838384,0.3686868687,NVIDIA H100 80GB HBM3
wrap_inspired,43,ep3,14305,rw_mmlu:high_school_government_and_politics,0.3471502591,0.3989637306,NVIDIA H100 80GB HBM3
wrap_inspired,43,ep3,14305,rw_mmlu:high_school_macroeconomics,0.2538461538,0.3461538462,NVIDIA H100 80GB HBM3
wrap_inspired,43,ep3,14305,rw_mmlu:high_school_mathematics,0.1518518519,0.1296296296,NVIDIA H100 80GB HBM3
wrap_inspired,43,ep3,14305,rw_mmlu:high_school_microeconomics,0.2773109244,0.3403361345,NVIDIA H100 80GB HBM3
wrap_inspired,43,ep3,14305,rw_mmlu:high_school_physics,0.2317880795,0.2052980132,NVIDIA H100 80GB HBM3
wrap_inspired,43,ep3,14305,rw_mmlu:high_school_psychology,0.4000000000,0.3467889908,NVIDIA H100 80GB HBM3
wrap_inspired,43,ep3,14305,rw_mmlu:high_school_statistics,0.2638888889,0.2731481481,NVIDIA H100 80GB HBM3
wrap_inspired,43,ep3,14305,rw_mmlu:high_school_us_history,0.2892156863,0.3333333333,NVIDIA H100 80GB HBM3
wrap_inspired,43,ep3,14305,rw_mmlu:high_school_world_history,0.2742616034,0.3122362869,NVIDIA H100 80GB HBM3
wrap_inspired,43,ep3,14305,rw_mmlu:human_aging,0.3901345291,0.3901345291,NVIDIA H100 80GB HBM3
wrap_inspired,43,ep3,14305,rw_mmlu:human_sexuality,0.3664122137,0.3511450382,NVIDIA H100 80GB HBM3
wrap_inspired,43,ep3,14305,rw_mmlu:international_law,0.1735537190,0.2479338843,NVIDIA H100 80GB HBM3
wrap_inspired,43,ep3,14305,rw_mmlu:jurisprudence,0.2314814815,0.3055555556,NVIDIA H100 80GB HBM3
wrap_inspired,43,ep3,14305,rw_mmlu:logical_fallacies,0.2822085890,0.3067484663,NVIDIA H100 80GB HBM3
wrap_inspired,43,ep3,14305,rw_mmlu:machine_learning,0.2410714286,0.2321428571,NVIDIA H100 80GB HBM3
wrap_inspired,43,ep3,14305,rw_mmlu:management,0.2815533981,0.4174757282,NVIDIA H100 80GB HBM3
wrap_inspired,43,ep3,14305,rw_mmlu:marketing,0.4401709402,0.4273504274,NVIDIA H100 80GB HBM3
wrap_inspired,43,ep3,14305,rw_mmlu:medical_genetics,0.2400000000,0.2900000000,NVIDIA H100 80GB HBM3
wrap_inspired,43,ep3,14305,rw_mmlu:miscellaneous,0.4227330779,0.3780332056,NVIDIA H100 80GB HBM3
wrap_inspired,43,ep3,14305,rw_mmlu:moral_disputes,0.2658959538,0.2601156069,NVIDIA H100 80GB HBM3
wrap_inspired,43,ep3,14305,rw_mmlu:moral_scenarios,0.2379888268,0.2379888268,NVIDIA H100 80GB HBM3
wrap_inspired,43,ep3,14305,rw_mmlu:nutrition,0.2516339869,0.3137254902,NVIDIA H100 80GB HBM3
wrap_inspired,43,ep3,14305,rw_mmlu:philosophy,0.2861736334,0.2379421222,NVIDIA H100 80GB HBM3
wrap_inspired,43,ep3,14305,rw_mmlu:prehistory,0.3364197531,0.2870370370,NVIDIA H100 80GB HBM3
wrap_inspired,43,ep3,14305,rw_mmlu:professional_accounting,0.2624113475,0.2375886525,NVIDIA H100 80GB HBM3
wrap_inspired,43,ep3,14305,rw_mmlu:professional_law,0.2385919166,0.2548891786,NVIDIA H100 80GB HBM3
wrap_inspired,43,ep3,14305,rw_mmlu:professional_medicine,0.2683823529,0.2830882353,NVIDIA H100 80GB HBM3
wrap_inspired,43,ep3,14305,rw_mmlu:professional_psychology,0.2957516340,0.2908496732,NVIDIA H100 80GB HBM3
wrap_inspired,43,ep3,14305,rw_mmlu:public_relations,0.3909090909,0.3181818182,NVIDIA H100 80GB HBM3
wrap_inspired,43,ep3,14305,rw_mmlu:security_studies,0.3224489796,0.2693877551,NVIDIA H100 80GB HBM3
wrap_inspired,43,ep3,14305,rw_mmlu:sociology,0.2487562189,0.2636815920,NVIDIA H100 80GB HBM3
wrap_inspired,43,ep3,14305,rw_mmlu:us_foreign_policy,0.2700000000,0.2700000000,NVIDIA H100 80GB HBM3
wrap_inspired,43,ep3,14305,rw_mmlu:virology,0.2710843373,0.3132530120,NVIDIA H100 80GB HBM3
wrap_inspired,43,ep3,14305,rw_mmlu:world_religions,0.3274853801,0.4093567251,NVIDIA H100 80GB HBM3
wrap_inspired,43,ep3,14305,rw_openbookqa,0.1840000000,0.3320000000,NVIDIA H100 80GB HBM3
wrap_inspired,43,ep3,14305,rw_piqa,0.7094668118,0.7138193689,NVIDIA H100 80GB HBM3
wrap_inspired,43,ep3,14305,rw_siqa,0.3899692938,0.3981576254,NVIDIA H100 80GB HBM3
wrap_inspired,43,ep1,4768,rw_arc:easy,0.5349326599,0.4457070707,NVIDIA H100 80GB HBM3
wrap_inspired,43,ep1,4768,rw_commonsense_qa,0.3095823096,0.2915642916,NVIDIA H100 80GB HBM3
wrap_inspired,43,ep1,4768,rw_hellaswag,0.3403704441,0.3975303724,NVIDIA H100 80GB HBM3
wrap_inspired,43,ep1,4768,rw_mmlu:_average,0.2703922200,0.2766148273,NVIDIA H100 80GB HBM3
wrap_inspired,43,ep1,4768,rw_mmlu:abstract_algebra,0.2200000000,0.2500000000,NVIDIA H100 80GB HBM3
wrap_inspired,43,ep1,4768,rw_mmlu:anatomy,0.3111111111,0.3111111111,NVIDIA H100 80GB HBM3
wrap_inspired,43,ep1,4768,rw_mmlu:astronomy,0.2500000000,0.3355263158,NVIDIA H100 80GB HBM3
wrap_inspired,43,ep1,4768,rw_mmlu:business_ethics,0.4700000000,0.3400000000,NVIDIA H100 80GB HBM3
wrap_inspired,43,ep1,4768,rw_mmlu:clinical_knowledge,0.2377358491,0.3471698113,NVIDIA H100 80GB HBM3
wrap_inspired,43,ep1,4768,rw_mmlu:college_biology,0.3055555556,0.2638888889,NVIDIA H100 80GB HBM3
wrap_inspired,43,ep1,4768,rw_mmlu:college_chemistry,0.3300000000,0.2700000000,NVIDIA H100 80GB HBM3
wrap_inspired,43,ep1,4768,rw_mmlu:college_computer_science,0.2700000000,0.2200000000,NVIDIA H100 80GB HBM3
wrap_inspired,43,ep1,4768,rw_mmlu:college_mathematics,0.1600000000,0.2200000000,NVIDIA H100 80GB HBM3
wrap_inspired,43,ep1,4768,rw_mmlu:college_medicine,0.2716763006,0.2254335260,NVIDIA H100 80GB HBM3
wrap_inspired,43,ep1,4768,rw_mmlu:college_physics,0.2549019608,0.2156862745,NVIDIA H100 80GB HBM3
wrap_inspired,43,ep1,4768,rw_mmlu:computer_security,0.2700000000,0.3200000000,NVIDIA H100 80GB HBM3
wrap_inspired,43,ep1,4768,rw_mmlu:conceptual_physics,0.3446808511,0.2808510638,NVIDIA H100 80GB HBM3
wrap_inspired,43,ep1,4768,rw_mmlu:econometrics,0.2105263158,0.1666666667,NVIDIA H100 80GB HBM3
wrap_inspired,43,ep1,4768,rw_mmlu:electrical_engineering,0.2758620690,0.3034482759,NVIDIA H100 80GB HBM3
wrap_inspired,43,ep1,4768,rw_mmlu:elementary_mathematics,0.2328042328,0.2433862434,NVIDIA H100 80GB HBM3
wrap_inspired,43,ep1,4768,rw_mmlu:formal_logic,0.3015873016,0.3015873016,NVIDIA H100 80GB HBM3
wrap_inspired,43,ep1,4768,rw_mmlu:global_facts,0.2600000000,0.2600000000,NVIDIA H100 80GB HBM3
wrap_inspired,43,ep1,4768,rw_mmlu:high_school_biology,0.2774193548,0.3129032258,NVIDIA H100 80GB HBM3
wrap_inspired,43,ep1,4768,rw_mmlu:high_school_chemistry,0.1871921182,0.2167487685,NVIDIA H100 80GB HBM3
wrap_inspired,43,ep1,4768,rw_mmlu:high_school_computer_science,0.2200000000,0.2100000000,NVIDIA H100 80GB HBM3
wrap_inspired,43,ep1,4768,rw_mmlu:high_school_european_history,0.2363636364,0.3030303030,NVIDIA H100 80GB HBM3
wrap_inspired,43,ep1,4768,rw_mmlu:high_school_geography,0.3282828283,0.3737373737,NVIDIA H100 80GB HBM3
wrap_inspired,43,ep1,4768,rw_mmlu:high_school_government_and_politics,0.3264248705,0.3575129534,NVIDIA H100 80GB HBM3
wrap_inspired,43,ep1,4768,rw_mmlu:high_school_macroeconomics,0.2256410256,0.2615384615,NVIDIA H100 80GB HBM3
wrap_inspired,43,ep1,4768,rw_mmlu:high_school_mathematics,0.1407407407,0.1370370370,NVIDIA H100 80GB HBM3
wrap_inspired,43,ep1,4768,rw_mmlu:high_school_microeconomics,0.2689075630,0.3193277311,NVIDIA H100 80GB HBM3
wrap_inspired,43,ep1,4768,rw_mmlu:high_school_physics,0.2715231788,0.2582781457,NVIDIA H100 80GB HBM3
wrap_inspired,43,ep1,4768,rw_mmlu:high_school_psychology,0.3834862385,0.3211009174,NVIDIA H100 80GB HBM3
wrap_inspired,43,ep1,4768,rw_mmlu:high_school_statistics,0.2685185185,0.2638888889,NVIDIA H100 80GB HBM3
wrap_inspired,43,ep1,4768,rw_mmlu:high_school_us_history,0.2500000000,0.3284313725,NVIDIA H100 80GB HBM3
wrap_inspired,43,ep1,4768,rw_mmlu:high_school_world_history,0.2616033755,0.2742616034,NVIDIA H100 80GB HBM3
wrap_inspired,43,ep1,4768,rw_mmlu:human_aging,0.3273542601,0.3497757848,NVIDIA H100 80GB HBM3
wrap_inspired,43,ep1,4768,rw_mmlu:human_sexuality,0.3435114504,0.3206106870,NVIDIA H100 80GB HBM3
wrap_inspired,43,ep1,4768,rw_mmlu:international_law,0.1487603306,0.2314049587,NVIDIA H100 80GB HBM3
wrap_inspired,43,ep1,4768,rw_mmlu:jurisprudence,0.1944444444,0.2314814815,NVIDIA H100 80GB HBM3
wrap_inspired,43,ep1,4768,rw_mmlu:logical_fallacies,0.2515337423,0.3128834356,NVIDIA H100 80GB HBM3
wrap_inspired,43,ep1,4768,rw_mmlu:machine_learning,0.2589285714,0.1964285714,NVIDIA H100 80GB HBM3
wrap_inspired,43,ep1,4768,rw_mmlu:management,0.2621359223,0.3300970874,NVIDIA H100 80GB HBM3
wrap_inspired,43,ep1,4768,rw_mmlu:marketing,0.3846153846,0.4273504274,NVIDIA H100 80GB HBM3
wrap_inspired,43,ep1,4768,rw_mmlu:medical_genetics,0.2400000000,0.2600000000,NVIDIA H100 80GB HBM3
wrap_inspired,43,ep1,4768,rw_mmlu:miscellaneous,0.3537675607,0.3333333333,NVIDIA H100 80GB HBM3
wrap_inspired,43,ep1,4768,rw_mmlu:moral_disputes,0.2427745665,0.2543352601,NVIDIA H100 80GB HBM3
wrap_inspired,43,ep1,4768,rw_mmlu:moral_scenarios,0.2379888268,0.2379888268,NVIDIA H100 80GB HBM3
wrap_inspired,43,ep1,4768,rw_mmlu:nutrition,0.2549019608,0.2908496732,NVIDIA H100 80GB HBM3
wrap_inspired,43,ep1,4768,rw_mmlu:philosophy,0.2572347267,0.2250803859,NVIDIA H100 80GB HBM3
wrap_inspired,43,ep1,4768,rw_mmlu:prehistory,0.2901234568,0.2160493827,NVIDIA H100 80GB HBM3
wrap_inspired,43,ep1,4768,rw_mmlu:professional_accounting,0.2730496454,0.2482269504,NVIDIA H100 80GB HBM3
wrap_inspired,43,ep1,4768,rw_mmlu:professional_law,0.2411994785,0.2588005215,NVIDIA H100 80GB HBM3
wrap_inspired,43,ep1,4768,rw_mmlu:professional_medicine,0.2647058824,0.3235294118,NVIDIA H100 80GB HBM3
wrap_inspired,43,ep1,4768,rw_mmlu:professional_psychology,0.2859477124,0.2647058824,NVIDIA H100 80GB HBM3
wrap_inspired,43,ep1,4768,rw_mmlu:public_relations,0.4000000000,0.2636363636,NVIDIA H100 80GB HBM3
wrap_inspired,43,ep1,4768,rw_mmlu:security_studies,0.3224489796,0.2612244898,NVIDIA H100 80GB HBM3
wrap_inspired,43,ep1,4768,rw_mmlu:sociology,0.2338308458,0.2636815920,NVIDIA H100 80GB HBM3
wrap_inspired,43,ep1,4768,rw_mmlu:us_foreign_policy,0.2400000000,0.2300000000,NVIDIA H100 80GB HBM3
wrap_inspired,43,ep1,4768,rw_mmlu:virology,0.2349397590,0.3072289157,NVIDIA H100 80GB HBM3
wrap_inspired,43,ep1,4768,rw_mmlu:world_religions,0.2456140351,0.3157894737,NVIDIA H100 80GB HBM3
wrap_inspired,43,ep1,4768,rw_openbookqa,0.1640000000,0.2940000000,NVIDIA H100 80GB HBM3
wrap_inspired,43,ep1,4768,rw_piqa,0.6828073993,0.6773667029,NVIDIA H100 80GB HBM3
wrap_inspired,43,ep1,4768,rw_siqa,0.3915046059,0.3971340839,NVIDIA H100 80GB HBM3
wrap_inspired,43,ep2,9537,rw_arc:easy,0.5744949495,0.4920033670,NVIDIA H100 80GB HBM3
wrap_inspired,43,ep2,9537,rw_commonsense_qa,0.3456183456,0.3210483210,NVIDIA H100 80GB HBM3
wrap_inspired,43,ep2,9537,rw_hellaswag,0.3733320056,0.4532961561,NVIDIA H100 80GB HBM3
wrap_inspired,43,ep2,9537,rw_mmlu:_average,0.2771697735,0.2896149603,NVIDIA H100 80GB HBM3
wrap_inspired,43,ep2,9537,rw_mmlu:abstract_algebra,0.1700000000,0.1900000000,NVIDIA H100 80GB HBM3
wrap_inspired,43,ep2,9537,rw_mmlu:anatomy,0.2962962963,0.3333333333,NVIDIA H100 80GB HBM3
wrap_inspired,43,ep2,9537,rw_mmlu:astronomy,0.2828947368,0.3881578947,NVIDIA H100 80GB HBM3
wrap_inspired,43,ep2,9537,rw_mmlu:business_ethics,0.5000000000,0.3500000000,NVIDIA H100 80GB HBM3
wrap_inspired,43,ep2,9537,rw_mmlu:clinical_knowledge,0.2415094340,0.3433962264,NVIDIA H100 80GB HBM3
wrap_inspired,43,ep2,9537,rw_mmlu:college_biology,0.3402777778,0.2638888889,NVIDIA H100 80GB HBM3
wrap_inspired,43,ep2,9537,rw_mmlu:college_chemistry,0.2700000000,0.2800000000,NVIDIA H100 80GB HBM3
wrap_inspired,43,ep2,9537,rw_mmlu:college_computer_science,0.2900000000,0.2200000000,NVIDIA H100 80GB HBM3
wrap_inspired,43,ep2,9537,rw_mmlu:college_mathematics,0.1200000000,0.1800000000,NVIDIA H100 80GB HBM3
wrap_inspired,43,ep2,9537,rw_mmlu:college_medicine,0.2774566474,0.2023121387,NVIDIA H100 80GB HBM3
wrap_inspired,43,ep2,9537,rw_mmlu:college_physics,0.2058823529,0.2549019608,NVIDIA H100 80GB HBM3
wrap_inspired,43,ep2,9537,rw_mmlu:computer_security,0.3000000000,0.3800000000,NVIDIA H100 80GB HBM3
wrap_inspired,43,ep2,9537,rw_mmlu:conceptual_physics,0.3829787234,0.2510638298,NVIDIA H100 80GB HBM3
wrap_inspired,43,ep2,9537,rw_mmlu:econometrics,0.2192982456,0.2192982456,NVIDIA H100 80GB HBM3
wrap_inspired,43,ep2,9537,rw_mmlu:electrical_engineering,0.2689655172,0.3034482759,NVIDIA H100 80GB HBM3
wrap_inspired,43,ep2,9537,rw_mmlu:elementary_mathematics,0.2328042328,0.2539682540,NVIDIA H100 80GB HBM3
wrap_inspired,43,ep2,9537,rw_mmlu:formal_logic,0.3174603175,0.3174603175,NVIDIA H100 80GB HBM3
wrap_inspired,43,ep2,9537,rw_mmlu:global_facts,0.2100000000,0.2200000000,NVIDIA H100 80GB HBM3
wrap_inspired,43,ep2,9537,rw_mmlu:high_school_biology,0.2774193548,0.3258064516,NVIDIA H100 80GB HBM3
wrap_inspired,43,ep2,9537,rw_mmlu:high_school_chemistry,0.1921182266,0.2463054187,NVIDIA H100 80GB HBM3
wrap_inspired,43,ep2,9537,rw_mmlu:high_school_computer_science,0.2600000000,0.2400000000,NVIDIA H100 80GB HBM3
wrap_inspired,43,ep2,9537,rw_mmlu:high_school_european_history,0.2242424242,0.3575757576,NVIDIA H100 80GB HBM3
wrap_inspired,43,ep2,9537,rw_mmlu:high_school_geography,0.3282828283,0.3585858586,NVIDIA H100 80GB HBM3
wrap_inspired,43,ep2,9537,rw_mmlu:high_school_government_and_politics,0.3419689119,0.3678756477,NVIDIA H100 80GB HBM3
wrap_inspired,43,ep2,9537,rw_mmlu:high_school_macroeconomics,0.2307692308,0.2846153846,NVIDIA H100 80GB HBM3
wrap_inspired,43,ep2,9537,rw_mmlu:high_school_mathematics,0.1333333333,0.1481481481,NVIDIA H100 80GB HBM3
wrap_inspired,43,ep2,9537,rw_mmlu:high_school_microeconomics,0.2773109244,0.3193277311,NVIDIA H100 80GB HBM3
wrap_inspired,43,ep2,9537,rw_mmlu:high_school_physics,0.2516556291,0.2185430464,NVIDIA H100 80GB HBM3
wrap_inspired,43,ep2,9537,rw_mmlu:high_school_psychology,0.3889908257,0.3467889908,NVIDIA H100 80GB HBM3
wrap_inspired,43,ep2,9537,rw_mmlu:high_school_statistics,0.2500000000,0.2592592593,NVIDIA H100 80GB HBM3
wrap_inspired,43,ep2,9537,rw_mmlu:high_school_us_history,0.2696078431,0.3480392157,NVIDIA H100 80GB HBM3
wrap_inspired,43,ep2,9537,rw_mmlu:high_school_world_history,0.2700421941,0.3080168776,NVIDIA H100 80GB HBM3
wrap_inspired,43,ep2,9537,rw_mmlu:human_aging,0.3721973094,0.3766816143,NVIDIA H100 80GB HBM3
wrap_inspired,43,ep2,9537,rw_mmlu:human_sexuality,0.3435114504,0.3358778626,NVIDIA H100 80GB HBM3
wrap_inspired,43,ep2,9537,rw_mmlu:international_law,0.1652892562,0.2479338843,NVIDIA H100 80GB HBM3
wrap_inspired,43,ep2,9537,rw_mmlu:jurisprudence,0.2222222222,0.3055555556,NVIDIA H100 80GB HBM3
wrap_inspired,43,ep2,9537,rw_mmlu:logical_fallacies,0.2944785276,0.3067484663,NVIDIA H100 80GB HBM3
wrap_inspired,43,ep2,9537,rw_mmlu:machine_learning,0.2767857143,0.2589285714,NVIDIA H100 80GB HBM3
wrap_inspired,43,ep2,9537,rw_mmlu:management,0.2718446602,0.4368932039,NVIDIA H100 80GB HBM3
wrap_inspired,43,ep2,9537,rw_mmlu:marketing,0.4316239316,0.4316239316,NVIDIA H100 80GB HBM3
wrap_inspired,43,ep2,9537,rw_mmlu:medical_genetics,0.2500000000,0.2400000000,NVIDIA H100 80GB HBM3
wrap_inspired,43,ep2,9537,rw_mmlu:miscellaneous,0.3908045977,0.3614303959,NVIDIA H100 80GB HBM3
wrap_inspired,43,ep2,9537,rw_mmlu:moral_disputes,0.2601156069,0.2687861272,NVIDIA H100 80GB HBM3
wrap_inspired,43,ep2,9537,rw_mmlu:moral_scenarios,0.2379888268,0.2379888268,NVIDIA H100 80GB HBM3
wrap_inspired,43,ep2,9537,rw_mmlu:nutrition,0.2483660131,0.3071895425,NVIDIA H100 80GB HBM3
wrap_inspired,43,ep2,9537,rw_mmlu:philosophy,0.2765273312,0.2250803859,NVIDIA H100 80GB HBM3
wrap_inspired,43,ep2,9537,rw_mmlu:prehistory,0.3209876543,0.2654320988,NVIDIA H100 80GB HBM3
wrap_inspired,43,ep2,9537,rw_mmlu:professional_accounting,0.2659574468,0.2375886525,NVIDIA H100 80GB HBM3
wrap_inspired,43,ep2,9537,rw_mmlu:professional_law,0.2470664928,0.2516297262,NVIDIA H100 80GB HBM3
wrap_inspired,43,ep2,9537,rw_mmlu:professional_medicine,0.2500000000,0.2830882353,NVIDIA H100 80GB HBM3
wrap_inspired,43,ep2,9537,rw_mmlu:professional_psychology,0.2712418301,0.2777777778,NVIDIA H100 80GB HBM3
wrap_inspired,43,ep2,9537,rw_mmlu:public_relations,0.4272727273,0.2818181818,NVIDIA H100 80GB HBM3
wrap_inspired,43,ep2,9537,rw_mmlu:security_studies,0.3306122449,0.2653061224,NVIDIA H100 80GB HBM3
wrap_inspired,43,ep2,9537,rw_mmlu:sociology,0.2288557214,0.2388059701,NVIDIA H100 80GB HBM3
wrap_inspired,43,ep2,9537,rw_mmlu:us_foreign_policy,0.2600000000,0.2800000000,NVIDIA H100 80GB HBM3
wrap_inspired,43,ep2,9537,rw_mmlu:virology,0.2409638554,0.3373493976,NVIDIA H100 80GB HBM3
wrap_inspired,43,ep2,9537,rw_mmlu:world_religions,0.2923976608,0.3684210526,NVIDIA H100 80GB HBM3
wrap_inspired,43,ep2,9537,rw_openbookqa,0.1960000000,0.3280000000,NVIDIA H100 80GB HBM3
wrap_inspired,43,ep2,9537,rw_piqa,0.6991294886,0.7072905332,NVIDIA H100 80GB HBM3
wrap_inspired,43,ep2,9537,rw_siqa,0.3920163767,0.4063459570,NVIDIA H100 80GB HBM3
wrap_inspired,44,ep3,14305,rw_arc:easy,0.6060606061,0.5054713805,NVIDIA H100 80GB HBM3
wrap_inspired,44,ep3,14305,rw_commonsense_qa,0.3521703522,0.3284193284,NVIDIA H100 80GB HBM3
wrap_inspired,44,ep3,14305,rw_hellaswag,0.3856801434,0.4751045608,NVIDIA H100 80GB HBM3
wrap_inspired,44,ep3,14305,rw_mmlu:_average,0.2889599363,0.2961484276,NVIDIA H100 80GB HBM3
wrap_inspired,44,ep3,14305,rw_mmlu:abstract_algebra,0.1900000000,0.2100000000,NVIDIA H100 80GB HBM3
wrap_inspired,44,ep3,14305,rw_mmlu:anatomy,0.3629629630,0.3185185185,NVIDIA H100 80GB HBM3
wrap_inspired,44,ep3,14305,rw_mmlu:astronomy,0.2828947368,0.3815789474,NVIDIA H100 80GB HBM3
wrap_inspired,44,ep3,14305,rw_mmlu:business_ethics,0.5300000000,0.3800000000,NVIDIA H100 80GB HBM3
wrap_inspired,44,ep3,14305,rw_mmlu:clinical_knowledge,0.2566037736,0.3433962264,NVIDIA H100 80GB HBM3
wrap_inspired,44,ep3,14305,rw_mmlu:college_biology,0.3402777778,0.3125000000,NVIDIA H100 80GB HBM3
wrap_inspired,44,ep3,14305,rw_mmlu:college_chemistry,0.3200000000,0.2800000000,NVIDIA H100 80GB HBM3
wrap_inspired,44,ep3,14305,rw_mmlu:college_computer_science,0.3100000000,0.2500000000,NVIDIA H100 80GB HBM3
wrap_inspired,44,ep3,14305,rw_mmlu:college_mathematics,0.1500000000,0.1900000000,NVIDIA H100 80GB HBM3
wrap_inspired,44,ep3,14305,rw_mmlu:college_medicine,0.2601156069,0.2254335260,NVIDIA H100 80GB HBM3
wrap_inspired,44,ep3,14305,rw_mmlu:college_physics,0.2156862745,0.2156862745,NVIDIA H100 80GB HBM3
wrap_inspired,44,ep3,14305,rw_mmlu:computer_security,0.2800000000,0.3100000000,NVIDIA H100 80GB HBM3
wrap_inspired,44,ep3,14305,rw_mmlu:conceptual_physics,0.3872340426,0.2893617021,NVIDIA H100 80GB HBM3
wrap_inspired,44,ep3,14305,rw_mmlu:econometrics,0.2192982456,0.2456140351,NVIDIA H100 80GB HBM3
wrap_inspired,44,ep3,14305,rw_mmlu:electrical_engineering,0.2482758621,0.2896551724,NVIDIA H100 80GB HBM3
wrap_inspired,44,ep3,14305,rw_mmlu:elementary_mathematics,0.2354497354,0.2354497354,NVIDIA H100 80GB HBM3
wrap_inspired,44,ep3,14305,rw_mmlu:formal_logic,0.3015873016,0.3174603175,NVIDIA H100 80GB HBM3
wrap_inspired,44,ep3,14305,rw_mmlu:global_facts,0.2000000000,0.2200000000,NVIDIA H100 80GB HBM3
wrap_inspired,44,ep3,14305,rw_mmlu:high_school_biology,0.3161290323,0.3580645161,NVIDIA H100 80GB HBM3
wrap_inspired,44,ep3,14305,rw_mmlu:high_school_chemistry,0.1625615764,0.2216748768,NVIDIA H100 80GB HBM3
wrap_inspired,44,ep3,14305,rw_mmlu:high_school_computer_science,0.2400000000,0.2200000000,NVIDIA H100 80GB HBM3
wrap_inspired,44,ep3,14305,rw_mmlu:high_school_european_history,0.3030303030,0.3757575758,NVIDIA H100 80GB HBM3
wrap_inspired,44,ep3,14305,rw_mmlu:high_school_geography,0.3333333333,0.3787878788,NVIDIA H100 80GB HBM3
wrap_inspired,44,ep3,14305,rw_mmlu:high_school_government_and_politics,0.3678756477,0.3575129534,NVIDIA H100 80GB HBM3
wrap_inspired,44,ep3,14305,rw_mmlu:high_school_macroeconomics,0.2717948718,0.3564102564,NVIDIA H100 80GB HBM3
wrap_inspired,44,ep3,14305,rw_mmlu:high_school_mathematics,0.1518518519,0.1629629630,NVIDIA H100 80GB HBM3
wrap_inspired,44,ep3,14305,rw_mmlu:high_school_microeconomics,0.2899159664,0.3403361345,NVIDIA H100 80GB HBM3
wrap_inspired,44,ep3,14305,rw_mmlu:high_school_physics,0.2450331126,0.2119205298,NVIDIA H100 80GB HBM3
wrap_inspired,44,ep3,14305,rw_mmlu:high_school_psychology,0.3981651376,0.3614678899,NVIDIA H100 80GB HBM3
wrap_inspired,44,ep3,14305,rw_mmlu:high_school_statistics,0.2731481481,0.2685185185,NVIDIA H100 80GB HBM3
wrap_inspired,44,ep3,14305,rw_mmlu:high_school_us_history,0.2696078431,0.3431372549,NVIDIA H100 80GB HBM3
wrap_inspired,44,ep3,14305,rw_mmlu:high_school_world_history,0.2489451477,0.3080168776,NVIDIA H100 80GB HBM3
wrap_inspired,44,ep3,14305,rw_mmlu:human_aging,0.3991031390,0.3766816143,NVIDIA H100 80GB HBM3
wrap_inspired,44,ep3,14305,rw_mmlu:human_sexuality,0.4122137405,0.3893129771,NVIDIA H100 80GB HBM3
wrap_inspired,44,ep3,14305,rw_mmlu:international_law,0.1570247934,0.2231404959,NVIDIA H100 80GB HBM3
wrap_inspired,44,ep3,14305,rw_mmlu:jurisprudence,0.1851851852,0.2592592593,NVIDIA H100 80GB HBM3
wrap_inspired,44,ep3,14305,rw_mmlu:logical_fallacies,0.3251533742,0.3312883436,NVIDIA H100 80GB HBM3
wrap_inspired,44,ep3,14305,rw_mmlu:machine_learning,0.2857142857,0.2589285714,NVIDIA H100 80GB HBM3
wrap_inspired,44,ep3,14305,rw_mmlu:management,0.2815533981,0.3980582524,NVIDIA H100 80GB HBM3
wrap_inspired,44,ep3,14305,rw_mmlu:marketing,0.4102564103,0.4059829060,NVIDIA H100 80GB HBM3
wrap_inspired,44,ep3,14305,rw_mmlu:medical_genetics,0.2400000000,0.3100000000,NVIDIA H100 80GB HBM3
wrap_inspired,44,ep3,14305,rw_mmlu:miscellaneous,0.4150702427,0.3933588761,NVIDIA H100 80GB HBM3
wrap_inspired,44,ep3,14305,rw_mmlu:moral_disputes,0.2601156069,0.2687861272,NVIDIA H100 80GB HBM3
wrap_inspired,44,ep3,14305,rw_mmlu:moral_scenarios,0.2379888268,0.2379888268,NVIDIA H100 80GB HBM3
wrap_inspired,44,ep3,14305,rw_mmlu:nutrition,0.2810457516,0.3300653595,NVIDIA H100 80GB HBM3
wrap_inspired,44,ep3,14305,rw_mmlu:philosophy,0.2990353698,0.2411575563,NVIDIA H100 80GB HBM3
wrap_inspired,44,ep3,14305,rw_mmlu:prehistory,0.3549382716,0.2746913580,NVIDIA H100 80GB HBM3
wrap_inspired,44,ep3,14305,rw_mmlu:professional_accounting,0.2553191489,0.2198581560,NVIDIA H100 80GB HBM3
wrap_inspired,44,ep3,14305,rw_mmlu:professional_law,0.2359843546,0.2509778357,NVIDIA H100 80GB HBM3
wrap_inspired,44,ep3,14305,rw_mmlu:professional_medicine,0.2720588235,0.2977941176,NVIDIA H100 80GB HBM3
wrap_inspired,44,ep3,14305,rw_mmlu:professional_psychology,0.2875816993,0.2794117647,NVIDIA H100 80GB HBM3
wrap_inspired,44,ep3,14305,rw_mmlu:public_relations,0.4000000000,0.3000000000,NVIDIA H100 80GB HBM3
wrap_inspired,44,ep3,14305,rw_mmlu:security_studies,0.3224489796,0.2612244898,NVIDIA H100 80GB HBM3
wrap_inspired,44,ep3,14305,rw_mmlu:sociology,0.2686567164,0.2885572139,NVIDIA H100 80GB HBM3
wrap_inspired,44,ep3,14305,rw_mmlu:us_foreign_policy,0.3000000000,0.3000000000,NVIDIA H100 80GB HBM3
wrap_inspired,44,ep3,14305,rw_mmlu:virology,0.2891566265,0.3012048193,NVIDIA H100 80GB HBM3
wrap_inspired,44,ep3,14305,rw_mmlu:world_religions,0.3333333333,0.4035087719,NVIDIA H100 80GB HBM3
wrap_inspired,44,ep3,14305,rw_openbookqa,0.1800000000,0.3160000000,NVIDIA H100 80GB HBM3
wrap_inspired,44,ep3,14305,rw_piqa,0.7274211099,0.7149075082,NVIDIA H100 80GB HBM3
wrap_inspired,44,ep3,14305,rw_siqa,0.3889457523,0.3945752303,NVIDIA H100 80GB HBM3
wrap_inspired,44,ep1,4768,rw_arc:easy,0.5269360269,0.4524410774,NVIDIA H100 80GB HBM3
wrap_inspired,44,ep1,4768,rw_commonsense_qa,0.3128583129,0.3079443079,NVIDIA H100 80GB HBM3
wrap_inspired,44,ep1,4768,rw_hellaswag,0.3366859191,0.3961362278,NVIDIA H100 80GB HBM3
wrap_inspired,44,ep1,4768,rw_mmlu:_average,0.2745366677,0.2804764380,NVIDIA H100 80GB HBM3
wrap_inspired,44,ep1,4768,rw_mmlu:abstract_algebra,0.2000000000,0.2300000000,NVIDIA H100 80GB HBM3
wrap_inspired,44,ep1,4768,rw_mmlu:anatomy,0.3555555556,0.2888888889,NVIDIA H100 80GB HBM3
wrap_inspired,44,ep1,4768,rw_mmlu:astronomy,0.2368421053,0.3026315789,NVIDIA H100 80GB HBM3
wrap_inspired,44,ep1,4768,rw_mmlu:business_ethics,0.4800000000,0.3600000000,NVIDIA H100 80GB HBM3
wrap_inspired,44,ep1,4768,rw_mmlu:clinical_knowledge,0.2301886792,0.3471698113,NVIDIA H100 80GB HBM3
wrap_inspired,44,ep1,4768,rw_mmlu:college_biology,0.3263888889,0.2986111111,NVIDIA H100 80GB HBM3
wrap_inspired,44,ep1,4768,rw_mmlu:college_chemistry,0.2700000000,0.2400000000,NVIDIA H100 80GB HBM3
wrap_inspired,44,ep1,4768,rw_mmlu:college_computer_science,0.2700000000,0.2300000000,NVIDIA H100 80GB HBM3
wrap_inspired,44,ep1,4768,rw_mmlu:college_mathematics,0.1700000000,0.2400000000,NVIDIA H100 80GB HBM3
wrap_inspired,44,ep1,4768,rw_mmlu:college_medicine,0.2369942197,0.2312138728,NVIDIA H100 80GB HBM3
wrap_inspired,44,ep1,4768,rw_mmlu:college_physics,0.2843137255,0.2254901961,NVIDIA H100 80GB HBM3
wrap_inspired,44,ep1,4768,rw_mmlu:computer_security,0.2500000000,0.3200000000,NVIDIA H100 80GB HBM3
wrap_inspired,44,ep1,4768,rw_mmlu:conceptual_physics,0.3531914894,0.2553191489,NVIDIA H100 80GB HBM3
wrap_inspired,44,ep1,4768,rw_mmlu:econometrics,0.2368421053,0.2017543860,NVIDIA H100 80GB HBM3
wrap_inspired,44,ep1,4768,rw_mmlu:electrical_engineering,0.2620689655,0.3241379310,NVIDIA H100 80GB HBM3
wrap_inspired,44,ep1,4768,rw_mmlu:elementary_mathematics,0.2486772487,0.2486772487,NVIDIA H100 80GB HBM3
wrap_inspired,44,ep1,4768,rw_mmlu:formal_logic,0.3412698413,0.2857142857,NVIDIA H100 80GB HBM3
wrap_inspired,44,ep1,4768,rw_mmlu:global_facts,0.2100000000,0.2100000000,NVIDIA H100 80GB HBM3
wrap_inspired,44,ep1,4768,rw_mmlu:high_school_biology,0.2741935484,0.3258064516,NVIDIA H100 80GB HBM3
wrap_inspired,44,ep1,4768,rw_mmlu:high_school_chemistry,0.1822660099,0.2216748768,NVIDIA H100 80GB HBM3
wrap_inspired,44,ep1,4768,rw_mmlu:high_school_computer_science,0.2300000000,0.2100000000,NVIDIA H100 80GB HBM3
wrap_inspired,44,ep1,4768,rw_mmlu:high_school_european_history,0.2727272727,0.3272727273,NVIDIA H100 80GB HBM3
wrap_inspired,44,ep1,4768,rw_mmlu:high_school_geography,0.3181818182,0.3838383838,NVIDIA H100 80GB HBM3
wrap_inspired,44,ep1,4768,rw_mmlu:high_school_government_and_politics,0.3212435233,0.3626943005,NVIDIA H100 80GB HBM3
wrap_inspired,44,ep1,4768,rw_mmlu:high_school_macroeconomics,0.2512820513,0.3076923077,NVIDIA H100 80GB HBM3
wrap_inspired,44,ep1,4768,rw_mmlu:high_school_mathematics,0.1518518519,0.1481481481,NVIDIA H100 80GB HBM3
wrap_inspired,44,ep1,4768,rw_mmlu:high_school_microeconomics,0.2857142857,0.3319327731,NVIDIA H100 80GB HBM3
wrap_inspired,44,ep1,4768,rw_mmlu:high_school_physics,0.2781456954,0.2649006623,NVIDIA H100 80GB HBM3
wrap_inspired,44,ep1,4768,rw_mmlu:high_school_psychology,0.3669724771,0.3211009174,NVIDIA H100 80GB HBM3
wrap_inspired,44,ep1,4768,rw_mmlu:high_school_statistics,0.2731481481,0.2500000000,NVIDIA H100 80GB HBM3
wrap_inspired,44,ep1,4768,rw_mmlu:high_school_us_history,0.2352941176,0.3235294118,NVIDIA H100 80GB HBM3
wrap_inspired,44,ep1,4768,rw_mmlu:high_school_world_history,0.2573839662,0.2869198312,NVIDIA H100 80GB HBM3
wrap_inspired,44,ep1,4768,rw_mmlu:human_aging,0.3408071749,0.3408071749,NVIDIA H100 80GB HBM3
wrap_inspired,44,ep1,4768,rw_mmlu:human_sexuality,0.3511450382,0.3893129771,NVIDIA H100 80GB HBM3
wrap_inspired,44,ep1,4768,rw_mmlu:international_law,0.1652892562,0.2644628099,NVIDIA H100 80GB HBM3
wrap_inspired,44,ep1,4768,rw_mmlu:jurisprudence,0.2314814815,0.2222222222,NVIDIA H100 80GB HBM3
wrap_inspired,44,ep1,4768,rw_mmlu:logical_fallacies,0.2822085890,0.2883435583,NVIDIA H100 80GB HBM3
wrap_inspired,44,ep1,4768,rw_mmlu:machine_learning,0.2589285714,0.2410714286,NVIDIA H100 80GB HBM3
wrap_inspired,44,ep1,4768,rw_mmlu:management,0.3203883495,0.3883495146,NVIDIA H100 80GB HBM3
wrap_inspired,44,ep1,4768,rw_mmlu:marketing,0.3931623932,0.4273504274,NVIDIA H100 80GB HBM3
wrap_inspired,44,ep1,4768,rw_mmlu:medical_genetics,0.2200000000,0.3000000000,NVIDIA H100 80GB HBM3
wrap_inspired,44,ep1,4768,rw_mmlu:miscellaneous,0.3499361430,0.3435504470,NVIDIA H100 80GB HBM3
wrap_inspired,44,ep1,4768,rw_mmlu:moral_disputes,0.2485549133,0.2658959538,NVIDIA H100 80GB HBM3
wrap_inspired,44,ep1,4768,rw_mmlu:moral_scenarios,0.2379888268,0.2379888268,NVIDIA H100 80GB HBM3
wrap_inspired,44,ep1,4768,rw_mmlu:nutrition,0.2647058824,0.3006535948,NVIDIA H100 80GB HBM3
wrap_inspired,44,ep1,4768,rw_mmlu:philosophy,0.2347266881,0.1864951768,NVIDIA H100 80GB HBM3
wrap_inspired,44,ep1,4768,rw_mmlu:prehistory,0.3209876543,0.2376543210,NVIDIA H100 80GB HBM3
wrap_inspired,44,ep1,4768,rw_mmlu:professional_accounting,0.2659574468,0.2446808511,NVIDIA H100 80GB HBM3
wrap_inspired,44,ep1,4768,rw_mmlu:professional_law,0.2346805737,0.2535853977,NVIDIA H100 80GB HBM3
wrap_inspired,44,ep1,4768,rw_mmlu:professional_medicine,0.2389705882,0.2941176471,NVIDIA H100 80GB HBM3
wrap_inspired,44,ep1,4768,rw_mmlu:professional_psychology,0.2777777778,0.2745098039,NVIDIA H100 80GB HBM3
wrap_inspired,44,ep1,4768,rw_mmlu:public_relations,0.4000000000,0.2545454545,NVIDIA H100 80GB HBM3
wrap_inspired,44,ep1,4768,rw_mmlu:security_studies,0.3102040816,0.2367346939,NVIDIA H100 80GB HBM3
wrap_inspired,44,ep1,4768,rw_mmlu:sociology,0.2437810945,0.2288557214,NVIDIA H100 80GB HBM3
wrap_inspired,44,ep1,4768,rw_mmlu:us_foreign_policy,0.2800000000,0.2800000000,NVIDIA H100 80GB HBM3
wrap_inspired,44,ep1,4768,rw_mmlu:virology,0.2530120482,0.2650602410,NVIDIA H100 80GB HBM3
wrap_inspired,44,ep1,4768,rw_mmlu:world_religions,0.2631578947,0.3157894737,NVIDIA H100 80GB HBM3
wrap_inspired,44,ep1,4768,rw_openbookqa,0.1560000000,0.3040000000,NVIDIA H100 80GB HBM3
wrap_inspired,44,ep1,4768,rw_piqa,0.6915125136,0.6893362350,NVIDIA H100 80GB HBM3
wrap_inspired,44,ep1,4768,rw_siqa,0.3925281474,0.3950870010,NVIDIA H100 80GB HBM3
wrap_inspired,44,ep2,9537,rw_arc:easy,0.5635521886,0.4823232323,NVIDIA H100 80GB HBM3
wrap_inspired,44,ep2,9537,rw_commonsense_qa,0.3505323505,0.3210483210,NVIDIA H100 80GB HBM3
wrap_inspired,44,ep2,9537,rw_hellaswag,0.3704441346,0.4487153953,NVIDIA H100 80GB HBM3
wrap_inspired,44,ep2,9537,rw_mmlu:_average,0.2813564246,0.2874599852,NVIDIA H100 80GB HBM3
wrap_inspired,44,ep2,9537,rw_mmlu:abstract_algebra,0.2200000000,0.2400000000,NVIDIA H100 80GB HBM3
wrap_inspired,44,ep2,9537,rw_mmlu:anatomy,0.3629629630,0.3037037037,NVIDIA H100 80GB HBM3
wrap_inspired,44,ep2,9537,rw_mmlu:astronomy,0.2631578947,0.3618421053,NVIDIA H100 80GB HBM3
wrap_inspired,44,ep2,9537,rw_mmlu:business_ethics,0.5100000000,0.3900000000,NVIDIA H100 80GB HBM3
wrap_inspired,44,ep2,9537,rw_mmlu:clinical_knowledge,0.2377358491,0.3283018868,NVIDIA H100 80GB HBM3
wrap_inspired,44,ep2,9537,rw_mmlu:college_biology,0.3472222222,0.2916666667,NVIDIA H100 80GB HBM3
wrap_inspired,44,ep2,9537,rw_mmlu:college_chemistry,0.3100000000,0.2900000000,NVIDIA H100 80GB HBM3
wrap_inspired,44,ep2,9537,rw_mmlu:college_computer_science,0.3000000000,0.2600000000,NVIDIA H100 80GB HBM3
wrap_inspired,44,ep2,9537,rw_mmlu:college_mathematics,0.1800000000,0.2400000000,NVIDIA H100 80GB HBM3
wrap_inspired,44,ep2,9537,rw_mmlu:college_medicine,0.2312138728,0.2023121387,NVIDIA H100 80GB HBM3
wrap_inspired,44,ep2,9537,rw_mmlu:college_physics,0.1666666667,0.1862745098,NVIDIA H100 80GB HBM3
wrap_inspired,44,ep2,9537,rw_mmlu:computer_security,0.2900000000,0.2800000000,NVIDIA H100 80GB HBM3
wrap_inspired,44,ep2,9537,rw_mmlu:conceptual_physics,0.3531914894,0.2723404255,NVIDIA H100 80GB HBM3
wrap_inspired,44,ep2,9537,rw_mmlu:econometrics,0.2017543860,0.2192982456,NVIDIA H100 80GB HBM3
wrap_inspired,44,ep2,9537,rw_mmlu:electrical_engineering,0.2689655172,0.3034482759,NVIDIA H100 80GB HBM3
wrap_inspired,44,ep2,9537,rw_mmlu:elementary_mathematics,0.2380952381,0.2539682540,NVIDIA H100 80GB HBM3
wrap_inspired,44,ep2,9537,rw_mmlu:formal_logic,0.3095238095,0.2936507937,NVIDIA H100 80GB HBM3
wrap_inspired,44,ep2,9537,rw_mmlu:global_facts,0.2200000000,0.2400000000,NVIDIA H100 80GB HBM3
wrap_inspired,44,ep2,9537,rw_mmlu:high_school_biology,0.3129032258,0.3290322581,NVIDIA H100 80GB HBM3
wrap_inspired,44,ep2,9537,rw_mmlu:high_school_chemistry,0.1970443350,0.2118226601,NVIDIA H100 80GB HBM3
wrap_inspired,44,ep2,9537,rw_mmlu:high_school_computer_science,0.2400000000,0.2200000000,NVIDIA H100 80GB HBM3
wrap_inspired,44,ep2,9537,rw_mmlu:high_school_european_history,0.2787878788,0.3393939394,NVIDIA H100 80GB HBM3
wrap_inspired,44,ep2,9537,rw_mmlu:high_school_geography,0.3030303030,0.3484848485,NVIDIA H100 80GB HBM3
wrap_inspired,44,ep2,9537,rw_mmlu:high_school_government_and_politics,0.3367875648,0.3471502591,NVIDIA H100 80GB HBM3
wrap_inspired,44,ep2,9537,rw_mmlu:high_school_macroeconomics,0.2512820513,0.3333333333,NVIDIA H100 80GB HBM3
wrap_inspired,44,ep2,9537,rw_mmlu:high_school_mathematics,0.1407407407,0.1148148148,NVIDIA H100 80GB HBM3
wrap_inspired,44,ep2,9537,rw_mmlu:high_school_microeconomics,0.2941176471,0.3361344538,NVIDIA H100 80GB HBM3
wrap_inspired,44,ep2,9537,rw_mmlu:high_school_physics,0.2649006623,0.2185430464,NVIDIA H100 80GB HBM3
wrap_inspired,44,ep2,9537,rw_mmlu:high_school_psychology,0.3871559633,0.3431192661,NVIDIA H100 80GB HBM3
wrap_inspired,44,ep2,9537,rw_mmlu:high_school_statistics,0.2638888889,0.2777777778,NVIDIA H100 80GB HBM3
wrap_inspired,44,ep2,9537,rw_mmlu:high_school_us_history,0.2647058824,0.3431372549,NVIDIA H100 80GB HBM3
wrap_inspired,44,ep2,9537,rw_mmlu:high_school_world_history,0.2573839662,0.3122362869,NVIDIA H100 80GB HBM3
wrap_inspired,44,ep2,9537,rw_mmlu:human_aging,0.3946188341,0.3766816143,NVIDIA H100 80GB HBM3
wrap_inspired,44,ep2,9537,rw_mmlu:human_sexuality,0.3664122137,0.3435114504,NVIDIA H100 80GB HBM3
wrap_inspired,44,ep2,9537,rw_mmlu:international_law,0.1818181818,0.2231404959,NVIDIA H100 80GB HBM3
wrap_inspired,44,ep2,9537,rw_mmlu:jurisprudence,0.1666666667,0.2685185185,NVIDIA H100 80GB HBM3
wrap_inspired,44,ep2,9537,rw_mmlu:logical_fallacies,0.2944785276,0.3067484663,NVIDIA H100 80GB HBM3
wrap_inspired,44,ep2,9537,rw_mmlu:machine_learning,0.2857142857,0.2410714286,NVIDIA H100 80GB HBM3
wrap_inspired,44,ep2,9537,rw_mmlu:management,0.2912621359,0.3689320388,NVIDIA H100 80GB HBM3
wrap_inspired,44,ep2,9537,rw_mmlu:marketing,0.4017094017,0.4145299145,NVIDIA H100 80GB HBM3
wrap_inspired,44,ep2,9537,rw_mmlu:medical_genetics,0.2200000000,0.3000000000,NVIDIA H100 80GB HBM3
wrap_inspired,44,ep2,9537,rw_mmlu:miscellaneous,0.3959131545,0.3882503193,NVIDIA H100 80GB HBM3
wrap_inspired,44,ep2,9537,rw_mmlu:moral_disputes,0.2601156069,0.2543352601,NVIDIA H100 80GB HBM3
wrap_inspired,44,ep2,9537,rw_mmlu:moral_scenarios,0.2379888268,0.2379888268,NVIDIA H100 80GB HBM3
wrap_inspired,44,ep2,9537,rw_mmlu:nutrition,0.2647058824,0.3235294118,NVIDIA H100 80GB HBM3
wrap_inspired,44,ep2,9537,rw_mmlu:philosophy,0.2765273312,0.2475884244,NVIDIA H100 80GB HBM3
wrap_inspired,44,ep2,9537,rw_mmlu:prehistory,0.3518518519,0.2530864198,NVIDIA H100 80GB HBM3
wrap_inspired,44,ep2,9537,rw_mmlu:professional_accounting,0.2482269504,0.2056737589,NVIDIA H100 80GB HBM3
wrap_inspired,44,ep2,9537,rw_mmlu:professional_law,0.2418513690,0.2542372881,NVIDIA H100 80GB HBM3
wrap_inspired,44,ep2,9537,rw_mmlu:professional_medicine,0.2573529412,0.2941176471,NVIDIA H100 80GB HBM3
wrap_inspired,44,ep2,9537,rw_mmlu:professional_psychology,0.2859477124,0.2777777778,NVIDIA H100 80GB HBM3
wrap_inspired,44,ep2,9537,rw_mmlu:public_relations,0.4000000000,0.2727272727,NVIDIA H100 80GB HBM3
wrap_inspired,44,ep2,9537,rw_mmlu:security_studies,0.3061224490,0.2530612245,NVIDIA H100 80GB HBM3
wrap_inspired,44,ep2,9537,rw_mmlu:sociology,0.2537313433,0.2587064677,NVIDIA H100 80GB HBM3
wrap_inspired,44,ep2,9537,rw_mmlu:us_foreign_policy,0.3000000000,0.2900000000,NVIDIA H100 80GB HBM3
wrap_inspired,44,ep2,9537,rw_mmlu:virology,0.2469879518,0.3132530120,NVIDIA H100 80GB HBM3
wrap_inspired,44,ep2,9537,rw_mmlu:world_religions,0.3040935673,0.3859649123,NVIDIA H100 80GB HBM3
wrap_inspired,44,ep2,9537,rw_openbookqa,0.1800000000,0.3240000000,NVIDIA H100 80GB HBM3
wrap_inspired,44,ep2,9537,rw_piqa,0.7062023939,0.6936887922,NVIDIA H100 80GB HBM3
wrap_inspired,44,ep2,9537,rw_siqa,0.3828045036,0.3920163767,NVIDIA H100 80GB HBM3
